pair,strategy,side,sweep_time_utc,signal_time_utc,entry_time_utc,exit_time_utc,entry_price,stop_price,target_price,exit_price,exit_reason,risk_distance,planned_rr,gross_R,cost_R,net_R,range_low_at_sweep,range_high_at_sweep
AUDUSD,auction_mean_reversion_b,LONG,2026-09-23T15:50:00+00:00,2026-09-23T16:15:00+00:00,2026-09-23T16:20:00+00:00,2026-09-23T16:50:00+00:00,0.70374,0.70318,0.707715,0.70318,stop,0.0005600000000000049,7.0982142857141355,-1.0,0.2678571428571405,-1.2678571428571406,0.70334,0.71209
AUDUSD,auction_mean_reversion_b,LONG,2026-09-23T18:45:00+00:00,2026-09-23T19:05:00+00:00,2026-09-23T19:10:00+00:00,2026-09-23T21:50:00+00:00,0.70414,0.70358,0.70733,0.70358,stop,0.0005600000000000049,5.696428571428568,-1.0,0.2678571428571405,-1.2678571428571406,0.70257,0.71209
AUDUSD,auction_mean_reversion_b,LONG,2026-09-24T00:50:00+00:00,2026-09-24T01:05:00+00:00,2026-09-24T01:10:00+00:00,2026-09-24T01:30:00+00:00,0.70356,0.7028800000000001,0.70711,0.7028800000000001,stop,0.0006799999999999029,5.220588235294941,-1.0,0.22058823529414917,-1.2205882352941493,0.70257,0.71165
AUDUSD,auction_mean_reversion_b,LONG,2026-09-24T04:05:00+00:00,2026-09-24T04:25:00+00:00,2026-09-24T04:30:00+00:00,2026-09-24T09:10:00+00:00,0.7031,0.70264,0.7061900000000001,0.70264,stop,0.00045999999999990493,6.717391304349537,-1.0,0.3260869565218066,-1.3260869565218065,0.70174,0.71064
AUDUSD,auction_mean_reversion_b,LONG,2026-09-24T20:30:00+00:00,2026-09-24T20:45:00+00:00,2026-09-24T20:50:00+00:00,2026-09-24T23:45:00+00:00,0.701,0.70068,0.702535,0.70068,stop,0.00031999999999998696,4.796875000000396,-1.0,0.46875000000001915,-1.468750000000019,0.70057,0.7045
AUDUSD,auction_mean_reversion_b,SHORT,2026-09-25T10:15:00+00:00,2026-09-25T10:35:00+00:00,2026-09-25T10:40:00+00:00,2026-09-25T11:05:00+00:00,0.70291,0.70322,0.7019,0.70322,stop,0.00030999999999992145,3.258064516130072,-1.0,0.4838709677420581,-1.483870967742058,0.7004,0.7034
AUDUSD,auction_mean_reversion_b,SHORT,2026-09-25T11:15:00+00:00,2026-09-25T11:35:00+00:00,2026-09-25T11:40:00+00:00,2026-09-25T14:05:00+00:00,0.703,0.70368,0.701995,0.701995,target,0.0006800000000000139,1.4779411764704442,1.4779411764704442,0.22058823529411314,1.2573529411763311,0.7004,0.70359
EURUSD,auction_mean_reversion_b,LONG,2026-09-17T02:35:00+00:00,2026-09-17T03:05:00+00:00,2026-09-17T03:10:00+00:00,2026-09-18T03:05:00+00:00,1.146,1.14556,1.150605,1.14821,time_exit,0.00043999999999999595,10.465909090909625,5.022727272727422,0.3409090909090941,4.681818181818327,1.14555,1.15566
EURUSD,auction_mean_reversion_b,LONG,2026-09-18T12:25:00+00:00,2026-09-18T12:45:00+00:00,2026-09-18T12:50:00+00:00,2026-09-18T17:00:00+00:00,1.14653,1.1454399999999998,1.147735,1.147735,target,0.0010900000000002574,1.105504587155611,1.105504587155611,0.13761467889905007,0.967889908256561,1.1457,1.14977
EURUSD,auction_mean_reversion_b,LONG,2026-09-22T17:25:00+00:00,2026-09-22T17:45:00+00:00,2026-09-22T17:50:00+00:00,2026-09-22T19:35:00+00:00,1.14352,1.1430099999999999,1.145375,1.145375,target,0.0005100000000002325,3.637254901959009,3.637254901959009,0.2941176470586895,3.343137254900319,1.14293,1.14782
EURUSD,auction_mean_reversion_b,LONG,2026-09-23T15:50:00+00:00,2026-09-23T16:15:00+00:00,2026-09-23T16:20:00+00:00,2026-09-23T16:45:00+00:00,1.13947,1.1387072857142857,1.141925,1.1387072857142857,stop,0.0007627142857142832,3.2187675594682017,-1.0,0.19666604233002502,-1.196666042330025,1.13835,1.1455
EURUSD,auction_mean_reversion_b,LONG,2026-09-24T12:05:00+00:00,2026-09-24T12:20:00+00:00,2026-09-24T12:25:00+00:00,2026-09-24T12:30:00+00:00,1.13706,1.13638,1.138875,1.13638,stop,0.0006800000000000139,2.669117647058948,-1.0,0.22058823529411314,-1.220588235294113,1.13616,1.14159
EURUSD,auction_mean_reversion_b,SHORT,2026-09-25T08:15:00+00:00,2026-09-25T08:35:00+00:00,2026-09-25T08:40:00+00:00,2026-09-25T09:10:00+00:00,1.13877,1.13941,1.1376249999999999,1.13941,stop,0.0006399999999999739,1.7890625000003442,-1.0,0.23437500000000958,-1.2343750000000095,1.13592,1.13933
GBPUSD,auction_mean_reversion_b,LONG,2026-09-15T06:50:00+00:00,2026-09-15T07:05:00+00:00,2026-09-15T07:10:00+00:00,2026-09-15T11:30:00+00:00,1.34726,1.34636,1.348875,1.348875,target,0.0008999999999999009,1.7944444444448022,1.7944444444448022,0.16666666666668503,1.6277777777781173,1.34639,1.35136
GBPUSD,auction_mean_reversion_b,LONG,2026-09-16T12:30:00+00:00,2026-09-16T12:45:00+00:00,2026-09-16T12:50:00+00:00,2026-09-16T15:45:00+00:00,1.34582,1.34453,1.347245,1.34453,stop,0.0012900000000000134,1.1046511627906936,-1.0,0.11627906976744067,-1.1162790697674407,1.34471,1.34978
GBPUSD,auction_mean_reversion_b,LONG,2026-09-17T02:55:00+00:00,2026-09-17T03:10:00+00:00,2026-09-17T03:15:00+00:00,2026-09-17T11:05:00+00:00,1.33742,1.3368799999999998,1.343365,1.3368799999999998,stop,0.000540000000000207,11.009259259254794,-1.0,0.2777777777776713,-1.2777777777776713,1.33695,1.34978
GBPUSD,auction_mean_reversion_b,LONG,2026-09-17T11:20:00+00:00,2026-09-17T11:40:00+00:00,2026-09-17T11:45:00+00:00,2026-09-17T15:30:00+00:00,1.33706,1.3348891428571428,1.3408099999999998,1.3348891428571428,stop,0.002170857142857141,1.7274282705974904,-1.0,0.06909713082390109,-1.069097130823901,1.33499,1.34663
GBPUSD,auction_mean_reversion_b,LONG,2026-09-18T12:30:00+00:00,2026-09-18T12:45:00+00:00,2026-09-18T12:50:00+00:00,2026-09-18T14:55:00+00:00,1.33453,1.3334899999999998,1.33654,1.33654,target,0.001040000000000152,1.93269230769209,1.93269230769209,0.14423076923074818,1.788461538461342,1.33355,1.33953
GBPUSD,auction_mean_reversion_b,SHORT,2026-09-21T00:40:00+00:00,2026-09-21T00:55:00+00:00,2026-09-21T01:00:00+00:00,2026-09-21T11:40:00+00:00,1.33877,1.3393400000000002,1.3366799999999999,1.3393400000000002,stop,0.0005700000000001815,3.666666666665758,-1.0,0.2631578947367583,-1.2631578947367583,1.33354,1.33982
GBPUSD,auction_mean_reversion_b,SHORT,2026-09-21T12:05:00+00:00,2026-09-21T12:35:00+00:00,2026-09-21T12:40:00+00:00,2026-09-21T15:50:00+00:00,1.339,1.34007,1.336725,1.336725,target,0.0010700000000001264,2.1261682242988393,2.1261682242988393,0.1401869158878339,1.9859813084110054,1.33354,1.33991
GBPUSD,auction_mean_reversion_b,LONG,2026-09-22T01:45:00+00:00,2026-09-22T02:00:00+00:00,2026-09-22T02:05:00+00:00,2026-09-22T03:25:00+00:00,1.33664,1.33615,1.338025,1.338025,target,0.0004900000000001015,2.8265306122442504,2.8265306122442504,0.30612244897952845,2.520408163264722,1.33603,1.34002
GBPUSD,auction_mean_reversion_b,LONG,2026-09-23T02:10:00+00:00,2026-09-23T02:25:00+00:00,2026-09-23T02:30:00+00:00,2026-09-23T03:05:00+00:00,1.33266,1.3321999999999998,1.33542,1.3321999999999998,stop,0.000460000000000127,5.999999999998552,-1.0,0.32608695652164915,-1.326086956521649,1.33214,1.3387
GBPUSD,auction_mean_reversion_b,LONG,2026-09-23T08:15:00+00:00,2026-09-23T08:35:00+00:00,2026-09-23T08:40:00+00:00,2026-09-23T09:15:00+00:00,1.33083,1.3292899999999999,1.33341,1.3292899999999999,stop,0.0015400000000000968,1.6753246753245874,-1.0,0.09740259740259129,-1.0974025974025914,1.32948,1.33734
GBPUSD,auction_mean_reversion_b,LONG,2026-09-23T12:45:00+00:00,2026-09-23T13:00:00+00:00,2026-09-23T13:05:00+00:00,2026-09-23T13:45:00+00:00,1.32766,1.3262699999999998,1.3314750000000002,1.3262699999999998,stop,0.0013900000000002244,2.7446043165464085,-1.0,0.1079136690647308,-1.1079136690647309,1.32634,1.33661
GBPUSD,auction_mean_reversion_b,LONG,2026-09-23T17:05:00+00:00,2026-09-23T17:20:00+00:00,2026-09-23T17:25:00+00:00,2026-09-24T10:15:00+00:00,1.32335,1.3222765,1.328705,1.3222765,stop,0.0010734999999999495,4.98835584536586,-1.0,0.13972985561248913,-1.139729855612489,1.32247,1.33494
GBPUSD,auction_mean_reversion_b,LONG,2026-09-25T03:50:00+00:00,2026-09-25T04:05:00+00:00,2026-09-25T04:10:00+00:00,2026-09-25T07:55:00+00:00,1.32131,1.32097,1.323005,1.323005,target,0.00034000000000000696,4.985294117646963,4.985294117646963,0.4411764705882263,4.544117647058736,1.32042,1.32559
NZDUSD,auction_mean_reversion_b,LONG,2026-09-15T12:20:00+00:00,2026-09-15T12:45:00+00:00,2026-09-15T12:50:00+00:00,2026-09-15T13:20:00+00:00,0.57622,0.57548,0.57704,0.57548,stop,0.0007399999999999629,1.1081081081082216,-1.0,0.20270270270271287,-1.2027027027027128,0.5752,0.57888
NZDUSD,auction_mean_reversion_b,LONG,2026-09-18T10:45:00+00:00,2026-09-18T11:00:00+00:00,2026-09-18T11:05:00+00:00,2026-09-18T11:25:00+00:00,0.5719,0.57114,0.573125,0.57114,stop,0.0007599999999999829,1.6118421052632357,-1.0,0.19736842105263602,-1.197368421052636,0.5712,0.57505
NZDUSD,auction_mean_reversion_b,LONG,2026-09-18T13:40:00+00:00,2026-09-18T14:05:00+00:00,2026-09-18T14:10:00+00:00,2026-09-20T22:05:00+00:00,0.57116,0.57055,0.572615,0.572615,target,0.0006099999999999994,2.3852459016393204,2.3852459016393204,0.24590163934426254,2.139344262295058,0.57062,0.57461
NZDUSD,auction_mean_reversion_b,SHORT,2026-09-21T12:05:00+00:00,2026-09-21T12:25:00+00:00,2026-09-21T12:30:00+00:00,2026-09-21T14:00:00+00:00,0.57322,0.57389,0.57214,0.57214,target,0.0006700000000000594,1.6119402985072748,1.6119402985072748,0.22388059701490554,1.3880597014923692,0.5706,0.57368
NZDUSD,auction_mean_reversion_b,LONG,2026-09-23T08:15:00+00:00,2026-09-23T08:35:00+00:00,2026-09-23T08:40:00+00:00,2026-09-23T11:20:00+00:00,0.57028,0.56953,0.57226,0.56953,stop,0.0007500000000000284,2.639999999999876,-1.0,0.19999999999999243,-1.1999999999999924,0.56964,0.57488
NZDUSD,auction_mean_reversion_b,LONG,2026-09-23T15:50:00+00:00,2026-09-23T16:05:00+00:00,2026-09-23T16:10:00+00:00,2026-09-23T16:45:00+00:00,0.56722,0.56678,0.570055,0.56678,stop,0.00043999999999999595,6.44318181818195,-1.0,0.3409090909090941,-1.3409090909090942,0.56681,0.5733
NZDUSD,auction_mean_reversion_b,LONG,2026-09-25T03:00:00+00:00,2026-09-25T03:20:00+00:00,2026-09-25T03:25:00+00:00,2026-09-25T06:20:00+00:00,0.56529,0.56497,0.56671,0.56671,target,0.00031999999999998696,4.437500000000456,4.437500000000456,0.46875000000001915,3.9687500000004365,0.56501,0.56841
USDCAD,auction_mean_reversion_b,SHORT,2026-09-17T06:15:00+00:00,2026-09-17T06:40:00+00:00,2026-09-17T06:45:00+00:00,2026-09-17T11:05:00+00:00,1.39855,1.3997000000000002,1.396105,1.3997000000000002,stop,0.0011500000000002064,2.1260869565213842,-1.0,0.13043478260867225,-1.1304347826086723,1.39238,1.39983
USDCAD,auction_mean_reversion_b,SHORT,2026-09-17T16:05:00+00:00,2026-09-17T16:25:00+00:00,2026-09-17T16:30:00+00:00,2026-09-18T06:30:00+00:00,1.39874,1.39979,1.39659,1.39979,stop,0.0010499999999999954,2.0476190476191483,-1.0,0.1428571428571435,-1.1428571428571435,1.39304,1.40014
USDCAD,auction_mean_reversion_b,SHORT,2026-09-18T07:25:00+00:00,2026-09-18T07:40:00+00:00,2026-09-18T07:45:00+00:00,2026-09-18T09:10:00+00:00,1.39988,1.4004400000000001,1.398865,1.4004400000000001,stop,0.000560000000000116,1.8124999999996034,-1.0,0.2678571428570874,-1.2678571428570873,1.39738,1.40035
USDCAD,auction_mean_reversion_b,SHORT,2026-09-18T09:15:00+00:00,2026-09-18T09:30:00+00:00,2026-09-18T09:35:00+00:00,2026-09-18T10:45:00+00:00,1.40014,1.4006200000000002,1.398965,1.4006200000000002,stop,0.000480000000000258,2.447916666665197,-1.0,0.3124999999998321,-1.3124999999998321,1.39738,1.40055
USDCAD,auction_mean_reversion_b,SHORT,2026-09-18T15:05:00+00:00,2026-09-18T15:20:00+00:00,2026-09-18T15:25:00+00:00,2026-09-18T17:15:00+00:00,1.40082,1.4014600000000002,1.39953,1.39953,target,0.000640000000000196,2.0156249999994036,2.0156249999994036,0.23437499999992825,1.7812499999994753,1.39762,1.40144
USDCAD,auction_mean_reversion_b,SHORT,2026-09-21T06:20:00+00:00,2026-09-21T06:45:00+00:00,2026-09-21T06:50:00+00:00,2026-09-21T07:10:00+00:00,1.40161,1.40226,1.400125,1.40226,stop,0.0006500000000000394,2.2846153846151824,-1.0,0.2307692307692168,-1.2307692307692168,1.39812,1.40213
USDCAD,auction_mean_reversion_b,SHORT,2026-09-21T10:35:00+00:00,2026-09-21T10:55:00+00:00,2026-09-21T11:00:00+00:00,2026-09-21T11:45:00+00:00,1.40167,1.40233,1.40022,1.40022,target,0.000660000000000105,2.196969696969274,2.196969696969274,0.22727272727269116,1.969696969696583,1.39812,1.40232
USDCAD,auction_mean_reversion_b,SHORT,2026-09-21T17:05:00+00:00,2026-09-21T17:25:00+00:00,2026-09-21T17:30:00+00:00,2026-09-21T17:55:00+00:00,1.40283,1.40328,1.40066,1.40328,stop,0.00045000000000006146,4.822222222221575,-1.0,0.33333333333328785,-1.3333333333332877,1.39812,1.4032
USDCAD,auction_mean_reversion_b,SHORT,2026-09-22T16:15:00+00:00,2026-09-22T16:30:00+00:00,2026-09-22T16:35:00+00:00,2026-09-22T17:05:00+00:00,1.40719,1.4079300000000001,1.40502,1.4079300000000001,stop,0.000740000000000185,2.932432432431707,-1.0,0.20270270270265206,-1.202702702702652,1.40231,1.40773
USDCAD,auction_mean_reversion_b,SHORT,2026-09-22T17:40:00+00:00,2026-09-22T18:05:00+00:00,2026-09-22T18:10:00+00:00,2026-09-23T03:50:00+00:00,1.40728,1.4084500000000002,1.4053399999999998,1.4084500000000002,stop,0.0011700000000001154,1.6581196581197295,-1.0,0.12820512820511556,-1.1282051282051155,1.40248,1.4082
USDCAD,auction_mean_reversion_b,SHORT,2026-09-23T06:15:00+00:00,2026-09-23T06:35:00+00:00,2026-09-23T06:40:00+00:00,2026-09-23T07:55:00+00:00,1.40817,1.4088800000000001,1.40564,1.4088800000000001,stop,0.0007100000000002105,3.5633802816889735,-1.0,0.21126760563374022,-1.2112676056337401,1.40248,1.4088
USDCAD,auction_mean_reversion_b,SHORT,2026-09-23T10:15:00+00:00,2026-09-23T10:40:00+00:00,2026-09-23T10:45:00+00:00,2026-09-23T11:20:00+00:00,1.40844,1.4088500000000002,1.406125,1.4088500000000002,stop,0.0004100000000002435,5.646341463410902,-1.0,0.36585365853636814,-1.365853658536368,1.40308,1.40917
USDCAD,auction_mean_reversion_b,SHORT,2026-09-23T15:50:00+00:00,2026-09-23T16:15:00+00:00,2026-09-23T16:20:00+00:00,2026-09-23T17:00:00+00:00,1.40958,1.41057,1.4081299999999999,1.41057,stop,0.0009900000000000464,1.4646464646465711,-1.0,0.15151515151514444,-1.1515151515151445,1.40565,1.41061
USDCAD,auction_mean_reversion_b,SHORT,2026-09-24T00:50:00+00:00,2026-09-24T01:05:00+00:00,2026-09-24T01:10:00+00:00,2026-09-24T02:05:00+00:00,1.41063,1.4112900000000002,1.40878,1.4112900000000002,stop,0.000660000000000105,2.803030303030053,-1.0,0.22727272727269116,-1.227272727272691,1.40644,1.41112
USDCAD,auction_mean_reversion_b,SHORT,2026-09-24T11:05:00+00:00,2026-09-24T11:25:00+00:00,2026-09-24T11:30:00+00:00,2026-09-24T12:35:00+00:00,1.4113,1.41202,1.410035,1.41202,stop,0.0007200000000000539,1.7569444444444122,-1.0,0.20833333333331774,-1.2083333333333177,1.40817,1.4119
USDCAD,auction_mean_reversion_b,SHORT,2026-09-24T15:40:00+00:00,2026-09-24T15:55:00+00:00,2026-09-24T16:00:00+00:00,2026-09-25T05:45:00+00:00,1.4141,1.415,1.4119950000000001,1.415,stop,0.0009000000000001229,2.338888888888349,-1.0,0.16666666666664393,-1.1666666666666439,1.40911,1.41488
USDCHF,auction_mean_reversion_b,SHORT,2026-09-16T01:35:00+00:00,2026-09-16T02:05:00+00:00,2026-09-16T02:10:00+00:00,2026-09-16T04:40:00+00:00,0.81933,0.81971,0.81829,0.81829,target,0.00038000000000004697,2.736842105262927,2.736842105262927,0.3947368421052144,2.3421052631577126,0.81667,0.81991
USDCHF,auction_mean_reversion_b,LONG,2026-09-21T00:40:00+00:00,2026-09-21T00:55:00+00:00,2026-09-21T01:00:00+00:00,2026-09-21T07:10:00+00:00,0.82247,0.8219,0.823785,0.823785,target,0.0005700000000000705,2.3070175438592853,2.3070175438592853,0.2631578947368096,2.0438596491224756,0.82159,0.82598
USDCHF,auction_mean_reversion_b,LONG,2026-09-22T09:55:00+00:00,2026-09-22T10:10:00+00:00,2026-09-22T10:15:00+00:00,2026-09-22T14:40:00+00:00,0.8193,0.8182769285714285,0.82089,0.82089,target,0.0010230714285714981,1.5541436849820716,1.5541436849820716,0.14661732877189537,1.4075263562101763,0.81859,0.82319
USDCHF,auction_mean_reversion_b,SHORT,2026-09-22T16:15:00+00:00,2026-09-22T16:30:00+00:00,2026-09-22T16:35:00+00:00,2026-09-22T19:30:00+00:00,0.822,0.82236,0.820405,0.820405,target,0.00036000000000002697,4.430555555554951,4.430555555554951,0.4166666666666355,4.0138888888883155,0.81834,0.82247
USDCHF,auction_mean_reversion_b,SHORT,2026-09-23T08:15:00+00:00,2026-09-23T08:35:00+00:00,2026-09-23T08:40:00+00:00,2026-09-23T10:40:00+00:00,0.82227,0.82329,0.82068,0.82329,stop,0.0010200000000000209,1.5588235294117134,-1.0,0.14705882352940877,-1.1470588235294088,0.81834,0.82302
USDCHF,auction_mean_reversion_b,SHORT,2026-09-23T10:45:00+00:00,2026-09-23T11:10:00+00:00,2026-09-23T11:15:00+00:00,2026-09-23T12:25:00+00:00,0.8224,0.82348,0.8208599999999999,0.82348,stop,0.0010799999999999699,1.4259259259260553,-1.0,0.13888888888889278,-1.1388888888888928,0.81834,0.82338
USDCHF,auction_mean_reversion_b,SHORT,2026-09-23T12:30:00+00:00,2026-09-23T12:50:00+00:00,2026-09-23T12:55:00+00:00,2026-09-23T13:15:00+00:00,0.82328,0.82378,0.8213349999999999,0.82378,stop,0.0004999999999999449,3.8900000000005996,-1.0,0.3000000000000331,-1.3000000000000331,0.81904,0.82363
USDCHF,auction_mean_reversion_b,SHORT,2026-09-23T20:50:00+00:00,2026-09-23T21:05:00+00:00,2026-09-23T21:10:00+00:00,2026-09-24T00:15:00+00:00,0.82472,0.82541,0.822965,0.82541,stop,0.0006899999999999684,2.5434782608697715,-1.0,0.21739130434783605,-1.217391304347836,0.81992,0.82601
USDCHF,auction_mean_reversion_b,SHORT,2026-09-24T00:50:00+00:00,2026-09-24T01:10:00+00:00,2026-09-24T01:15:00+00:00,2026-09-24T07:05:00+00:00,0.82463,0.82569,0.8232550000000001,0.8232550000000001,target,0.001060000000000061,1.2971698113205896,1.2971698113205896,0.14150943396225604,1.1556603773583336,0.8205,0.82601
USDCHF,auction_mean_reversion_b,SHORT,2026-09-24T09:10:00+00:00,2026-09-24T09:40:00+00:00,2026-09-24T09:45:00+00:00,2026-09-24T13:25:00+00:00,0.82757,0.8284715,0.8251649999999999,0.8284715,stop,0.0009014999999999995,2.667775929007324,-1.0,0.16638935108153088,-1.1663893510815309,0.82214,0.82819
USDCHF,auction_mean_reversion_b,SHORT,2026-09-25T03:50:00+00:00,2026-09-25T04:05:00+00:00,2026-09-25T04:10:00+00:00,2026-09-25T06:40:00+00:00,0.82901,0.82936,0.8262700000000001,0.82936,stop,0.00034999999999996145,7.8285714285721895,-1.0,0.4285714285714758,-1.428571428571476,0.82289,0.82965
USDCHF,auction_mean_reversion_b,SHORT,2026-09-25T07:40:00+00:00,2026-09-25T08:00:00+00:00,2026-09-25T08:05:00+00:00,2026-09-25T20:55:00+00:00,0.8292,0.82984,0.8263050000000001,0.82835,end_of_data,0.0006399999999999739,4.5234375000001545,1.3281250000000813,0.23437500000000958,1.0937500000000717,0.82289,0.82972
USDJPY,auction_mean_reversion_b,SHORT,2026-09-15T05:25:00+00:00,2026-09-15T05:40:00+00:00,2026-09-15T05:45:00+00:00,2026-09-15T06:50:00+00:00,154.804,154.9173357142857,154.474,154.9173357142857,stop,0.11333571428571076,2.9117035356402083,-1.0,0.13235016071091354,-1.1323501607109137,153.949,154.999
USDJPY,auction_mean_reversion_b,SHORT,2026-09-15T20:25:00+00:00,2026-09-15T20:55:00+00:00,2026-09-15T21:00:00+00:00,2026-09-15T23:00:00+00:00,155.045,155.156,154.723,155.156,stop,0.11100000000001842,2.9009009009001883,-1.0,0.13513513513511272,-1.1351351351351127,154.208,155.238
USDJPY,auction_mean_reversion_b,SHORT,2026-09-16T00:55:00+00:00,2026-09-16T01:10:00+00:00,2026-09-16T01:15:00+00:00,2026-09-16T01:25:00+00:00,155.32,155.4362,155.019,155.4362,stop,0.11620000000002051,2.5903614457825697,-1.0,0.12908777969016655,-1.1290877796901666,154.612,155.426
USDJPY,auction_mean_reversion_b,SHORT,2026-09-16T01:35:00+00:00,2026-09-16T02:05:00+00:00,2026-09-16T02:10:00+00:00,2026-09-16T06:15:00+00:00,155.328,155.49517857142857,155.053,155.053,target,0.16717857142856474,1.6449476607563485,1.6449476607563485,0.08972441785943533,1.555223242896913,154.626,155.48
USDJPY,auction_mean_reversion_b,SHORT,2026-09-17T01:00:00+00:00,2026-09-17T01:15:00+00:00,2026-09-17T01:20:00+00:00,2026-09-17T02:35:00+00:00,156.093,156.2749142857143,155.623,156.2749142857143,stop,0.18191428571429924,2.5836343646927498,-1.0,0.08245641589444966,-1.0824564158944496,154.832,156.414
USDJPY,auction_mean_reversion_b,SHORT,2026-09-18T08:50:00+00:00,2026-09-18T09:10:00+00:00,2026-09-18T09:15:00+00:00,2026-09-18T09:30:00+00:00,157.721,157.9210857142857,156.60899999999998,157.9210857142857,stop,0.20008571428570576,5.557618163644505,-1.0,0.07496787091246927,-1.0749678709124693,155.338,157.88
USDJPY,auction_mean_reversion_b,SHORT,2026-09-18T12:30:00+00:00,2026-09-18T12:50:00+00:00,2026-09-18T12:55:00+00:00,2026-09-18T16:25:00+00:00,157.765,157.9700357142857,156.697,156.697,target,0.20503571428571377,5.20884863264233,5.20884863264233,0.07315798641351699,5.135690646228813,155.339,158.055
USDJPY,auction_mean_reversion_b,SHORT,2026-09-22T01:55:00+00:00,2026-09-22T02:10:00+00:00,2026-09-22T02:15:00+00:00,2026-09-22T06:05:00+00:00,157.474,157.573,157.0845,157.573,stop,0.09900000000001796,3.934343434342702,-1.0,0.151515151515124,-1.151515151515124,156.618,157.551
USDJPY,auction_mean_reversion_b,SHORT,2026-09-23T04:00:00+00:00,2026-09-23T04:15:00+00:00,2026-09-23T04:20:00+00:00,2026-09-23T05:50:00+00:00,157.597,157.68,157.29950000000002,157.68,stop,0.08299999999999841,3.584337349397481,-1.0,0.18072289156626853,-1.1807228915662686,156.824,157.775
USDJPY,auction_mean_reversion_b,SHORT,2026-09-23T12:40:00+00:00,2026-09-23T12:55:00+00:00,2026-09-23T13:00:00+00:00,2026-09-23T13:10:00+00:00,157.889,157.99099999999999,157.56799999999998,157.99099999999999,stop,0.10199999999997544,3.147058823530428,-1.0,0.14705882352944716,-1.1470588235294472,157.162,157.974
USDJPY,auction_mean_reversion_b,SHORT,2026-09-24T11:55:00+00:00,2026-09-24T12:15:00+00:00,2026-09-24T12:20:00+00:00,2026-09-24T14:40:00+00:00,158.798,158.89214285714286,158.324,158.89214285714286,stop,0.09414285714285597,5.034901365705566,-1.0,0.15933232169954673,-1.1593323216995468,157.769,158.879
