pair,variant,signal_close_utc,regime_state,regime_score,liquidity_score,quality_score,multiplier,net_R,outcome,exit_reason
GBPUSD,gbpusd_swing2_choch_only,2026-09-03T23:10:00+00:00,RANGE_CONTRACTION,0.8595238095239965,0.8244047619049958,0.8437202380954463,1.1453020833334062,6.562500000002811,WIN,target
NZDUSD,config_default,2026-09-04T00:25:00+00:00,RANGE_CONTRACTION,0.6764423076923047,0.6000000000000001,0.6420432692307677,1.0747151442307687,0.2484076433120986,WIN,target
GBPUSD,gbpusd_swing2_choch_only,2026-09-04T05:35:00+00:00,RANGE_CONTRACTION,0.7273925544228761,0.6635548523206115,0.6986655884768571,1.0945329559669,0.2212389380532836,WIN,target
GBPUSD,gbpusd_swing2_choch_only,2026-09-04T16:25:00+00:00,OTHER,0.14300518134715615,0.6771157167530277,0.3833549222797984,0.9841742227979294,-1.0781249999999942,LOSS,stop
USDCAD,config_default,2026-09-04T16:30:00+00:00,OTHER,0.07000286163975411,0.6237068965517689,0.3191696773501608,0.9617093870725563,-1.0311850311850312,LOSS,stop
USDCAD,config_default,2026-09-04T18:25:00+00:00,OTHER,0.15,0.7500000000000001,0.4200000000000001,0.997,-1.15463917525771,LOSS,stop
EURUSD,eurusd_swing2_choch_or_bos,2026-09-04T20:50:00+00:00,OTHER,0.43500854319842663,0.6901041666666651,0.549801573759134,1.0424305508156968,-1.1181102362204833,LOSS,stop
EURUSD,eurusd_swing3_choch_or_bos,2026-09-06T21:25:00+00:00,RANGE_CONTRACTION,0.7734992216557085,0.9146118721461355,0.8369999143764006,1.1429499700317403,-1.0980392156862866,LOSS,stop
USDCAD,config_default,2026-09-07T00:05:00+00:00,RANGE_CONTRACTION,0.6968750000000048,0.6000000000000001,0.6532812500000027,1.078648437500001,0.4545454545455161,WIN,target
USDCAD,config_default,2026-09-07T06:55:00+00:00,RANGE_CONTRACTION,0.8333041012600143,0.7778867403316427,0.8083662888422471,1.1329282010947865,-1.3658536585365662,LOSS,stop
NZDUSD,config_default,2026-09-07T07:25:00+00:00,OTHER,0.13192355889675644,0.6000000000000001,0.34255795739321615,0.9698952850876257,-1.1304347826086973,LOSS,stop
USDJPY,config_default,2026-09-07T12:25:00+00:00,OTHER,0.10930117452945053,0.7084685349065436,0.3789264866991424,0.9826242703446998,0.30102519039250847,WIN,target
USDJPY,config_default,2026-09-07T15:00:00+00:00,OTHER,0.03563580799046224,0.6376937984496145,0.30656190369708075,0.9572966662939782,0.07485549132950922,WIN,target
USDCAD,config_default,2026-09-08T05:00:00+00:00,OTHER,0.029310344827581807,0.6000000000000001,0.28612068965517007,0.9501422413793095,0.23255813953494558,WIN,target
USDJPY,config_default,2026-09-08T09:30:00+00:00,OTHER,0.15,0.7445898778359453,0.41756544502617543,0.9961479057591613,-1.0003937007874015,LOSS,stop
USDCAD,config_default,2026-09-08T10:00:00+00:00,OTHER,0.15,0.696902654867253,0.39610619469026387,0.9886371681415923,-1.1339285714285703,LOSS,stop
NZDUSD,config_default,2026-09-08T10:05:00+00:00,OTHER,0.043661547726550946,0.6306571815717659,0.3078095829568977,0.9577333540349142,0.19834710743802642,WIN,target
USDJPY,config_default,2026-09-08T12:20:00+00:00,OTHER,0.4268844221106628,0.7500000000000001,0.5722864321608646,1.0503002512563027,-1.0011029411764707,LOSS,stop
USDJPY,config_default,2026-09-08T17:05:00+00:00,RANGE_CONTRACTION,0.7219689474084786,0.7284615384615418,0.7248906133823572,1.103711714683825,2.6951030927836466,WIN,target
AUDUSD,config_default,2026-09-08T17:55:00+00:00,RANGE_CONTRACTION,0.5168556123285436,0.6000000000000001,0.5542705867806991,1.0439947053732446,0.4642857142857328,WIN,target
USDCAD,config_default,2026-09-08T18:00:00+00:00,OTHER,0.19432056766851968,0.6000000000000001,0.3768763122176859,0.9819067092761901,-1.047619047619048,LOSS,stop
USDCAD,config_default,2026-09-08T20:10:00+00:00,OTHER,0.4715765402203156,0.6742937853107377,0.5627993005110056,1.046979755178852,-1.1260504201680646,LOSS,stop
USDJPY,config_default,2026-09-08T21:05:00+00:00,RANGE_CONTRACTION,0.8122568026627387,0.7238842851532943,0.7724891697834888,1.120371209424221,1.0681015452538758,WIN,target
USDCAD,config_default,2026-09-08T23:10:00+00:00,RANGE_CONTRACTION,0.7390000000000677,0.6625000000000721,0.7045750000000697,1.0966012500000244,0.35643564356438256,WIN,target
AUDUSD,config_default,2026-09-09T03:00:00+00:00,RANGE_CONTRACTION,0.6733100233100802,0.6083041958042728,0.6440574009324669,1.0754200903263633,0.09401709401703125,WIN,target
USDJPY,config_default,2026-09-09T03:40:00+00:00,RANGE_CONTRACTION,0.7655135092793917,0.733756038647325,0.7512226474949617,1.1129279266232366,0.18714880332983977,WIN,target
AUDUSD,config_default,2026-09-09T17:10:00+00:00,OTHER,0.1310052910051157,0.6236507936507901,0.3526957671956692,0.9734435185184842,-1.144230769230779,LOSS,stop
AUDUSD,config_default,2026-09-09T20:55:00+00:00,RANGE_CONTRACTION,0.661603537781048,0.6893939393939509,0.6741092185068542,1.085938226477399,-1.1923076923076916,LOSS,stop
NZDUSD,config_default,2026-09-10T16:05:00+00:00,OTHER,0.07068990145991066,0.6743453865336253,0.3423348697430823,0.9698172044100788,0.11821705426356137,WIN,target
GBPUSD,gbpusd_swing2_choch_only,2026-09-10T16:10:00+00:00,OTHER,0.0818611987381735,0.6227655099894877,0.32526813880126487,0.9638438485804427,1.0636942675159482,WIN,target
AUDUSD,config_default,2026-09-10T18:05:00+00:00,OTHER,0.054999999999998765,0.6000000000000001,0.3002499999999994,0.9550874999999998,0.5666666666666524,WIN,target
GBPUSD,gbpusd_swing2_choch_only,2026-09-10T23:05:00+00:00,RANGE_CONTRACTION,0.7680159889622463,0.688870891859235,0.7324006952658912,1.106340243343062,0.7049180327869016,WIN,target
EURUSD,eurusd_swing2_choch_or_bos,2026-09-11T07:05:00+00:00,RANGE_CONTRACTION,0.5930232632862689,0.6249122807017983,0.6073733211232571,1.06258066239314,0.7717391304346046,WIN,target
AUDUSD,config_default,2026-09-11T10:05:00+00:00,COMPRESSION_RELEASE,0.3121789990578597,0.7523058252428516,0.510236070841106,1.028582624794387,-1.0681818181818188,LOSS,stop
AUDUSD,config_default,2026-09-11T11:15:00+00:00,OTHER,0.20272804774097816,0.6000000000000001,0.3815004262575381,0.9835251491901383,-1.217391304347836,LOSS,stop
USDJPY,config_default,2026-09-11T19:30:00+00:00,RANGE_CONTRACTION,0.5013087549971991,0.6000000000000001,0.5457198152484596,1.0410019353369608,-1.0001950585175552,LOSS,stop
USDCAD,config_default,2026-09-14T12:15:00+00:00,OTHER,0.16149395835581118,0.7685794044665022,0.43468240910562217,1.0021388431869678,0.30545454545458367,WIN,target
USDCAD,config_default,2026-09-14T18:45:00+00:00,OTHER,0.17195844078266273,0.6782618144460943,0.399794958931207,0.9899282356259225,1.4561403508770934,WIN,target
USDCHF,config_default,2026-09-14T20:45:00+00:00,RANGE_CONTRACTION,0.5727520387454398,0.6575839918565183,0.6109264176454251,1.0638242461758987,-1.083798882681561,LOSS,stop
USDCAD,config_default,2026-09-15T15:15:00+00:00,OTHER,0.07042896924375501,0.6000000000000001,0.30873593308406533,0.9580575765794228,0.2951541850220461,WIN,target
USDCAD,config_default,2026-09-15T17:25:00+00:00,OTHER,0.22334728657433775,0.6789473684210245,0.42836732340534683,0.9999285631918714,1.7012987012988616,WIN,target
USDCAD,config_default,2026-09-15T23:05:00+00:00,RANGE_CONTRACTION,0.8695652173913025,0.8500000000000001,0.8607608695652165,1.1512663043478257,0.12068965517232366,WIN,target
USDCAD,config_default,2026-09-16T16:35:00+00:00,OTHER,0.029166666666658955,0.6000000000000001,0.2860416666666625,0.9501145833333319,0.29370629370625667,WIN,target
USDCAD,config_default,2026-09-16T17:05:00+00:00,OTHER,0.05183080808086842,0.6555555555556336,0.3235069444445128,0.9632274305555795,-0.01515151515154295,LOSS,target
EURUSD,eurusd_swing2_choch_or_bos,2026-09-21T02:00:00+00:00,RANGE_CONTRACTION,0.8279661016950336,0.784957627118792,0.8086122881357249,1.1330143008475038,-1.2112676056338063,LOSS,stop
EURUSD,eurusd_swing3_choch_or_bos,2026-09-21T02:50:00+00:00,RANGE_CONTRACTION,0.9115384615384448,0.8353690228690184,0.877262214137203,1.157041774948021,-1.1339285714285703,LOSS,stop
EURUSD,eurusd_swing2_choch_or_bos,2026-09-21T09:25:00+00:00,OTHER,0.37214092533568677,0.7500000000000001,0.5421775089346278,1.0397621281271197,-1.1973684210526072,LOSS,stop
EURUSD,eurusd_swing3_choch_or_bos,2026-09-21T09:50:00+00:00,OTHER,0.2890513606775526,0.720877847362884,0.48337327968595173,1.0191806478900831,-1.170454545454547,LOSS,stop
USDCAD,config_default,2026-09-22T00:00:00+00:00,RANGE_CONTRACTION,0.7278011204485231,0.6244670090262625,0.6813007703085059,1.088455269607977,0.6290322580646512,WIN,target
AUDUSD,config_default,2026-09-22T11:10:00+00:00,OTHER,0.17764227642284192,0.7359417344174426,0.42887703252041226,1.0001069613821443,1.2447552447552956,WIN,target
EURUSD,eurusd_swing2_choch_or_bos,2026-09-22T12:40:00+00:00,OTHER,0.1741013252142555,0.725201319330922,0.42209632256675544,0.9977337128983643,1.4655172413792041,WIN,target
EURUSD,eurusd_swing2_choch_or_bos,2026-09-22T13:25:00+00:00,OTHER,0.09843749999999675,0.6374999999999972,0.34101562499999694,0.9693554687499989,1.232704402515462,WIN,target
USDJPY,config_default,2026-09-22T13:45:00+00:00,OTHER,0.22543406155168258,0.8185773480663683,0.49234854048329113,1.022321989169152,-1.0002645502645502,LOSS,stop
EURUSD,eurusd_swing3_choch_or_bos,2026-09-22T14:15:00+00:00,OTHER,0.06036585365853083,0.6036585365853608,0.30484756097560434,0.9566966463414615,0.731707317073098,WIN,target
USDJPY,config_default,2026-09-22T19:35:00+00:00,COMPRESSION_RELEASE,0.6474307705240129,0.8909827760891538,0.7570291730283263,1.1149602105599141,-1.0004573170731708,LOSS,stop
AUDUSD,config_default,2026-09-22T20:30:00+00:00,RANGE_CONTRACTION,0.7140316284734117,0.7500000000000001,0.7302173956603766,1.1055760884811319,4.435897435897401,WIN,target
GBPUSD,gbpusd_swing2_choch_only,2026-09-22T21:05:00+00:00,RANGE_CONTRACTION,0.6176410728924838,0.6000000000000001,0.6097025900908661,1.063395906531803,0.56346749225999,WIN,target
EURUSD,eurusd_swing2_choch_or_bos,2026-09-22T22:50:00+00:00,RANGE_CONTRACTION,0.8710812304290926,0.775227942530754,0.8279472508748402,1.139781537806194,1.7191011235952867,WIN,target
EURUSD,eurusd_swing3_choch_or_bos,2026-09-23T01:05:00+00:00,RANGE_CONTRACTION,0.7761865877310011,0.663059695144846,0.7252794860672314,1.1038478201235309,1.4693877551020493,WIN,target
USDCAD,config_default,2026-09-23T11:20:00+00:00,OTHER,0.08980472354538227,0.6769836272039992,0.3540352301917599,0.9739123305671159,0.21568627450978134,WIN,target
USDCAD,config_default,2026-09-24T21:50:00+00:00,RANGE_CONTRACTION,0.5910909430242517,0.7280737704917859,0.6527332153846421,1.0784566253846246,0.5564516129032284,WIN,target
