trades,wins,losses,win_rate_pct,total_r,avg_r,profit_factor,max_drawdown_r,longest_losing_streak,variant,settings
132,49,83,37.12,-14.722405,-0.111533,0.822622,26.953797,14,baseline,{}
84,34,50,40.48,-14.15134,-0.168468,0.716973,21.41183,9,confirm_2_closes,{'confirm_bars': 2}
62,26,36,41.94,-12.930235,-0.208552,0.640827,14.041525,8,confirm_3_closes,{'confirm_bars': 3}
90,34,56,37.78,-5.076507,-0.056406,0.909348,18.404593,8,sweep_depth_5pct,{'min_sweep_range_pct': 0.05}
56,21,35,37.5,-6.963915,-0.124356,0.801031,16.677642,7,sweep_depth_10pct,{'min_sweep_range_pct': 0.1}
114,42,72,36.84,-12.660648,-0.111058,0.824158,26.651057,13,body_ratio_0.30,{'min_body_ratio': 0.3}
87,32,55,36.78,-8.184737,-0.094077,0.851187,22.781692,11,body_ratio_0.50,{'min_body_ratio': 0.5}
28,14,14,50.0,-5.852484,-0.209017,0.581965,6.273437,4,displacement_0.50_atr,{'min_displacement_atr': 0.5}
21,11,10,52.38,-4.479331,-0.213301,0.552067,6.549481,3,bos_after_reentry,{'require_bos': True}
80,29,51,36.25,-5.439125,-0.067989,0.89335,19.526227,8,sweep5_body30,"{'min_sweep_range_pct': 0.05, 'min_body_ratio': 0.3}"
63,23,40,36.51,-4.589508,-0.072849,0.885262,17.758266,7,sweep5_body50,"{'min_sweep_range_pct': 0.05, 'min_body_ratio': 0.5}"
59,24,35,40.68,-10.885067,-0.184493,0.688998,16.34376,5,sweep5_confirm2,"{'min_sweep_range_pct': 0.05, 'confirm_bars': 2}"
