instrument,symbol,side,signal_time,entry_time,entry,stop,equilibrium,target,exit_time,exit_price,exit_reason,r_multiple,htf_purge_time,liquidity_level,candles_between,sweep_size_atr,stop_distance_atr,target_distance_atr,equilibrium_distance_atr,entry_body_ratio,entry_wick_ratio,reentry_penetration_atr,session,range_ratio,volume_ratio,volatility_regime,execution_mode,htf_bias_aligned,htf_last_body_ratio,duration_min,target_le_6_atr,stop_le_1_atr,sweep_le_0.6_atr,body_ge_0.5,reentry_penetration_ge_0.1
AUDUSD,AUDUSD,SHORT,2026-09-03T09:30:00+00:00,2026-09-03T09:30:00+00:00,0.71848,0.7187276428571429,0.7165900000000001,0.71612,2026-09-03T10:45:00+00:00,0.7187276428571429,STOP,-1.0,2026-09-03T04:00:00+00:00,0.71851,2,0.3436692506460337,0.4479328165374485,4.268733850129207,3.41860465116266,0.5102040816326068,0.4897959183673931,0.0542635658914261,london,1.3466666666667042,1.5074701195219125,RANGE_EXPANSION,m15_4h,False,0.8823529411764369,75.0,True,True,True,True,False
AUDUSD,AUDUSD,SHORT,2026-09-04T06:15:00+00:00,2026-09-04T06:15:00+00:00,0.7207,0.7211949285714286,0.72068,0.71994,2026-09-04T07:45:00+00:00,0.71994,TARGET,0.7879924953094747,2026-09-04T02:00:00+00:00,0.72101,3,0.5693779904305785,1.6576555023923871,2.545454545454241,0.0669856459330748,0.6612903225806105,0.3387096774193895,1.0382775119617305,other,1.1929824561404605,1.155270655270655,RANGE_EXPANSION,m15_4h,False,0.399999999999778,90.0,True,False,True,True,True
AUDUSD,AUDUSD,LONG,2026-09-08T20:30:00+00:00,2026-09-08T20:30:00+00:00,0.7217,0.7214551785714285,0.72241,0.72308,2026-09-08T21:30:00+00:00,0.7214551785714285,STOP,-1.0,2026-09-08T16:00:00+00:00,0.72163,2,0.539759036144702,0.8259036144580686,4.655421686746416,2.3951807228913427,0.6153846153849767,0.3846153846150233,0.2361445783132837,new_york,0.6385542168673748,0.5979680696661829,RANGE_CONTRACTION,m15_4h,False,0.42857142857160985,60.0,True,True,True,True,True
AUDUSD,AUDUSD,SHORT,2026-09-15T14:00:00+00:00,2026-09-15T14:00:00+00:00,0.71278,0.71349675,0.712435,0.71181,2026-09-15T14:30:00+00:00,0.71278,BREAKEVEN,0.2406696895709157,2026-09-15T10:00:00+00:00,0.71285,4,1.8805970149253088,2.1395522388059613,2.8955223880592604,1.0298507462683768,0.9322033898306264,0.0677966101693735,0.2089552238806266,overlap,0.9577464788732748,1.367741935483871,RANGE_CONTRACTION,m15_4h,False,0.4636363636363774,30.0,True,False,False,True,True
AUDUSD,AUDUSD,LONG,2026-09-15T16:15:00+00:00,2026-09-15T16:15:00+00:00,0.71286,0.7124786071428572,0.712865,0.71324,2026-09-15T16:45:00+00:00,0.71324,TARGET,0.5047289072008153,2026-09-15T12:00:00+00:00,0.71264,3,0.3272120200334539,0.8914023372287899,0.8881469115190415,0.011686143572438,0.8620689655174922,0.1379310344825078,0.5141903171953165,new_york,1.3030303030302723,1.4820415879017013,RANGE_EXPANSION,m15_4h,False,0.2812499999997723,30.0,True,True,True,True,True
AUDUSD,AUDUSD,SHORT,2026-09-17T02:15:00+00:00,2026-09-17T02:15:00+00:00,0.70951,0.709804,0.708735,0.7083,2026-09-17T02:30:00+00:00,0.709804,STOP,-1.0,2026-09-16T22:00:00+00:00,0.70952,3,0.5416666666665098,0.6125000000000289,2.5208333333331723,1.6145833333332569,0.5238095238096748,0.4761904761903251,0.0208333333334696,other,1.30120481927721,1.53656914893617,TREND_EXPANSION,m15_4h,False,0.5384615384613632,15.0,True,True,True,True,False
AUDUSD,AUDUSD,LONG,2026-09-23T08:15:00+00:00,2026-09-23T08:15:00+00:00,0.70853,0.7080366071428572,0.710325,0.71083,2026-09-23T09:45:00+00:00,0.7080366071428572,STOP,-1.0,2026-09-23T04:00:00+00:00,0.70829,2,0.4916030534350253,1.0545801526716232,4.916030534351203,3.836641221374124,0.6166666666665895,0.3833333333334104,0.5129770992366927,london,1.719298245614124,1.7612752721617415,RANGE_EXPANSION,m15_4h,False,0.363636363636226,90.0,True,False,True,True,True
AUDUSD,AUDUSD,LONG,2026-09-23T21:15:00+00:00,2026-09-23T21:15:00+00:00,0.70407,0.7036929999999999,0.70411,0.70499,2026-09-23T21:45:00+00:00,0.7036929999999999,STOP,-1.0,2026-09-23T16:00:00+00:00,0.70389,3,0.5294117647060744,1.1088235294119528,2.705882352941215,0.1176470588236446,0.5116279069768223,0.4883720930231777,0.5294117647057479,other,0.5871559633026495,0.3810986011600136,RANGE_CONTRACTION,m15_4h,False,0.19642857142866701,30.0,True,False,True,True,True
AUDUSD,AUDUSD,LONG,2026-09-24T23:30:00+00:00,2026-09-24T23:30:00+00:00,0.70091,0.7007859818,0.70219,0.70331,2026-09-24T23:45:00+00:00,0.7007859818,STOP,-1.0,2026-09-24T18:00:00+00:00,0.70089,2,0.3589743589744611,0.4946594871797399,9.57264957264846,5.105413105412394,0.1612903225806682,0.8387096774193318,0.0797720797721516,other,0.4375000000001084,0.1840248377081569,RANGE_CONTRACTION,m15_4h,False,0.4912280701752848,15.0,False,True,True,False,False
EURUSD,EURUSD,SHORT,2026-09-03T04:45:00+00:00,2026-09-03T04:45:00+00:00,1.15954,1.1600531907999998,1.15868,1.15844,2026-09-03T06:30:00+00:00,1.1600531907999998,STOP,-1.0,2026-09-03T00:00:00+00:00,1.15979,2,0.6339622641503679,1.3555983396219966,2.9056603773585903,2.2716981132076355,0.7777777777779605,0.2222222222220394,0.6603773584907486,other,1.2222222222215369,1.6132167152575316,RANGE_EXPANSION,m15_4h,False,0.5849056603775087,105.0,True,False,False,True,True
EURUSD,EURUSD,SHORT,2026-09-07T12:45:00+00:00,2026-09-07T12:45:00+00:00,1.1625,1.16284325,1.161715,1.16103,2026-09-07T13:45:00+00:00,1.16284325,STOP,-1.0,2026-09-07T08:00:00+00:00,1.1627,6,0.347107438016221,0.9928719008258172,4.252066115702561,2.270661157024813,0.736842105262635,0.2631578947373649,0.5785123966941299,overlap,0.94202898550782,1.1767881241565452,RANGE_CONTRACTION,m15_4h,False,0.6438356164384061,60.0,True,True,True,True,True
EURUSD,EURUSD,SHORT,2026-09-10T07:45:00+00:00,2026-09-10T07:45:00+00:00,1.16399,1.1642032798,1.163475,1.16294,2026-09-10T09:00:00+00:00,1.16399,BREAKEVEN,1.2073342154306077,2026-09-10T02:00:00+00:00,1.16401,5,0.697947214076233,0.8756355425213633,4.3108504398825085,2.1143695014663693,0.3846153846151218,0.6153846153848782,0.0821114369497696,london,1.0408163265313428,2.08187134502924,TRANSITION,m15_4h,False,0.11475409836067961,75.0,True,True,False,False,False
EURUSD,EURUSD,SHORT,2026-09-15T15:30:00+00:00,2026-09-15T15:30:00+00:00,1.15404,1.15463725,1.1536499999999998,1.15323,2026-09-15T18:15:00+00:00,1.15404,BREAKEVEN,0.3264964420260499,2026-09-15T10:00:00+00:00,1.15448,6,0.2385321100916822,1.0958715596330442,1.4862385321100886,0.7155963302754542,0.8518518518521108,0.1481481481478892,0.8073394495412978,overlap,1.4459459459458892,1.7662983425414365,RANGE_EXPANSION,m15_4h,True,0.34146341463419916,165.0,True,False,True,True,True
EURUSD,EURUSD,LONG,2026-09-15T23:45:00+00:00,2026-09-15T23:45:00+00:00,1.15366,1.1534069268,1.15402,1.15437,2026-09-16T00:45:00+00:00,1.1534069268,STOP,-1.0,2026-09-15T18:00:00+00:00,1.15363,6,0.6451612903225411,0.8163651612900337,2.290322580645236,1.1612903225811468,0.25,0.75,0.0967741935483095,other,0.7042253521127024,0.2712275594371664,RANGE_CONTRACTION,m15_4h,False,0.35185185185190515,60.0,True,True,False,False,False
EURUSD,EURUSD,SHORT,2026-09-17T14:15:00+00:00,2026-09-17T14:15:00+00:00,1.14903,1.149806857142857,1.147275,1.14673,2026-09-18T11:15:00+00:00,1.14673,TARGET,2.609874954027565,2026-09-17T10:00:00+00:00,1.14912,2,0.8817829457365354,1.0538759689921435,3.1201550387598167,2.3808139534884347,0.7796610169488719,0.2203389830511281,0.1220930232557167,overlap,1.8076923076916729,2.203980099502488,RANGE_EXPANSION,m15_4h,False,0.636363636363514,1260.0,True,False,False,True,True
EURUSD,EURUSD,SHORT,2026-09-24T20:00:00+00:00,2026-09-24T20:00:00+00:00,1.13744,1.13787025,1.13713,1.13641,2026-09-24T20:30:00+00:00,1.13744,BREAKEVEN,0.3602556653109325,2026-09-24T16:00:00+00:00,1.13764,2,0.33057851239665,0.7111570247933144,1.702479338843078,0.5123966942149176,0.7857142857137193,0.2142857142862807,0.33057851239665,new_york,0.777777777777796,0.8308181096108023,RANGE_CONTRACTION,m15_4h,False,0.4631578947368347,30.0,True,True,True,True,True
GBPUSD,GBPUSD,LONG,2026-09-02T23:45:00+00:00,2026-09-02T23:45:00+00:00,1.34825,1.347993035,1.34943,1.35036,2026-09-03T07:45:00+00:00,1.35036,TARGET,6.401650030161214,2026-09-02T18:00:00+00:00,1.34812,4,0.3090507726268724,0.7941523178805523,6.520971302427902,3.64679911699737,0.5,0.5,0.4017660044148656,other,0.4341085271318683,0.234602463605823,RANGE_CONTRACTION,m15_4h,False,0.46666666666669954,480.0,False,True,True,True,True
GBPUSD,GBPUSD,SHORT,2026-09-03T04:45:00+00:00,2026-09-03T04:45:00+00:00,1.34935,1.349856987,1.348245,1.34802,2026-09-03T06:45:00+00:00,1.349856987,STOP,-1.0,2026-09-03T00:00:00+00:00,1.3496,2,0.5070866141736247,1.1177666141734075,2.9322834645671136,2.436220472441295,0.6981132075472409,0.301886792452759,0.5511811023619118,other,1.1343283582091828,1.2251103482099068,RANGE_EXPANSION,m15_4h,False,0.46551724137927736,120.0,True,False,True,True,True
GBPUSD,GBPUSD,SHORT,2026-09-08T22:30:00+00:00,2026-09-08T22:30:00+00:00,1.35401,1.3541970802,1.353625,1.35303,2026-09-08T23:15:00+00:00,1.3541970802,STOP,-1.0,2026-09-08T18:00:00+00:00,1.35413,5,0.1031307550645632,0.4823430570905997,2.5267034990792223,0.9926335174950612,0.9500000000007772,0.0499999999992228,0.3093922651936896,other,0.6525423728814485,0.2386942198262953,RANGE_CONTRACTION,m15_4h,False,0.9857142857141951,45.0,True,True,True,True,True
GBPUSD,GBPUSD,SHORT,2026-09-10T06:00:00+00:00,2026-09-10T06:00:00+00:00,1.35547,1.3558671094,1.355115,1.35445,2026-09-10T07:15:00+00:00,1.35547,BREAKEVEN,0.4469801017049042,2026-09-10T02:00:00+00:00,1.35563,4,0.6475770925112122,1.2245664317179643,3.1453744493395868,1.0947136563874147,0.6734693877548431,0.3265306122451569,0.4933920704844396,other,0.6805555555553371,0.8777227722772277,RANGE_CONTRACTION,m15_4h,False,0.2063492063491784,75.0,True,False,False,True,True
GBPUSD,GBPUSD,LONG,2026-09-13T22:30:00+00:00,2026-09-13T22:30:00+00:00,1.35222,1.3517429556,1.352595,1.35343,2026-09-14T00:15:00+00:00,1.35222,BREAKEVEN,0.3930451756692311,2026-09-11T16:00:00+00:00,1.35215,6,0.7940298507463226,0.9968091940297108,2.528358208954944,0.783582089552225,0.7567567567569514,0.2432432432430486,0.14626865671644,other,0.8090909090908486,0.3833036396029524,RANGE_CONTRACTION,m15_4h,False,0.39560439560422134,105.0,True,True,False,True,True
GBPUSD,GBPUSD,LONG,2026-09-14T09:15:00+00:00,2026-09-14T09:15:00+00:00,1.34836,1.3476320714285714,1.351125,1.35196,2026-09-14T12:30:00+00:00,1.3476320714285714,STOP,-1.0,2026-09-14T04:00:00+00:00,1.34796,2,0.3822975517892373,0.9596045197739894,4.745762711864437,3.6450094161960007,0.5909090909090725,0.4090909090909274,0.5273069679848723,london,2.175675675675635,1.617911615174032,RANGE_EXPANSION,m15_4h,False,0.9197530864196474,195.0,True,True,True,True,True
GBPUSD,GBPUSD,LONG,2026-09-15T21:30:00+00:00,2026-09-15T21:30:00+00:00,1.34714,1.3470030572,1.3484850000000002,1.34959,2026-09-15T21:45:00+00:00,1.3470030572,STOP,-1.0,2026-09-15T16:00:00+00:00,1.34709,3,0.1532846715327245,0.3498538686131163,6.259124087591737,3.436131386861885,0.0400000000002486,0.9599999999997512,0.1277372262776486,other,0.5370370370370751,0.3193637197919853,RANGE_CONTRACTION,m15_4h,False,0.5142857142858049,15.0,False,True,True,False,True
GBPUSD,GBPUSD,LONG,2026-09-16T20:30:00+00:00,2026-09-16T20:30:00+00:00,1.33806,1.3373810357142857,1.3453849999999998,1.34631,2026-09-17T00:45:00+00:00,1.3373810357142857,STOP,-1.0,2026-09-16T16:00:00+00:00,1.33793,4,0.3480062143966968,0.4922578974624767,5.981356809942684,5.310719834282385,0.6190476190476694,0.3809523809523306,0.0942516830657385,new_york,2.306306306305866,2.544323979591837,RANGE_EXPANSION,m15_4h,False,0.6556291390729216,255.0,True,True,True,True,False
GBPUSD,GBPUSD,SHORT,2026-09-18T00:15:00+00:00,2026-09-18T00:15:00+00:00,1.33589,1.3361367178,1.33539,1.33487,2026-09-18T00:45:00+00:00,1.3361367178,STOP,-1.0,2026-09-17T20:00:00+00:00,1.33591,6,0.5374280230325081,0.6629652975043228,2.7408829174661498,1.343570057581867,0.5483870967741473,0.4516129032258527,0.0537428023030121,other,0.5338983050848749,0.3009259259259259,RANGE_CONTRACTION,m15_4h,False,0.796610169491653,30.0,True,True,True,True,False
GBPUSD,GBPUSD,SHORT,2026-09-21T01:45:00+00:00,2026-09-21T01:45:00+00:00,1.3389,1.3393167780000002,1.33816,1.33692,2026-09-21T07:00:00+00:00,1.33692,TARGET,3.263128092172217,2026-09-18T18:00:00+00:00,1.3392,2,0.3206106870234019,1.4847053435119872,7.053435114502977,2.6361323155213547,0.8409090909090565,0.1590909090909435,1.068702290076161,other,0.6288659793815825,0.8449319213313162,RANGE_CONTRACTION,m15_4h,False,0.6727272727271773,315.0,False,False,True,True,True
GBPUSD,GBPUSD,SHORT,2026-09-22T05:00:00+00:00,2026-09-22T05:00:00+00:00,1.33847,1.3387267694,1.33679,1.3365,2026-09-22T07:30:00+00:00,1.3365,TARGET,7.107544746376304,2026-09-22T00:00:00+00:00,1.33851,2,0.4741532976825188,0.6407792513368552,4.9162210338684496,4.192513368983963,0.8461538461536491,0.1538461538463509,0.0998217468806761,other,0.9999999999996418,1.0424959655728887,TRANSITION,m15_4h,False,0.6562500000001626,150.0,True,True,True,True,False
GBPUSD,GBPUSD,LONG,2026-09-22T13:00:00+00:00,2026-09-22T13:00:00+00:00,1.33612,1.3352623928571428,1.33676,1.33809,2026-09-22T14:15:00+00:00,1.3352623928571428,STOP,-1.0,2026-09-22T08:00:00+00:00,1.33571,3,0.5451092117759222,1.140218423551876,2.619183285850062,0.8509021842355067,0.6813186813186116,0.3186813186813884,0.5451092117759222,overlap,1.2912621359222736,1.256326287585591,RANGE_EXPANSION,m15_4h,False,0.30054644808745956,75.0,True,False,True,True,True
NZDUSD,NZDUSD,LONG,2026-09-08T21:00:00+00:00,2026-09-08T21:00:00+00:00,0.58542,0.5852358571428572,0.585825,0.58633,2026-09-08T21:30:00+00:00,0.5852358571428572,STOP,-1.0,2026-09-08T16:00:00+00:00,0.58532,2,0.2474747474744223,0.6510101010101358,3.2171717171718086,1.4318181818182354,0.2773109243697863,0.7226890756302137,0.3535353535357302,other,0.6666666666666192,0.5753370340999207,RANGE_CONTRACTION,m15_4h,False,0.40000000000016656,30.0,True,True,True,False,True
NZDUSD,NZDUSD,SHORT,2026-09-08T22:30:00+00:00,2026-09-08T22:30:00+00:00,0.58551,0.5857125000000001,0.585385,0.58492,2026-09-08T23:15:00+00:00,0.5857125000000001,STOP,-1.0,2026-09-08T18:00:00+00:00,0.58557,3,0.2666666666666784,0.4500000000002203,1.311111111111025,0.2777777777776152,0.850000000000111,0.1499999999998889,0.1333333333334625,other,0.666666666666864,0.33083645443196,RANGE_CONTRACTION,m15_4h,False,0.9729729729728027,45.0,True,True,True,True,True
NZDUSD,NZDUSD,LONG,2026-09-11T15:15:00+00:00,2026-09-11T15:15:00+00:00,0.58167,0.5809804285714285,0.5825400000000001,0.58313,2026-09-13T21:00:00+00:00,0.5809804285714285,STOP,-1.0,2026-09-11T10:00:00+00:00,0.58166,5,0.8086642599277584,0.8712996389892675,1.8447653429602957,1.099277978339389,0.7058823529412149,0.2941176470587851,0.0126353790614545,overlap,2.230769230769176,2.0769864141622065,RANGE_EXPANSION,m15_4h,False,0.8470588235293925,3225.0,True,True,False,True,False
NZDUSD,NZDUSD,LONG,2026-09-11T17:15:00+00:00,2026-09-11T17:15:00+00:00,0.58187,0.58137475,0.582165,0.58253,2026-09-11T18:15:00+00:00,0.58137475,STOP,-1.0,2026-09-11T12:00:00+00:00,0.58157,2,0.3366336633663426,0.9806930693068232,1.3069306930692912,0.584158415841672,0.7045454545455349,0.2954545454544651,0.594059405940527,new_york,0.9425287356321854,1.2111416781292983,RANGE_CONTRACTION,m15_4h,False,0.060606060606121774,60.0,True,True,True,True,True
NZDUSD,NZDUSD,LONG,2026-09-16T17:15:00+00:00,2026-09-16T17:15:00+00:00,0.57574,0.5754535000000001,0.5760350000000001,0.57655,2026-09-16T18:00:00+00:00,0.57574,BREAKEVEN,0.51483420593382,2026-09-16T12:00:00+00:00,0.57573,4,0.7878787878785549,0.8681818181817064,2.45454545454535,0.8939393939395178,0.7727272727272957,0.2272727272727043,0.0303030303032283,new_york,0.7887323943660937,0.9819308208569952,RANGE_CONTRACTION,m15_4h,False,0.4423076923078442,45.0,True,True,False,True,False
NZDUSD,NZDUSD,LONG,2026-09-16T21:15:00+00:00,2026-09-16T21:15:00+00:00,0.57159,0.5708802500000001,0.575985,0.57639,2026-09-16T21:45:00+00:00,0.5708802500000001,STOP,-1.0,2026-09-16T16:00:00+00:00,0.57113,3,0.2010050251256108,0.7133165829145433,4.824120603015106,4.417085427135711,0.3928571428571358,0.6071428571428642,0.4623115577889718,other,1.6376811594203131,1.3695316520844056,RANGE_EXPANSION,m15_4h,False,0.41250000000005377,30.0,True,True,True,False,True
NZDUSD,NZDUSD,SHORT,2026-09-17T14:15:00+00:00,2026-09-17T14:15:00+00:00,0.57395,0.5745783214285715,0.573205,0.57255,2026-09-17T21:00:00+00:00,0.57255,TARGET,1.7069288921727943,2026-09-17T10:00:00+00:00,0.57435,2,0.3530895334173686,1.1092686002523473,2.4716267339217763,1.3152585119798357,0.8636363636364783,0.1363636363635216,0.7061790668349333,overlap,1.6029411764707058,1.837017994858612,RANGE_EXPANSION,m15_4h,False,0.5,405.0,True,False,True,True,True
NZDUSD,NZDUSD,LONG,2026-09-21T07:15:00+00:00,2026-09-21T07:15:00+00:00,0.57186,0.5713279285714286,0.572005,0.57234,2026-09-21T07:45:00+00:00,0.57234,TARGET,0.5873271580076138,2026-09-21T02:00:00+00:00,0.5717,4,1.4911242603550705,2.203846153846257,1.9881656804729675,0.6005917159760987,0.7500000000001261,0.2499999999998738,0.6627218934912956,london,0.921568627451104,1.088,RANGE_CONTRACTION,m15_4h,False,0.2878787878786579,30.0,True,False,False,True,True
NZDUSD,NZDUSD,SHORT,2026-09-25T13:45:00+00:00,2026-09-25T13:45:00+00:00,0.5668,0.5672138928571429,0.566465,0.56603,2026-09-25T14:00:00+00:00,0.56603,TARGET,1.334886530330294,2026-09-25T08:00:00+00:00,0.56697,3,0.4603886397608499,0.8661434977579349,1.6113602391628583,0.7010463378176104,0.558139534883853,0.4418604651161469,0.355754857997031,overlap,1.5714285714285967,1.670287887017925,RANGE_EXPANSION,m15_4h,False,0.022222222222244153,15.0,True,True,True,True,True
USDCAD,USDCAD,LONG,2026-09-03T20:15:00+00:00,2026-09-03T20:15:00+00:00,1.37905,1.378262419,1.37929,1.38033,2026-09-03T21:15:00+00:00,1.37905,BREAKEVEN,0.1523652805234991,2026-09-03T16:00:00+00:00,1.37864,4,0.7814992025520516,1.758554066986226,2.858054226475366,0.5358851674641931,0.914285714285805,0.085714285714195,0.915470494417976,new_york,0.6126760563380821,0.5456122095039889,RANGE_CONTRACTION,m15_4h,False,0.7234042553192093,60.0,True,False,False,True,True
USDCAD,USDCAD,SHORT,2026-09-04T00:30:00+00:00,2026-09-04T00:30:00+00:00,1.3791,1.379427582,1.379005,1.37843,2026-09-04T01:00:00+00:00,1.3791,BREAKEVEN,0.1450018621291377,2026-09-03T20:00:00+00:00,1.37923,2,0.6086956521740168,1.1729278772378031,2.398976982097361,0.3401534526853162,0.7837837837835567,0.2162162162164433,0.4654731457799901,other,0.5229357798162558,0.3393854748603352,RANGE_CONTRACTION,m15_4h,False,0.7592592592593201,30.0,True,False,False,True,True
USDCAD,USDCAD,SHORT,2026-09-04T14:15:00+00:00,2026-09-04T14:15:00+00:00,1.38527,1.3860975357142855,1.38028,1.37996,2026-09-08T05:30:00+00:00,1.37996,TARGET,6.223296361831451,2026-09-04T10:00:00+00:00,1.38581,2,0.1354214647628094,0.5336480884385162,3.424228466144567,3.217871948410885,0.5504587155962518,0.4495412844037482,0.3482266236757139,overlap,3.5714285714288887,3.7123098201936378,RANGE_EXPANSION,m15_4h,False,0.2916666666667052,5235.0,True,True,True,True,True
USDCAD,USDCAD,LONG,2026-09-07T14:15:00+00:00,2026-09-07T14:15:00+00:00,1.38094,1.3804623812,1.38252,1.38314,2026-09-07T23:45:00+00:00,1.3804623812,STOP,-1.0,2026-09-07T10:00:00+00:00,1.38092,4,0.9162861491626252,1.017756955859804,4.687975646879263,3.366818873667684,0.9230769230770106,0.0769230769229893,0.0426179604264547,overlap,1.1911764705877887,0.8638297872340426,RANGE_EXPANSION,m15_4h,False,0.6785714285709754,570.0,True,False,False,True,False
USDCAD,USDCAD,SHORT,2026-09-08T20:30:00+00:00,2026-09-08T20:30:00+00:00,1.3783,1.378767566,1.37729,1.37596,2026-09-08T21:30:00+00:00,1.378767566,STOP,-1.0,2026-09-08T16:00:00+00:00,1.37837,4,0.7719821162442201,0.9755475409833612,4.882265275706952,2.1073025335319957,0.2315789473683005,0.7684210526316995,0.1460506706408359,new_york,0.7954545454547175,0.6237446197991392,RANGE_CONTRACTION,m15_4h,False,0.2567567567565743,60.0,True,True,False,False,True
USDCAD,USDCAD,LONG,2026-09-09T04:30:00+00:00,2026-09-09T04:30:00+00:00,1.37746,1.3772424508,1.378075,1.37854,2026-09-09T05:00:00+00:00,1.3772424508,STOP,-1.0,2026-09-09T00:00:00+00:00,1.37739,2,0.3766816143494444,0.6828898654703096,3.390134529148485,1.9304932735426452,0.695652173912246,0.304347826087754,0.2197309417040749,other,0.7083333333333848,0.8480565371024735,RANGE_CONTRACTION,m15_4h,False,0.7272727272729108,30.0,True,True,True,True,True
USDCAD,USDCAD,LONG,2026-09-14T22:30:00+00:00,2026-09-14T22:30:00+00:00,1.38998,1.3898622004,1.39054,1.39129,2026-09-14T22:45:00+00:00,1.3898622004,STOP,-1.0,2026-09-14T18:00:00+00:00,1.38994,2,0.1966292134826751,0.4632568539322108,5.1516853932577895,2.20224719101155,1.0,0.0,0.157303370786664,other,0.4051724137930605,0.1992391821207798,RANGE_CONTRACTION,m15_4h,False,0.31818181818204755,15.0,True,True,True,True,True
USDCAD,USDCAD,SHORT,2026-09-17T10:00:00+00:00,2026-09-17T10:00:00+00:00,1.39905,1.399467981,1.3990200000000002,1.39869,2026-09-17T10:30:00+00:00,1.39905,BREAKEVEN,0.0358867986819396,2026-09-17T06:00:00+00:00,1.39908,3,0.7789799072640643,0.9044411128284056,0.7789799072640643,0.0649149922714848,0.5416666666669494,0.4583333333330506,0.0649149922724457,london,1.372881355932331,1.1730295566502462,RANGE_EXPANSION,m15_4h,False,0.9175257731960155,30.0,True,True,False,True,False
USDCAD,USDCAD,SHORT,2026-09-17T21:45:00+00:00,2026-09-17T21:45:00+00:00,1.39926,1.3993779852,1.39852,1.39738,2026-09-18T05:45:00+00:00,1.39926,BREAKEVEN,3.135986547460594,2026-09-17T16:00:00+00:00,1.3993,2,0.1846965699212252,0.4358292348291038,6.944591029022977,2.733509234828228,0.4000000000004441,0.5999999999995559,0.1477572559368161,other,0.4455445544553062,0.4850985786336543,RANGE_CONTRACTION,m15_4h,False,0.746031746031897,480.0,False,True,True,False,True
USDCAD,USDCAD,SHORT,2026-09-23T12:30:00+00:00,2026-09-23T12:30:00+00:00,1.40914,1.4093481827999998,1.408535,1.40808,2026-09-23T12:45:00+00:00,1.4093481827999998,STOP,-1.0,2026-09-23T08:00:00+00:00,1.4092,2,0.2568807339447361,0.4456512538221807,2.2691131498472283,1.2951070336390742,0.3777777777777339,0.6222222222222661,0.128440366972368,overlap,1.3055555555553755,1.131396083385976,RANGE_EXPANSION,m15_4h,False,0.44594594594588916,15.0,True,True,True,False,True
USDCAD,USDCAD,LONG,2026-09-24T21:15:00+00:00,2026-09-24T21:15:00+00:00,1.41364,1.4129117272,1.41405,1.41495,2026-09-25T04:45:00+00:00,1.41495,TARGET,1.180876177168761,2026-09-24T16:00:00+00:00,1.41361,4,1.5685618729096111,1.704986488294315,3.066889632106906,0.9598662207358564,0.937500000000954,0.0624999999990459,0.0702341137123163,other,0.7592592592593201,0.5934504792332268,RANGE_CONTRACTION,m15_4h,False,0.16312056737602054,450.0,True,False,False,True,False
USDCAD,USDCAD,LONG,2026-09-25T13:45:00+00:00,2026-09-25T13:45:00+00:00,1.41416,1.4137115714285715,1.41487,1.41544,2026-09-25T14:45:00+00:00,1.41416,BREAKEVEN,0.7916533928002412,2026-09-25T08:00:00+00:00,1.41405,5,0.5452261306533561,0.7886934673367313,2.2512562814070782,1.2487437185930192,0.5384615384616173,0.4615384615383827,0.1934673366835245,overlap,1.83823529411757,1.342400946185689,RANGE_EXPANSION,m15_4h,False,0.4791666666666056,60.0,True,True,True,True,True
USDCHF,USDCHF,LONG,2026-09-03T04:45:00+00:00,2026-09-03T04:45:00+00:00,0.81181,0.811453,0.8128949999999999,0.81314,2026-09-03T05:15:00+00:00,0.811453,STOP,-1.0,2026-09-03T00:00:00+00:00,0.81176,5,0.852941176470687,1.0500000000002283,3.911764705882468,3.191176470588149,0.6250000000002776,0.3749999999997224,0.1470588235294062,other,1.033333333332988,1.5469208211143697,TRANSITION,m15_4h,False,0.6557377049179611,30.0,True,False,False,True,True
USDCHF,USDCHF,LONG,2026-09-03T15:30:00+00:00,2026-09-03T15:30:00+00:00,0.80771,0.8073687142857143,0.8091999999999999,0.81002,2026-09-03T15:45:00+00:00,0.8073687142857143,STOP,-1.0,2026-09-03T10:00:00+00:00,0.80768,3,0.2534818941503498,0.3327298050139283,2.2520891364902047,1.4526462395542197,0.3555555555555363,0.6444444444444636,0.0292479108635934,overlap,1.729729729729846,1.656862745098039,RANGE_EXPANSION,m15_4h,False,0.0,15.0,True,True,True,False,False
USDCHF,USDCHF,LONG,2026-09-07T14:15:00+00:00,2026-09-07T14:15:00+00:00,0.80891,0.8086503214285714,0.8092699999999999,0.81006,2026-09-07T23:15:00+00:00,0.80891,BREAKEVEN,0.6931646265985469,2026-09-07T10:00:00+00:00,0.80884,2,0.4319419237749536,0.6598003629764947,2.9219600725951747,0.9147005444643752,0.475000000000111,0.524999999999889,0.1778584392014846,overlap,1.242857142857136,1.2003841229193342,RANGE_EXPANSION,m15_4h,False,0.38709677419353683,540.0,True,True,True,False,True
USDCHF,USDCHF,SHORT,2026-09-11T17:15:00+00:00,2026-09-11T17:15:00+00:00,0.81595,0.8163800714285715,0.8150999999999999,0.81428,2026-09-11T18:15:00+00:00,0.8163800714285715,STOP,-1.0,2026-09-11T12:00:00+00:00,0.81616,4,0.3159144893111911,0.7150831353920882,2.776722090261094,1.4133016627078143,0.479166666666763,0.520833333333237,0.3491686460808193,new_york,1.0210526315789683,0.9707070707070709,TRANSITION,m15_4h,False,0.27272727272725233,60.0,True,True,True,False,True
USDCHF,USDCHF,SHORT,2026-09-14T02:15:00+00:00,2026-09-14T02:15:00+00:00,0.81733,0.8173878214285715,0.8165549999999999,0.81607,2026-09-14T02:30:00+00:00,0.8173878214285715,STOP,-1.0,2026-09-13T22:00:00+00:00,0.81734,5,0.0841683366735857,0.1622244488979089,3.535070140280635,2.174348697394996,0.181818181818457,0.8181818181815429,0.0280561122243209,other,0.8961038961039429,1.182875264270613,RANGE_CONTRACTION,m15_4h,False,0.2799999999999645,15.0,True,True,True,False,False
USDCHF,USDCHF,SHORT,2026-09-15T18:00:00+00:00,2026-09-15T18:00:00+00:00,0.81893,0.8191905357142857,0.818445,0.81789,2026-09-15T20:00:00+00:00,0.81893,BREAKEVEN,0.9307745030847128,2026-09-15T14:00:00+00:00,0.81905,4,0.2921739130434985,0.6343478260867643,2.532173913043563,1.1808695652175518,0.4864864864863973,0.5135135135136027,0.2921739130432281,new_york,0.7444444444444691,0.7067545304777595,RANGE_CONTRACTION,m15_4h,False,0.20270270270266014,120.0,True,True,True,False,True
USDCHF,USDCHF,SHORT,2026-09-16T15:45:00+00:00,2026-09-16T15:45:00+00:00,0.81911,0.8192348571428572,0.8188150000000001,0.81837,2026-09-16T16:00:00+00:00,0.8192348571428572,STOP,-1.0,2026-09-16T10:00:00+00:00,0.81912,2,0.181034482758688,0.2511494252873654,1.4885057471263456,0.5933908045975622,0.1568627450979751,0.8431372549020248,0.0201149425286438,overlap,1.4507042253518747,1.411592505854801,RANGE_EXPANSION,m15_4h,False,0.21186440677973917,15.0,True,True,True,False,False
USDCHF,USDCHF,SHORT,2026-09-17T01:45:00+00:00,2026-09-17T01:45:00+00:00,0.82581,0.8259979642857144,0.821655,0.81758,2026-09-17T02:45:00+00:00,0.8259979642857144,STOP,-1.0,2026-09-16T20:00:00+00:00,0.82586,2,0.3339960238568705,0.5231610337973079,22.906560636182185,11.564612326043331,0.4482758620688203,0.5517241379311797,0.1391650099403369,other,0.7857142857143504,1.219756999471738,RANGE_CONTRACTION,m15_4h,False,0.49090909090908175,60.0,False,True,True,False,True
USDCHF,USDCHF,SHORT,2026-09-24T17:45:00+00:00,2026-09-24T17:45:00+00:00,0.8283,0.8286181428571429,0.8272999999999999,0.82656,2026-09-24T18:00:00+00:00,0.8286181428571429,STOP,-1.0,2026-09-24T12:00:00+00:00,0.82847,4,0.1441947565542342,0.4170411985018306,2.280898876404611,1.3108614232211313,0.3283582089551917,0.6716417910448083,0.2228464419475719,new_york,1.0381679389313805,0.9577340769004988,TRANSITION,m15_4h,True,0.04700854700852268,15.0,True,True,True,False,True
USDCHF,USDCHF,LONG,2026-09-24T20:00:00+00:00,2026-09-24T20:00:00+00:00,0.82815,0.8278592857142857,0.828465,0.82965,2026-09-24T20:30:00+00:00,0.82815,BREAKEVEN,0.5417690417688128,2026-09-24T16:00:00+00:00,0.82807,2,0.293023255813887,0.4732558139536227,2.4418604651162075,0.5127906976743475,0.6562500000001626,0.3437499999998373,0.130232558139666,new_york,0.84920634920641,0.8351553509781358,RANGE_CONTRACTION,m15_4h,False,0.2822580645161832,30.0,True,True,True,True,True
USDCHF,USDCHF,SHORT,2026-09-25T10:00:00+00:00,2026-09-25T10:00:00+00:00,0.8293,0.8298292857142857,0.82908,0.82883,2026-09-25T10:45:00+00:00,0.8293,BREAKEVEN,0.2078272604588522,2026-09-25T06:00:00+00:00,0.82944,6,0.6146341463415023,0.9036585365852908,0.8024390243903735,0.3756097560975531,0.4222222222220742,0.5777777777779258,0.2390243902437595,london,1.4918032786881994,1.5718201754385963,RANGE_EXPANSION,m15_4h,False,0.13157894736840953,45.0,True,True,False,False,True
USDJPY,USDJPY,SHORT,2026-09-04T08:15:00+00:00,2026-09-04T08:15:00+00:00,156.32,156.4079357142857,156.11,155.777,2026-09-04T08:45:00+00:00,156.4079357142857,STOP,-1.0,2026-09-04T04:00:00+00:00,156.348,6,0.3820803295571309,0.6339340885685173,3.9145211122553807,1.5139031925847886,0.646341463414651,0.3536585365853489,0.201853759011469,london,1.0266159695817676,2.0321495327102803,TRANSITION,m15_4h,False,0.6764705882354335,30.0,True,True,True,True,True
USDJPY,USDJPY,LONG,2026-09-04T11:45:00+00:00,2026-09-04T11:45:00+00:00,156.266,156.24400357142858,156.34,156.445,2026-09-04T12:00:00+00:00,156.24400357142858,STOP,-1.0,2026-09-04T06:00:00+00:00,156.261,2,0.1200857755539667,0.2201215153679522,1.7912794853466227,0.7405289492495561,0.1595744680849712,0.8404255319150287,0.0500357398141053,london,0.7142857142856994,0.9823870220162224,RANGE_CONTRACTION,m15_4h,False,0.9786324786324989,15.0,True,True,True,False,False
USDJPY,USDJPY,LONG,2026-09-07T19:00:00+00:00,2026-09-07T19:00:00+00:00,154.362,154.33391275999998,154.527,154.806,2026-09-07T19:15:00+00:00,154.33391275999998,STOP,-1.0,2026-09-07T14:00:00+00:00,154.344,2,0.1351724137931905,0.5423742896555043,8.573793103447995,3.186206896551345,0.9199999999996362,0.0800000000003638,0.3475862068965403,new_york,0.1821086261981422,0.2022299956274595,RANGE_CONTRACTION,m15_4h,False,0.6250000000005921,15.0,False,True,True,True,True
USDJPY,USDJPY,SHORT,2026-09-08T08:15:00+00:00,2026-09-08T08:15:00+00:00,153.893,154.0815107142857,153.125,152.888,2026-09-08T08:30:00+00:00,154.0815107142857,STOP,-1.0,2026-09-08T04:00:00+00:00,153.926,5,0.6897723411485471,0.8967550118926307,4.780835881753364,3.65341488277274,0.2066115702479892,0.7933884297520107,0.1569826707440793,london,1.140957446808426,1.958005249343832,RANGE_EXPANSION,m15_4h,False,0.4196428571428503,15.0,True,True,False,False,True
USDJPY,USDJPY,LONG,2026-09-09T05:30:00+00:00,2026-09-09T05:30:00+00:00,153.367,153.2887964285714,153.69850000000002,153.972,2026-09-09T05:45:00+00:00,153.2887964285714,STOP,-1.0,2026-09-09T00:00:00+00:00,153.326,4,0.2498560736903189,0.630310880829153,4.876223373632861,2.6718480138172067,0.6082474226803338,0.3917525773196662,0.3304548071387203,other,0.9803921568627626,1.1798727588201272,TRANSITION,m15_4h,False,0.7277486910995193,15.0,True,True,True,True,True
USDJPY,USDJPY,SHORT,2026-09-10T17:45:00+00:00,2026-09-10T17:45:00+00:00,154.256,154.3493214285714,153.9285,153.658,2026-09-10T18:00:00+00:00,154.3493214285714,STOP,-1.0,2026-09-10T12:00:00+00:00,154.31,4,0.2610169491524425,0.7381355932202339,4.729943502825011,2.590395480226132,0.6785714285712594,0.3214285714287406,0.4271186440678171,new_york,0.7619047619047669,0.7787175452399685,RANGE_CONTRACTION,m15_4h,False,0.7238372093023241,15.0,True,True,True,True,True
USDJPY,USDJPY,SHORT,2026-09-10T23:45:00+00:00,2026-09-10T23:45:00+00:00,154.464,154.61756428571428,154.221,154.049,2026-09-11T02:00:00+00:00,154.464,BREAKEVEN,0.79119959067864,2026-09-10T18:00:00+00:00,154.547,5,0.9398797595192294,2.1542084168338174,5.821643286573588,3.4088176352707946,0.9345794392522891,0.0654205607477107,1.1643286573147176,other,0.6857142857141504,0.288783355947535,RANGE_CONTRACTION,m15_4h,False,0.6987951807229315,135.0,True,False,False,True,True
USDJPY,USDJPY,LONG,2026-09-11T11:45:00+00:00,2026-09-11T11:45:00+00:00,154.029,153.88857857142858,154.2135,154.414,2026-09-11T12:30:00+00:00,153.88857857142858,STOP,-1.0,2026-09-11T06:00:00+00:00,153.952,2,0.44382647385975,1.0933815350388232,2.9977753058953653,1.4365962180201306,0.8653846153845243,0.1346153846154757,0.5995550611790731,london,1.0762711864405543,1.0467603271126025,RANGE_EXPANSION,m15_4h,False,0.7675276752767849,45.0,True,False,True,True,True
USDJPY,USDJPY,SHORT,2026-09-14T14:00:00+00:00,2026-09-14T14:00:00+00:00,154.764,155.004525,154.483,154.357,2026-09-14T15:30:00+00:00,154.357,TARGET,1.4302047604200028,2026-09-14T10:00:00+00:00,154.898,2,0.9140271493212604,2.176696832579108,3.68325791855214,2.542986425339425,0.7317073170731166,0.2682926829268833,1.2126696832577952,overlap,1.0656565656565895,1.244294364229157,RANGE_EXPANSION,m15_4h,False,0.679435483870933,90.0,True,False,False,True,True
USDJPY,USDJPY,SHORT,2026-09-15T07:00:00+00:00,2026-09-15T07:00:00+00:00,154.886,154.95815714285715,154.5845,154.402,2026-09-15T08:00:00+00:00,154.95815714285715,STOP,-1.0,2026-09-15T02:00:00+00:00,154.911,4,0.4072022160665007,0.6995844875347087,4.692520775623392,2.9231301939058825,0.2000000000000473,0.7999999999999526,0.2423822714682011,london,1.602836879432517,1.6188541243396992,RANGE_EXPANSION,m15_4h,False,0.4090909090909998,60.0,True,True,True,False,True
USDJPY,USDJPY,SHORT,2026-09-15T08:15:00+00:00,2026-09-15T08:15:00+00:00,154.887,155.24458928571428,154.7595,154.628,2026-09-15T11:45:00+00:00,154.887,BREAKEVEN,0.1782771535580504,2026-09-15T04:00:00+00:00,154.926,3,2.367479674796912,2.713414634146408,1.9653116531167032,0.9674796747967612,0.6656716417911248,0.3343283582088752,0.2959349593495061,london,1.443786982248256,1.8150630914826495,RANGE_EXPANSION,m15_4h,False,0.6077348066299184,210.0,True,False,False,True,True
USDJPY,USDJPY,SHORT,2026-09-15T20:15:00+00:00,2026-09-15T20:15:00+00:00,155.132,155.15211785714283,155.03,154.893,2026-09-15T21:15:00+00:00,155.132,BREAKEVEN,2.535061246228587,2026-09-15T16:00:00+00:00,155.135,4,0.2245131729669514,0.322623138602419,3.8327605956474295,1.6357388316152532,0.2222222222221052,0.7777777777778947,0.0481099656355148,new_york,0.4768518518518049,0.4875228241022519,RANGE_CONTRACTION,m15_4h,False,0.25,60.0,True,True,True,False,False
USDJPY,USDJPY,SHORT,2026-09-16T04:00:00+00:00,2026-09-16T04:00:00+00:00,155.352,155.4055285714286,155.224,155.022,2026-09-16T06:15:00+00:00,155.022,TARGET,4.278089137976115,2026-09-16T00:00:00+00:00,155.359,4,0.463722397476358,0.5910094637225608,3.643533123028527,1.4132492113566242,0.3448275862071162,0.6551724137928838,0.0772870662461119,other,1.1406249999995144,1.121904761904762,RANGE_EXPANSION,m15_4h,True,0.22767857142849834,135.0,True,True,True,False,False
USDJPY,USDJPY,LONG,2026-09-17T10:45:00+00:00,2026-09-17T10:45:00+00:00,155.648,155.5753214285714,155.89499999999998,156.134,2026-09-17T12:00:00+00:00,155.648,BREAKEVEN,1.6992628992625425,2026-09-17T06:00:00+00:00,155.617,2,0.3169811320754717,0.639937106918312,4.279245283018618,2.174842767295389,0.6947368421052978,0.3052631578947022,0.272955974842809,london,0.8565217391306084,1.1744427164333853,RANGE_CONTRACTION,m15_4h,False,0.9759036144577199,75.0,True,True,True,True,True
USDJPY,USDJPY,LONG,2026-09-18T17:15:00+00:00,2026-09-18T17:15:00+00:00,156.712,156.59156071428572,157.845,158.01,2026-09-21T01:15:00+00:00,156.59156071428572,STOP,-1.0,2026-09-18T12:00:00+00:00,156.68,2,0.3054837783519685,0.4841085271317165,5.217341372380133,4.554120011484386,0.741071428571261,0.2589285714287391,0.1286247487797161,new_york,1.3426791277258128,1.3782736997417926,RANGE_EXPANSION,m15_4h,False,0.7735849056604465,3360.0,True,True,True,True,True
USDJPY,USDJPY,SHORT,2026-09-22T03:15:00+00:00,2026-09-22T03:15:00+00:00,157.466,157.527575,157.34,157.24,2026-09-22T04:00:00+00:00,157.527575,STOP,-1.0,2026-09-21T22:00:00+00:00,157.502,2,0.3076923076921941,0.8611888111888989,3.1608391608392226,1.7622377622378709,0.5781249999997154,0.4218750000002845,0.5034965034965344,other,1.258620689655523,1.5464015151515151,RANGE_EXPANSION,m15_4h,True,0.21568627450998967,45.0,True,True,True,True,True
USDJPY,USDJPY,SHORT,2026-09-22T08:15:00+00:00,2026-09-22T08:15:00+00:00,157.691,157.77879285714286,157.459,157.392,2026-09-22T08:30:00+00:00,157.392,TARGET,3.024164022455448,2026-09-22T04:00:00+00:00,157.74,2,0.4613935969867425,1.1573446327683026,3.9416195856872154,3.058380414312411,0.4800000000000455,0.5199999999999545,0.6459510357815894,london,1.1937984496124612,1.912303664921466,RANGE_EXPANSION,m15_4h,False,0.0933333333333788,15.0,True,False,True,False,True
USDJPY,USDJPY,SHORT,2026-09-23T12:15:00+00:00,2026-09-23T12:15:00+00:00,157.937,157.96415874000002,157.73950000000002,157.622,2026-09-23T12:30:00+00:00,157.96415874000002,STOP,-1.0,2026-09-23T08:00:00+00:00,157.946,2,0.2573529411767323,0.4659587745098942,5.404411764706015,3.388480392156814,0.4090909090910852,0.5909090909089147,0.1544117647056493,overlap,1.0442477876105791,1.0113065326633166,TRANSITION,m15_4h,False,0.6296296296299805,15.0,True,True,True,False,True
USDJPY,USDJPY,SHORT,2026-09-23T20:00:00+00:00,2026-09-23T20:00:00+00:00,158.322,158.37157499999998,158.20850000000002,158.02,2026-09-23T23:15:00+00:00,158.322,BREAKEVEN,1.14473020675787,2026-09-23T16:00:00+00:00,158.33,3,0.4043715846992081,0.5418032786882592,3.300546448087334,1.2404371584698053,0.4084507042253126,0.5915492957746874,0.0874316939891774,new_york,0.9929577464790396,1.0387462981243831,TRANSITION,m15_4h,False,0.8037383177570007,195.0,True,True,True,False,False
