cycle_event_id,cycle_end_utc,trigger_pair,trigger_cycle_id,ranking,weight_AUDUSD,weight_EURUSD,weight_GBPUSD,weight_NZDUSD,weight_USDCAD,weight_USDCHF,weight_USDJPY
1,2026-09-03T04:15:00+00:00,USDCHF,0,AUDUSD:0.166667 > EURUSD:0.166667 > GBPUSD:0.166667 > NZDUSD:0.166667 > USDCAD:0.166667 > USDJPY:0.166667 > USDCHF:0.000000,0.16666666666666666,0.16666666666666666,0.16666666666666666,0.16666666666666666,0.16666666666666666,0.0,0.16666666666666666
2,2026-09-03T05:45:00+00:00,USDJPY,0,AUDUSD:0.200000 > EURUSD:0.200000 > GBPUSD:0.200000 > NZDUSD:0.200000 > USDCAD:0.200000 > USDCHF:0.000000 > USDJPY:0.000000,0.2,0.2,0.2,0.2,0.2,0.0,0.0
3,2026-09-03T06:50:00+00:00,NZDUSD,0,NZDUSD:0.400000 > AUDUSD:0.150000 > EURUSD:0.150000 > GBPUSD:0.150000 > USDCAD:0.150000 > USDCHF:0.000000 > USDJPY:0.000000,0.15,0.15,0.15,0.4,0.15,0.0,0.0
4,2026-09-03T07:45:00+00:00,AUDUSD,0,NZDUSD:0.400000 > AUDUSD:0.327644 > EURUSD:0.090785 > GBPUSD:0.090785 > USDCAD:0.090785 > USDCHF:0.000000 > USDJPY:0.000000,0.3276437799207025,0.09078540669309916,0.09078540669309916,0.4,0.09078540669309916,0.0,0.0
5,2026-09-03T08:00:00+00:00,USDCHF,1,NZDUSD:0.400000 > AUDUSD:0.327644 > EURUSD:0.090785 > GBPUSD:0.090785 > USDCAD:0.090785 > USDCHF:0.000000 > USDJPY:0.000000,0.3276437799207025,0.09078540669309916,0.09078540669309916,0.4,0.09078540669309916,0.0,0.0
6,2026-09-03T08:05:00+00:00,EURUSD,0,EURUSD:0.362438 > NZDUSD:0.362438 > AUDUSD:0.177023 > GBPUSD:0.049051 > USDCAD:0.049051 > USDCHF:0.000000 > USDJPY:0.000000,0.1770232655056402,0.36243775149320584,0.049050615753974056,0.36243775149320584,0.049050615753974056,0.0,0.0
7,2026-09-03T08:35:00+00:00,GBPUSD,0,EURUSD:0.275957 > GBPUSD:0.275957 > NZDUSD:0.275957 > AUDUSD:0.134784 > USDCAD:0.037347 > USDCHF:0.000000 > USDJPY:0.000000,0.13478376686399002,0.27595652616866084,0.27595652616866084,0.27595652616866084,0.03734665463002744,0.0,0.0
8,2026-09-03T08:50:00+00:00,USDCAD,0,EURUSD:0.286662 > GBPUSD:0.286662 > NZDUSD:0.286662 > AUDUSD:0.140013 > USDCAD:0.000000 > USDCHF:0.000000 > USDJPY:0.000000,0.1400127756395934,0.28666240812013555,0.28666240812013555,0.28666240812013555,0.0,0.0,0.0
9,2026-09-03T11:05:00+00:00,USDJPY,1,EURUSD:0.286662 > GBPUSD:0.286662 > NZDUSD:0.286662 > AUDUSD:0.140013 > USDCAD:0.000000 > USDCHF:0.000000 > USDJPY:0.000000,0.1400127756395934,0.28666240812013555,0.28666240812013555,0.28666240812013555,0.0,0.0,0.0
10,2026-09-03T12:30:00+00:00,NZDUSD,1,EURUSD:0.306673 > GBPUSD:0.306673 > NZDUSD:0.236867 > AUDUSD:0.149787 > USDCAD:0.000000 > USDCHF:0.000000 > USDJPY:0.000000,0.1497865810943712,0.3066733149489265,0.3066733149489265,0.2368667890077758,0.0,0.0,0.0
11,2026-09-03T12:55:00+00:00,EURUSD,1,GBPUSD:0.316991 > EURUSD:0.283348 > NZDUSD:0.244836 > AUDUSD:0.154826 > USDCAD:0.000000 > USDCHF:0.000000 > USDJPY:0.000000,0.1548258619379203,0.28334767484971085,0.3169907475918156,0.24483571562055317,0.0,0.0,0.0
12,2026-09-03T13:20:00+00:00,AUDUSD,1,GBPUSD:0.304956 > EURUSD:0.272590 > NZDUSD:0.235540 > AUDUSD:0.186913 > USDCAD:0.000000 > USDCHF:0.000000 > USDJPY:0.000000,0.18691346389416774,0.2725901906859705,0.30495598164895105,0.23554036377091075,0.0,0.0,0.0
13,2026-09-03T13:20:00+00:00,USDCHF,2,GBPUSD:0.304956 > EURUSD:0.272590 > NZDUSD:0.235540 > AUDUSD:0.186913 > USDCAD:0.000000 > USDCHF:0.000000 > USDJPY:0.000000,0.18691346389416774,0.2725901906859705,0.30495598164895105,0.23554036377091075,0.0,0.0,0.0
14,2026-09-03T13:45:00+00:00,GBPUSD,1,GBPUSD:0.400000 > EURUSD:0.235315 > NZDUSD:0.203331 > AUDUSD:0.161354 > USDCAD:0.000000 > USDCHF:0.000000 > USDJPY:0.000000,0.16135392201858717,0.23531475718560213,0.4,0.20333132079581068,0.0,0.0,0.0
15,2026-09-03T14:20:00+00:00,USDCAD,1,GBPUSD:0.400000 > EURUSD:0.235315 > NZDUSD:0.203331 > AUDUSD:0.161354 > USDCAD:0.000000 > USDCHF:0.000000 > USDJPY:0.000000,0.16135392201858717,0.23531475718560213,0.4,0.20333132079581068,0.0,0.0,0.0
16,2026-09-03T15:30:00+00:00,USDJPY,2,GBPUSD:0.400000 > EURUSD:0.235315 > NZDUSD:0.203331 > AUDUSD:0.161354 > USDCAD:0.000000 > USDCHF:0.000000 > USDJPY:0.000000,0.16135392201858717,0.23531475718560213,0.4,0.20333132079581068,0.0,0.0,0.0
17,2026-09-03T21:20:00+00:00,NZDUSD,2,GBPUSD:0.400000 > EURUSD:0.247691 > NZDUSD:0.182469 > AUDUSD:0.169840 > USDCAD:0.000000 > USDCHF:0.000000 > USDJPY:0.000000,0.16984002719614313,0.24769069298143626,0.4,0.1824692798224206,0.0,0.0,0.0
18,2026-09-03T23:30:00+00:00,EURUSD,2,GBPUSD:0.400000 > EURUSD:0.238150 > NZDUSD:0.187411 > AUDUSD:0.174439 > USDCAD:0.000000 > USDCHF:0.000000 > USDJPY:0.000000,0.17443946570586125,0.23814980311710587,0.4,0.18741073117703289,0.0,0.0,0.0
19,2026-09-04T00:10:00+00:00,AUDUSD,2,GBPUSD:0.400000 > EURUSD:0.235425 > NZDUSD:0.185266 > AUDUSD:0.179309 > USDCAD:0.000000 > USDCHF:0.000000 > USDJPY:0.000000,0.17930927177631456,0.2354245895142501,0.4,0.18526613870943529,0.0,0.0,0.0
20,2026-09-04T01:25:00+00:00,USDCHF,3,GBPUSD:0.400000 > EURUSD:0.235425 > NZDUSD:0.185266 > AUDUSD:0.179309 > USDCAD:0.000000 > USDCHF:0.000000 > USDJPY:0.000000,0.17930927177631456,0.2354245895142501,0.4,0.18526613870943529,0.0,0.0,0.0
21,2026-09-04T01:55:00+00:00,GBPUSD,2,GBPUSD:0.365803 > EURUSD:0.248842 > NZDUSD:0.195825 > AUDUSD:0.189529 > USDCAD:0.000000 > USDCHF:0.000000 > USDJPY:0.000000,0.18952888107378218,0.24884245296335109,0.3658034103996037,0.19582525556326305,0.0,0.0,0.0
22,2026-09-04T05:55:00+00:00,NZDUSD,3,GBPUSD:0.341961 > NZDUSD:0.248240 > EURUSD:0.232623 > AUDUSD:0.177176 > USDCAD:0.000000 > USDCHF:0.000000 > USDJPY:0.000000,0.1771756910787928,0.23262329901246168,0.34196092790363924,0.2482400820051063,0.0,0.0,0.0
23,2026-09-04T05:55:00+00:00,USDJPY,3,GBPUSD:0.341961 > NZDUSD:0.248240 > EURUSD:0.232623 > AUDUSD:0.177176 > USDCAD:0.000000 > USDCHF:0.000000 > USDJPY:0.000000,0.1771756910787928,0.23262329901246168,0.34196092790363924,0.2482400820051063,0.0,0.0,0.0
24,2026-09-04T06:05:00+00:00,AUDUSD,3,GBPUSD:0.334937 > NZDUSD:0.243141 > EURUSD:0.227845 > AUDUSD:0.194078 > USDCAD:0.000000 > USDCHF:0.000000 > USDJPY:0.000000,0.19407780622670356,0.22784484783720352,0.3349365085751782,0.24314083736091469,0.0,0.0,0.0
25,2026-09-04T06:05:00+00:00,USDCAD,2,GBPUSD:0.334937 > NZDUSD:0.243141 > EURUSD:0.227845 > AUDUSD:0.194078 > USDCAD:0.000000 > USDCHF:0.000000 > USDJPY:0.000000,0.19407780622670356,0.22784484783720352,0.3349365085751782,0.24314083736091469,0.0,0.0,0.0
26,2026-09-04T06:25:00+00:00,EURUSD,3,GBPUSD:0.346179 > NZDUSD:0.251302 > EURUSD:0.201928 > AUDUSD:0.200592 > USDCAD:0.000000 > USDCHF:0.000000 > USDJPY:0.000000,0.20059196859783507,0.201927695666704,0.3461785503279069,0.2513017854075541,0.0,0.0,0.0
27,2026-09-04T07:45:00+00:00,USDCHF,4,GBPUSD:0.346179 > NZDUSD:0.251302 > EURUSD:0.201928 > AUDUSD:0.200592 > USDCAD:0.000000 > USDCHF:0.000000 > USDJPY:0.000000,0.20059196859783507,0.201927695666704,0.3461785503279069,0.2513017854075541,0.0,0.0,0.0
28,2026-09-04T08:20:00+00:00,GBPUSD,3,NZDUSD:0.279166 > GBPUSD:0.273684 > EURUSD:0.224317 > AUDUSD:0.222833 > USDCAD:0.000000 > USDCHF:0.000000 > USDJPY:0.000000,0.2228333212819411,0.2243171518717839,0.27368375626291935,0.2791657705833557,0.0,0.0,0.0
29,2026-09-04T10:35:00+00:00,USDJPY,4,NZDUSD:0.279166 > GBPUSD:0.273684 > EURUSD:0.224317 > AUDUSD:0.222833 > USDCAD:0.000000 > USDCHF:0.000000 > USDJPY:0.000000,0.2228333212819411,0.2243171518717839,0.27368375626291935,0.2791657705833557,0.0,0.0,0.0
30,2026-09-04T11:30:00+00:00,EURUSD,4,NZDUSD:0.328183 > GBPUSD:0.321738 > AUDUSD:0.261959 > EURUSD:0.088120 > USDCAD:0.000000 > USDCHF:0.000000 > USDJPY:0.000000,0.26195914695257155,0.08812014274870425,0.32173807271264726,0.328182637586077,0.0,0.0,0.0
31,2026-09-04T12:00:00+00:00,USDCAD,3,NZDUSD:0.328183 > GBPUSD:0.321738 > AUDUSD:0.261959 > EURUSD:0.088120 > USDCAD:0.000000 > USDCHF:0.000000 > USDJPY:0.000000,0.26195914695257155,0.08812014274870425,0.32173807271264726,0.328182637586077,0.0,0.0,0.0
32,2026-09-04T12:20:00+00:00,AUDUSD,4,NZDUSD:0.377454 > GBPUSD:0.370042 > AUDUSD:0.151155 > EURUSD:0.101350 > USDCAD:0.000000 > USDCHF:0.000000 > USDJPY:0.000000,0.15115450849578788,0.10134992605638096,0.3700417278253762,0.37745383762245505,0.0,0.0,0.0
33,2026-09-04T12:25:00+00:00,NZDUSD,4,GBPUSD:0.400000 > AUDUSD:0.243581 > NZDUSD:0.193097 > EURUSD:0.163322 > USDCAD:0.000000 > USDCHF:0.000000 > USDJPY:0.000000,0.24358095575878572,0.16332236531061503,0.4,0.19309667893059923,0.0,0.0,0.0
34,2026-09-04T13:00:00+00:00,GBPUSD,4,AUDUSD:0.400000 > NZDUSD:0.325061 > EURUSD:0.274939 > GBPUSD:0.000000 > USDCAD:0.000000 > USDCHF:0.000000 > USDJPY:0.000000,0.4,0.2749387855943238,0.0,0.3250612144056762,0.0,0.0,0.0
35,2026-09-04T13:05:00+00:00,USDCHF,5,USDCHF:0.291106 > AUDUSD:0.287789 > NZDUSD:0.228142 > EURUSD:0.192964 > GBPUSD:0.000000 > USDCAD:0.000000 > USDJPY:0.000000,0.28778853145640093,0.19296378700998842,0.0,0.22814184912541513,0.0,0.2911058324081955,0.0
36,2026-09-04T14:05:00+00:00,EURUSD,5,USDCHF:0.360710 > AUDUSD:0.356599 > NZDUSD:0.282691 > EURUSD:0.000000 > GBPUSD:0.000000 > USDCAD:0.000000 > USDJPY:0.000000,0.3565992787240178,0.0,0.0,0.28269096907084984,0.0,0.36070975220513235,0.0
37,2026-09-04T14:05:00+00:00,USDCAD,4,USDCAD:0.290581 > USDCHF:0.255894 > AUDUSD:0.252978 > NZDUSD:0.200546 > EURUSD:0.000000 > GBPUSD:0.000000 > USDJPY:0.000000,0.2529782876998792,0.0,0.0,0.20054633189292093,0.2905810449054045,0.2558943355017955,0.0
38,2026-09-04T14:50:00+00:00,AUDUSD,5,USDCAD:0.388986 > USDCHF:0.342553 > NZDUSD:0.268461 > AUDUSD:0.000000 > EURUSD:0.000000 > GBPUSD:0.000000 > USDJPY:0.000000,0.0,0.0,0.0,0.26846118203904373,0.38898607646983846,0.34255274149111786,0.0
39,2026-09-04T14:50:00+00:00,USDJPY,5,USDCAD:0.388986 > USDCHF:0.342553 > NZDUSD:0.268461 > AUDUSD:0.000000 > EURUSD:0.000000 > GBPUSD:0.000000 > USDJPY:0.000000,0.0,0.0,0.0,0.26846118203904373,0.38898607646983846,0.34255274149111786,0.0
40,2026-09-04T15:05:00+00:00,NZDUSD,5,NZDUSD:0.400000 > USDCAD:0.319042 > USDCHF:0.280958 > AUDUSD:0.000000 > EURUSD:0.000000 > GBPUSD:0.000000 > USDJPY:0.000000,0.0,0.0,0.0,0.4,0.3190420523854684,0.2809579476145316,0.0
41,2026-09-04T17:25:00+00:00,USDCHF,6,NZDUSD:0.400000 > USDCAD:0.400000 > AUDUSD:0.040000 > EURUSD:0.040000 > GBPUSD:0.040000 > USDCHF:0.040000 > USDJPY:0.040000,0.039999999999999994,0.039999999999999994,0.039999999999999994,0.4,0.4,0.039999999999999994,0.039999999999999994
42,2026-09-04T18:50:00+00:00,GBPUSD,5,NZDUSD:0.400000 > USDCAD:0.400000 > AUDUSD:0.040000 > EURUSD:0.040000 > GBPUSD:0.040000 > USDCHF:0.040000 > USDJPY:0.040000,0.039999999999999994,0.039999999999999994,0.039999999999999994,0.4,0.4,0.039999999999999994,0.039999999999999994
43,2026-09-06T21:30:00+00:00,USDCAD,5,NZDUSD:0.400000 > AUDUSD:0.100000 > EURUSD:0.100000 > GBPUSD:0.100000 > USDCAD:0.100000 > USDCHF:0.100000 > USDJPY:0.100000,0.09999999999999999,0.09999999999999999,0.09999999999999999,0.4,0.09999999999999999,0.09999999999999999,0.09999999999999999
44,2026-09-06T23:35:00+00:00,EURUSD,6,EURUSD:0.400000 > NZDUSD:0.400000 > AUDUSD:0.040000 > GBPUSD:0.040000 > USDCAD:0.040000 > USDCHF:0.040000 > USDJPY:0.040000,0.039999999999999994,0.4,0.039999999999999994,0.4,0.039999999999999994,0.039999999999999994,0.039999999999999994
45,2026-09-07T01:45:00+00:00,NZDUSD,6,EURUSD:0.400000 > NZDUSD:0.400000 > AUDUSD:0.040000 > GBPUSD:0.040000 > USDCAD:0.040000 > USDCHF:0.040000 > USDJPY:0.040000,0.039999999999999994,0.4,0.039999999999999994,0.4,0.039999999999999994,0.039999999999999994,0.039999999999999994
46,2026-09-07T01:55:00+00:00,AUDUSD,6,AUDUSD:0.365595 > EURUSD:0.349662 > NZDUSD:0.284743 > GBPUSD:0.000000 > USDCAD:0.000000 > USDCHF:0.000000 > USDJPY:0.000000,0.3655948840694427,0.3496623894961892,0.0,0.28474272643436804,0.0,0.0,0.0
47,2026-09-07T04:55:00+00:00,USDJPY,6,AUDUSD:0.365595 > EURUSD:0.349662 > NZDUSD:0.284743 > GBPUSD:0.000000 > USDCAD:0.000000 > USDCHF:0.000000 > USDJPY:0.000000,0.3655948840694427,0.3496623894961892,0.0,0.28474272643436804,0.0,0.0,0.0
48,2026-09-07T06:50:00+00:00,EURUSD,7,AUDUSD:0.400000 > NZDUSD:0.400000 > EURUSD:0.040000 > GBPUSD:0.040000 > USDCAD:0.040000 > USDCHF:0.040000 > USDJPY:0.040000,0.4,0.039999999999999994,0.039999999999999994,0.4,0.039999999999999994,0.039999999999999994,0.039999999999999994
49,2026-09-07T07:10:00+00:00,NZDUSD,7,AUDUSD:0.400000 > NZDUSD:0.400000 > EURUSD:0.040000 > GBPUSD:0.040000 > USDCAD:0.040000 > USDCHF:0.040000 > USDJPY:0.040000,0.4,0.039999999999999994,0.039999999999999994,0.4,0.039999999999999994,0.039999999999999994,0.039999999999999994
50,2026-09-07T07:30:00+00:00,AUDUSD,7,AUDUSD:0.400000 > NZDUSD:0.400000 > EURUSD:0.040000 > GBPUSD:0.040000 > USDCAD:0.040000 > USDCHF:0.040000 > USDJPY:0.040000,0.4,0.039999999999999994,0.039999999999999994,0.4,0.039999999999999994,0.039999999999999994,0.039999999999999994
51,2026-09-07T08:30:00+00:00,USDJPY,7,AUDUSD:0.400000 > NZDUSD:0.400000 > EURUSD:0.040000 > GBPUSD:0.040000 > USDCAD:0.040000 > USDCHF:0.040000 > USDJPY:0.040000,0.4,0.039999999999999994,0.039999999999999994,0.4,0.039999999999999994,0.039999999999999994,0.039999999999999994
52,2026-09-07T08:35:00+00:00,USDCAD,6,AUDUSD:0.400000 > NZDUSD:0.400000 > EURUSD:0.040000 > GBPUSD:0.040000 > USDCAD:0.040000 > USDCHF:0.040000 > USDJPY:0.040000,0.4,0.039999999999999994,0.039999999999999994,0.4,0.039999999999999994,0.039999999999999994,0.039999999999999994
53,2026-09-07T08:40:00+00:00,USDCHF,7,AUDUSD:0.400000 > NZDUSD:0.400000 > EURUSD:0.040000 > GBPUSD:0.040000 > USDCAD:0.040000 > USDCHF:0.040000 > USDJPY:0.040000,0.4,0.039999999999999994,0.039999999999999994,0.4,0.039999999999999994,0.039999999999999994,0.039999999999999994
54,2026-09-07T10:05:00+00:00,GBPUSD,6,AUDUSD:0.400000 > GBPUSD:0.391573 > NZDUSD:0.208427 > EURUSD:0.000000 > USDCAD:0.000000 > USDCHF:0.000000 > USDJPY:0.000000,0.4,0.0,0.3915734630303693,0.20842653696963073,0.0,0.0,0.0
55,2026-09-07T10:15:00+00:00,EURUSD,8,AUDUSD:0.400000 > EURUSD:0.304720 > GBPUSD:0.192707 > NZDUSD:0.102574 > USDCAD:0.000000 > USDCHF:0.000000 > USDJPY:0.000000,0.4,0.3047196927076394,0.19270655415190205,0.10257375314045852,0.0,0.0,0.0
56,2026-09-07T13:15:00+00:00,NZDUSD,8,AUDUSD:0.400000 > EURUSD:0.275294 > GBPUSD:0.174098 > NZDUSD:0.150608 > USDCAD:0.000000 > USDCHF:0.000000 > USDJPY:0.000000,0.4,0.27529423476162945,0.17409771875064767,0.15060804648772289,0.0,0.0,0.0
57,2026-09-07T14:15:00+00:00,AUDUSD,8,AUDUSD:0.393007 > EURUSD:0.278503 > GBPUSD:0.176127 > NZDUSD:0.152363 > USDCAD:0.000000 > USDCHF:0.000000 > USDJPY:0.000000,0.39300682454025415,0.2785028695728704,0.17612687857458895,0.15236342731228658,0.0,0.0,0.0
58,2026-09-07T15:10:00+00:00,USDJPY,8,AUDUSD:0.393007 > EURUSD:0.278503 > GBPUSD:0.176127 > NZDUSD:0.152363 > USDCAD:0.000000 > USDCHF:0.000000 > USDJPY:0.000000,0.39300682454025415,0.2785028695728704,0.17612687857458895,0.15236342731228658,0.0,0.0,0.0
59,2026-09-07T17:15:00+00:00,USDCHF,8,AUDUSD:0.358342 > EURUSD:0.253938 > GBPUSD:0.160592 > NZDUSD:0.138924 > USDCHF:0.088203 > USDCAD:0.000000 > USDJPY:0.000000,0.3583422793880746,0.2539379646030548,0.16059188591382936,0.1389244522721302,0.0,0.08820341782291098,0.0
60,2026-09-07T17:55:00+00:00,USDCAD,7,AUDUSD:0.358342 > EURUSD:0.253938 > GBPUSD:0.160592 > NZDUSD:0.138924 > USDCHF:0.088203 > USDCAD:0.000000 > USDJPY:0.000000,0.3583422793880746,0.2539379646030548,0.16059188591382936,0.1389244522721302,0.0,0.08820341782291098,0.0
61,2026-09-07T22:30:00+00:00,EURUSD,9,AUDUSD:0.400000 > GBPUSD:0.184866 > NZDUSD:0.159924 > EURUSD:0.153674 > USDCHF:0.101536 > USDCAD:0.000000 > USDJPY:0.000000,0.4,0.153673746046671,0.1848664499148709,0.15992383520358788,0.0,0.10153596883487018,0.0
62,2026-09-07T23:15:00+00:00,GBPUSD,7,AUDUSD:0.378234 > GBPUSD:0.241125 > NZDUSD:0.146636 > EURUSD:0.140905 > USDCHF:0.093100 > USDCAD:0.000000 > USDJPY:0.000000,0.37823406802645665,0.1409054420787092,0.24112461944456942,0.14663622953162425,0.0,0.0930996409186405,0.0
63,2026-09-08T00:35:00+00:00,EURUSD,10,AUDUSD:0.372765 > GBPUSD:0.237638 > EURUSD:0.153327 > NZDUSD:0.144516 > USDCHF:0.091753 > USDCAD:0.000000 > USDJPY:0.000000,0.3727650534601245,0.15332738142342103,0.2376381168592142,0.14451596659643992,0.0,0.09175348166080038,0.0
64,2026-09-08T01:15:00+00:00,GBPUSD,8,AUDUSD:0.400000 > EURUSD:0.172813 > NZDUSD:0.162882 > GBPUSD:0.160890 > USDCHF:0.103414 > USDCAD:0.000000 > USDJPY:0.000000,0.4,0.17281348954537878,0.1608899921990889,0.16288224745446092,0.0,0.10341427080107142,0.0
65,2026-09-08T02:20:00+00:00,EURUSD,11,AUDUSD:0.355714 > EURUSD:0.282606 > NZDUSD:0.137905 > GBPUSD:0.136219 > USDCHF:0.087556 > USDCAD:0.000000 > USDJPY:0.000000,0.35571374712075693,0.2826057749076069,0.1362186488929423,0.13790540588402245,0.0,0.08755642319467137,0.0
66,2026-09-08T02:20:00+00:00,NZDUSD,9,AUDUSD:0.400000 > EURUSD:0.334854 > GBPUSD:0.161403 > USDCHF:0.103744 > NZDUSD:0.000000 > USDCAD:0.000000 > USDJPY:0.000000,0.4,0.3348536303273029,0.16140260797924055,0.0,0.0,0.10374376169345649,0.0
67,2026-09-08T02:55:00+00:00,AUDUSD,9,EURUSD:0.400000 > GBPUSD:0.365238 > USDCHF:0.234762 > AUDUSD:0.000000 > NZDUSD:0.000000 > USDCAD:0.000000 > USDJPY:0.000000,0.0,0.4,0.365238132081868,0.0,0.0,0.23476186791813197,0.0
68,2026-09-08T03:00:00+00:00,GBPUSD,9,EURUSD:0.400000 > USDCHF:0.400000 > AUDUSD:0.040000 > GBPUSD:0.040000 > NZDUSD:0.040000 > USDCAD:0.040000 > USDJPY:0.040000,0.039999999999999994,0.4,0.039999999999999994,0.039999999999999994,0.039999999999999994,0.4,0.039999999999999994
69,2026-09-08T03:15:00+00:00,USDCAD,8,EURUSD:0.400000 > USDCHF:0.400000 > AUDUSD:0.040000 > GBPUSD:0.040000 > NZDUSD:0.040000 > USDCAD:0.040000 > USDJPY:0.040000,0.039999999999999994,0.4,0.039999999999999994,0.039999999999999994,0.039999999999999994,0.4,0.039999999999999994
70,2026-09-08T04:45:00+00:00,USDCHF,9,EURUSD:0.400000 > AUDUSD:0.100000 > GBPUSD:0.100000 > NZDUSD:0.100000 > USDCAD:0.100000 > USDCHF:0.100000 > USDJPY:0.100000,0.09999999999999999,0.4,0.09999999999999999,0.09999999999999999,0.09999999999999999,0.09999999999999999,0.09999999999999999
71,2026-09-08T04:50:00+00:00,USDJPY,9,EURUSD:0.400000 > AUDUSD:0.100000 > GBPUSD:0.100000 > NZDUSD:0.100000 > USDCAD:0.100000 > USDCHF:0.100000 > USDJPY:0.100000,0.09999999999999999,0.4,0.09999999999999999,0.09999999999999999,0.09999999999999999,0.09999999999999999,0.09999999999999999
72,2026-09-08T05:20:00+00:00,NZDUSD,10,EURUSD:0.400000 > AUDUSD:0.100000 > GBPUSD:0.100000 > NZDUSD:0.100000 > USDCAD:0.100000 > USDCHF:0.100000 > USDJPY:0.100000,0.09999999999999999,0.4,0.09999999999999999,0.09999999999999999,0.09999999999999999,0.09999999999999999,0.09999999999999999
73,2026-09-08T05:25:00+00:00,EURUSD,12,EURUSD:0.400000 > AUDUSD:0.100000 > GBPUSD:0.100000 > NZDUSD:0.100000 > USDCAD:0.100000 > USDCHF:0.100000 > USDJPY:0.100000,0.09999999999999999,0.4,0.09999999999999999,0.09999999999999999,0.09999999999999999,0.09999999999999999,0.09999999999999999
74,2026-09-08T06:35:00+00:00,GBPUSD,10,EURUSD:0.400000 > GBPUSD:0.400000 > AUDUSD:0.040000 > NZDUSD:0.040000 > USDCAD:0.040000 > USDCHF:0.040000 > USDJPY:0.040000,0.039999999999999994,0.4,0.4,0.039999999999999994,0.039999999999999994,0.039999999999999994,0.039999999999999994
75,2026-09-08T06:40:00+00:00,AUDUSD,10,GBPUSD:0.374515 > EURUSD:0.314548 > AUDUSD:0.310937 > NZDUSD:0.000000 > USDCAD:0.000000 > USDCHF:0.000000 > USDJPY:0.000000,0.3109368729050346,0.31454770246709113,0.37451542462787424,0.0,0.0,0.0,0.0
76,2026-09-08T07:05:00+00:00,USDCAD,9,GBPUSD:0.374515 > EURUSD:0.314548 > AUDUSD:0.310937 > NZDUSD:0.000000 > USDCAD:0.000000 > USDCHF:0.000000 > USDJPY:0.000000,0.3109368729050346,0.31454770246709113,0.37451542462787424,0.0,0.0,0.0,0.0
77,2026-09-08T08:55:00+00:00,USDCHF,10,USDCHF:0.400000 > GBPUSD:0.224709 > EURUSD:0.188729 > AUDUSD:0.186562 > NZDUSD:0.000000 > USDCAD:0.000000 > USDJPY:0.000000,0.18656212374302075,0.18872862148025468,0.22470925477672454,0.0,0.0,0.4,0.0
78,2026-09-08T09:25:00+00:00,EURUSD,13,USDCHF:0.400000 > GBPUSD:0.327826 > AUDUSD:0.272174 > EURUSD:0.000000 > NZDUSD:0.000000 > USDCAD:0.000000 > USDJPY:0.000000,0.2721737521553261,0.0,0.32782624784467396,0.0,0.0,0.4,0.0
79,2026-09-08T09:30:00+00:00,USDJPY,10,USDCHF:0.400000 > GBPUSD:0.327826 > AUDUSD:0.272174 > EURUSD:0.000000 > NZDUSD:0.000000 > USDCAD:0.000000 > USDJPY:0.000000,0.2721737521553261,0.0,0.32782624784467396,0.0,0.0,0.4,0.0
80,2026-09-08T09:55:00+00:00,NZDUSD,11,USDCHF:0.400000 > GBPUSD:0.327826 > AUDUSD:0.272174 > EURUSD:0.000000 > NZDUSD:0.000000 > USDCAD:0.000000 > USDJPY:0.000000,0.2721737521553261,0.0,0.32782624784467396,0.0,0.0,0.4,0.0
81,2026-09-08T11:50:00+00:00,GBPUSD,11,USDCHF:0.400000 > AUDUSD:0.322300 > GBPUSD:0.277700 > EURUSD:0.000000 > NZDUSD:0.000000 > USDCAD:0.000000 > USDJPY:0.000000,0.3222995623859453,0.0,0.2777004376140548,0.0,0.0,0.4,0.0
82,2026-09-08T12:25:00+00:00,USDCAD,10,USDCHF:0.400000 > AUDUSD:0.322300 > GBPUSD:0.277700 > EURUSD:0.000000 > NZDUSD:0.000000 > USDCAD:0.000000 > USDJPY:0.000000,0.3222995623859453,0.0,0.2777004376140548,0.0,0.0,0.4,0.0
83,2026-09-08T13:00:00+00:00,AUDUSD,11,AUDUSD:0.400000 > USDCHF:0.400000 > GBPUSD:0.200000 > EURUSD:0.000000 > NZDUSD:0.000000 > USDCAD:0.000000 > USDJPY:0.000000,0.4,0.0,0.19999999999999996,0.0,0.0,0.4,0.0
84,2026-09-08T15:05:00+00:00,EURUSD,14,USDCHF:0.396084 > AUDUSD:0.285492 > EURUSD:0.236135 > GBPUSD:0.082289 > NZDUSD:0.000000 > USDCAD:0.000000 > USDJPY:0.000000,0.28549167175023954,0.23613474818947794,0.08228940992193981,0.0,0.0,0.39608417013834274,0.0
85,2026-09-08T15:05:00+00:00,USDCHF,11,AUDUSD:0.400000 > EURUSD:0.400000 > GBPUSD:0.200000 > NZDUSD:0.000000 > USDCAD:0.000000 > USDCHF:0.000000 > USDJPY:0.000000,0.4,0.4,0.19999999999999996,0.0,0.0,0.0,0.0
86,2026-09-08T17:15:00+00:00,NZDUSD,12,AUDUSD:0.400000 > EURUSD:0.346783 > NZDUSD:0.132368 > GBPUSD:0.120849 > USDCAD:0.000000 > USDCHF:0.000000 > USDJPY:0.000000,0.4,0.3467830861898757,0.12084869233466607,0.1323682214754583,0.0,0.0,0.0
87,2026-09-08T17:50:00+00:00,USDJPY,11,AUDUSD:0.400000 > EURUSD:0.346783 > NZDUSD:0.132368 > GBPUSD:0.120849 > USDCAD:0.000000 > USDCHF:0.000000 > USDJPY:0.000000,0.4,0.3467830861898757,0.12084869233466607,0.1323682214754583,0.0,0.0,0.0
88,2026-09-08T19:20:00+00:00,GBPUSD,12,AUDUSD:0.400000 > EURUSD:0.400000 > NZDUSD:0.200000 > GBPUSD:0.000000 > USDCAD:0.000000 > USDCHF:0.000000 > USDJPY:0.000000,0.4,0.4,0.0,0.19999999999999996,0.0,0.0,0.0
89,2026-09-08T20:30:00+00:00,USDCAD,11,AUDUSD:0.400000 > EURUSD:0.400000 > NZDUSD:0.200000 > GBPUSD:0.000000 > USDCAD:0.000000 > USDCHF:0.000000 > USDJPY:0.000000,0.4,0.4,0.0,0.19999999999999996,0.0,0.0,0.0
90,2026-09-09T00:05:00+00:00,AUDUSD,12,AUDUSD:0.400000 > EURUSD:0.400000 > NZDUSD:0.200000 > GBPUSD:0.000000 > USDCAD:0.000000 > USDCHF:0.000000 > USDJPY:0.000000,0.4,0.4,0.0,0.19999999999999996,0.0,0.0,0.0
91,2026-09-09T04:15:00+00:00,USDJPY,12,AUDUSD:0.400000 > EURUSD:0.400000 > NZDUSD:0.200000 > GBPUSD:0.000000 > USDCAD:0.000000 > USDCHF:0.000000 > USDJPY:0.000000,0.4,0.4,0.0,0.19999999999999996,0.0,0.0,0.0
92,2026-09-09T05:15:00+00:00,AUDUSD,13,AUDUSD:0.400000 > EURUSD:0.400000 > NZDUSD:0.200000 > GBPUSD:0.000000 > USDCAD:0.000000 > USDCHF:0.000000 > USDJPY:0.000000,0.4,0.4,0.0,0.19999999999999996,0.0,0.0,0.0
93,2026-09-09T06:25:00+00:00,USDCHF,12,AUDUSD:0.400000 > EURUSD:0.400000 > NZDUSD:0.200000 > GBPUSD:0.000000 > USDCAD:0.000000 > USDCHF:0.000000 > USDJPY:0.000000,0.4,0.4,0.0,0.19999999999999996,0.0,0.0,0.0
94,2026-09-09T07:05:00+00:00,NZDUSD,13,AUDUSD:0.400000 > EURUSD:0.382307 > NZDUSD:0.217693 > GBPUSD:0.000000 > USDCAD:0.000000 > USDCHF:0.000000 > USDJPY:0.000000,0.4,0.3823066482663817,0.0,0.21769335173361826,0.0,0.0,0.0
95,2026-09-09T07:35:00+00:00,EURUSD,15,EURUSD:0.400000 > AUDUSD:0.391134 > NZDUSD:0.208866 > GBPUSD:0.000000 > USDCAD:0.000000 > USDCHF:0.000000 > USDJPY:0.000000,0.3911341177664013,0.4,0.0,0.20886588223359873,0.0,0.0,0.0
96,2026-09-09T08:05:00+00:00,GBPUSD,13,EURUSD:0.400000 > AUDUSD:0.391134 > NZDUSD:0.208866 > GBPUSD:0.000000 > USDCAD:0.000000 > USDCHF:0.000000 > USDJPY:0.000000,0.3911341177664013,0.4,0.0,0.20886588223359873,0.0,0.0,0.0
97,2026-09-09T09:10:00+00:00,USDJPY,13,EURUSD:0.400000 > AUDUSD:0.391134 > NZDUSD:0.208866 > GBPUSD:0.000000 > USDCAD:0.000000 > USDCHF:0.000000 > USDJPY:0.000000,0.3911341177664013,0.4,0.0,0.20886588223359873,0.0,0.0,0.0
98,2026-09-09T10:30:00+00:00,AUDUSD,14,EURUSD:0.400000 > NZDUSD:0.400000 > AUDUSD:0.040000 > GBPUSD:0.040000 > USDCAD:0.040000 > USDCHF:0.040000 > USDJPY:0.040000,0.039999999999999994,0.4,0.039999999999999994,0.4,0.039999999999999994,0.039999999999999994,0.039999999999999994
99,2026-09-09T10:45:00+00:00,USDCAD,12,EURUSD:0.400000 > NZDUSD:0.400000 > AUDUSD:0.040000 > GBPUSD:0.040000 > USDCAD:0.040000 > USDCHF:0.040000 > USDJPY:0.040000,0.039999999999999994,0.4,0.039999999999999994,0.4,0.039999999999999994,0.039999999999999994,0.039999999999999994
100,2026-09-09T11:30:00+00:00,USDCHF,13,EURUSD:0.400000 > NZDUSD:0.400000 > AUDUSD:0.040000 > GBPUSD:0.040000 > USDCAD:0.040000 > USDCHF:0.040000 > USDJPY:0.040000,0.039999999999999994,0.4,0.039999999999999994,0.4,0.039999999999999994,0.039999999999999994,0.039999999999999994
101,2026-09-09T11:50:00+00:00,EURUSD,16,EURUSD:0.400000 > NZDUSD:0.400000 > AUDUSD:0.040000 > GBPUSD:0.040000 > USDCAD:0.040000 > USDCHF:0.040000 > USDJPY:0.040000,0.039999999999999994,0.4,0.039999999999999994,0.4,0.039999999999999994,0.039999999999999994,0.039999999999999994
102,2026-09-09T12:20:00+00:00,NZDUSD,14,EURUSD:0.400000 > AUDUSD:0.100000 > GBPUSD:0.100000 > NZDUSD:0.100000 > USDCAD:0.100000 > USDCHF:0.100000 > USDJPY:0.100000,0.09999999999999999,0.4,0.09999999999999999,0.09999999999999999,0.09999999999999999,0.09999999999999999,0.09999999999999999
103,2026-09-09T13:25:00+00:00,GBPUSD,14,EURUSD:0.400000 > AUDUSD:0.100000 > GBPUSD:0.100000 > NZDUSD:0.100000 > USDCAD:0.100000 > USDCHF:0.100000 > USDJPY:0.100000,0.09999999999999999,0.4,0.09999999999999999,0.09999999999999999,0.09999999999999999,0.09999999999999999,0.09999999999999999
104,2026-09-09T15:15:00+00:00,AUDUSD,15,EURUSD:0.400000 > AUDUSD:0.100000 > GBPUSD:0.100000 > NZDUSD:0.100000 > USDCAD:0.100000 > USDCHF:0.100000 > USDJPY:0.100000,0.09999999999999999,0.4,0.09999999999999999,0.09999999999999999,0.09999999999999999,0.09999999999999999,0.09999999999999999
105,2026-09-09T15:15:00+00:00,USDCAD,13,EURUSD:0.400000 > USDCAD:0.400000 > AUDUSD:0.040000 > GBPUSD:0.040000 > NZDUSD:0.040000 > USDCHF:0.040000 > USDJPY:0.040000,0.039999999999999994,0.4,0.039999999999999994,0.039999999999999994,0.4,0.039999999999999994,0.039999999999999994
106,2026-09-09T15:35:00+00:00,USDCHF,14,EURUSD:0.400000 > USDCAD:0.400000 > USDCHF:0.200000 > AUDUSD:0.000000 > GBPUSD:0.000000 > NZDUSD:0.000000 > USDJPY:0.000000,0.0,0.4,0.0,0.0,0.4,0.19999999999999996,0.0
107,2026-09-09T16:00:00+00:00,USDJPY,14,EURUSD:0.400000 > USDCAD:0.400000 > USDCHF:0.200000 > AUDUSD:0.000000 > GBPUSD:0.000000 > NZDUSD:0.000000 > USDJPY:0.000000,0.0,0.4,0.0,0.0,0.4,0.19999999999999996,0.0
108,2026-09-09T16:20:00+00:00,EURUSD,17,USDCAD:0.400000 > USDCHF:0.400000 > AUDUSD:0.040000 > EURUSD:0.040000 > GBPUSD:0.040000 > NZDUSD:0.040000 > USDJPY:0.040000,0.039999999999999994,0.039999999999999994,0.039999999999999994,0.039999999999999994,0.4,0.4,0.039999999999999994
109,2026-09-09T16:40:00+00:00,NZDUSD,15,USDCAD:0.400000 > USDCHF:0.400000 > AUDUSD:0.040000 > EURUSD:0.040000 > GBPUSD:0.040000 > NZDUSD:0.040000 > USDJPY:0.040000,0.039999999999999994,0.039999999999999994,0.039999999999999994,0.039999999999999994,0.4,0.4,0.039999999999999994
110,2026-09-09T21:35:00+00:00,GBPUSD,15,USDCAD:0.400000 > USDCHF:0.400000 > AUDUSD:0.040000 > EURUSD:0.040000 > GBPUSD:0.040000 > NZDUSD:0.040000 > USDJPY:0.040000,0.039999999999999994,0.039999999999999994,0.039999999999999994,0.039999999999999994,0.4,0.4,0.039999999999999994
111,2026-09-10T04:35:00+00:00,USDCAD,14,USDCAD:0.400000 > USDCHF:0.400000 > AUDUSD:0.040000 > EURUSD:0.040000 > GBPUSD:0.040000 > NZDUSD:0.040000 > USDJPY:0.040000,0.039999999999999994,0.039999999999999994,0.039999999999999994,0.039999999999999994,0.4,0.4,0.039999999999999994
112,2026-09-10T04:45:00+00:00,AUDUSD,16,AUDUSD:0.400000 > USDCHF:0.311868 > USDCAD:0.288132 > EURUSD:0.000000 > GBPUSD:0.000000 > NZDUSD:0.000000 > USDJPY:0.000000,0.4,0.0,0.0,0.0,0.288131540993961,0.311868459006039,0.0
113,2026-09-10T05:30:00+00:00,USDCHF,15,AUDUSD:0.400000 > USDCAD:0.400000 > EURUSD:0.040000 > GBPUSD:0.040000 > NZDUSD:0.040000 > USDCHF:0.040000 > USDJPY:0.040000,0.4,0.039999999999999994,0.039999999999999994,0.039999999999999994,0.4,0.039999999999999994,0.039999999999999994
114,2026-09-10T07:25:00+00:00,USDJPY,15,AUDUSD:0.400000 > USDCAD:0.400000 > EURUSD:0.040000 > GBPUSD:0.040000 > NZDUSD:0.040000 > USDCHF:0.040000 > USDJPY:0.040000,0.4,0.039999999999999994,0.039999999999999994,0.039999999999999994,0.4,0.039999999999999994,0.039999999999999994
115,2026-09-10T08:10:00+00:00,GBPUSD,16,AUDUSD:0.400000 > USDCAD:0.400000 > EURUSD:0.040000 > GBPUSD:0.040000 > NZDUSD:0.040000 > USDCHF:0.040000 > USDJPY:0.040000,0.4,0.039999999999999994,0.039999999999999994,0.039999999999999994,0.4,0.039999999999999994,0.039999999999999994
116,2026-09-10T08:50:00+00:00,NZDUSD,16,AUDUSD:0.400000 > USDCAD:0.400000 > EURUSD:0.040000 > GBPUSD:0.040000 > NZDUSD:0.040000 > USDCHF:0.040000 > USDJPY:0.040000,0.4,0.039999999999999994,0.039999999999999994,0.039999999999999994,0.4,0.039999999999999994,0.039999999999999994
117,2026-09-10T09:20:00+00:00,USDCAD,15,AUDUSD:0.400000 > USDCAD:0.400000 > EURUSD:0.040000 > GBPUSD:0.040000 > NZDUSD:0.040000 > USDCHF:0.040000 > USDJPY:0.040000,0.4,0.039999999999999994,0.039999999999999994,0.039999999999999994,0.4,0.039999999999999994,0.039999999999999994
118,2026-09-10T09:25:00+00:00,EURUSD,18,AUDUSD:0.400000 > USDCAD:0.400000 > EURUSD:0.040000 > GBPUSD:0.040000 > NZDUSD:0.040000 > USDCHF:0.040000 > USDJPY:0.040000,0.4,0.039999999999999994,0.039999999999999994,0.039999999999999994,0.4,0.039999999999999994,0.039999999999999994
119,2026-09-10T09:50:00+00:00,AUDUSD,17,USDCAD:0.400000 > AUDUSD:0.100000 > EURUSD:0.100000 > GBPUSD:0.100000 > NZDUSD:0.100000 > USDCHF:0.100000 > USDJPY:0.100000,0.09999999999999999,0.09999999999999999,0.09999999999999999,0.09999999999999999,0.4,0.09999999999999999,0.09999999999999999
120,2026-09-10T10:35:00+00:00,USDCHF,16,USDCAD:0.400000 > USDCHF:0.400000 > AUDUSD:0.040000 > EURUSD:0.040000 > GBPUSD:0.040000 > NZDUSD:0.040000 > USDJPY:0.040000,0.039999999999999994,0.039999999999999994,0.039999999999999994,0.039999999999999994,0.4,0.4,0.039999999999999994
121,2026-09-10T12:30:00+00:00,USDJPY,16,USDJPY:0.400000 > USDCHF:0.300263 > USDCAD:0.299737 > AUDUSD:0.000000 > EURUSD:0.000000 > GBPUSD:0.000000 > NZDUSD:0.000000,0.0,0.0,0.0,0.0,0.29973719331067017,0.3002628066893298,0.4
122,2026-09-10T12:50:00+00:00,EURUSD,19,USDJPY:0.400000 > USDCHF:0.300263 > USDCAD:0.299737 > AUDUSD:0.000000 > EURUSD:0.000000 > GBPUSD:0.000000 > NZDUSD:0.000000,0.0,0.0,0.0,0.0,0.29973719331067017,0.3002628066893298,0.4
123,2026-09-10T12:55:00+00:00,GBPUSD,17,USDJPY:0.400000 > USDCHF:0.300263 > USDCAD:0.299737 > AUDUSD:0.000000 > EURUSD:0.000000 > GBPUSD:0.000000 > NZDUSD:0.000000,0.0,0.0,0.0,0.0,0.29973719331067017,0.3002628066893298,0.4
124,2026-09-10T13:00:00+00:00,USDCAD,16,USDJPY:0.400000 > USDCAD:0.373104 > USDCHF:0.226896 > AUDUSD:0.000000 > EURUSD:0.000000 > GBPUSD:0.000000 > NZDUSD:0.000000,0.0,0.0,0.0,0.0,0.37310356240715686,0.22689643759284314,0.4
125,2026-09-10T13:10:00+00:00,AUDUSD,18,USDJPY:0.400000 > USDCAD:0.373104 > USDCHF:0.226896 > AUDUSD:0.000000 > EURUSD:0.000000 > GBPUSD:0.000000 > NZDUSD:0.000000,0.0,0.0,0.0,0.0,0.37310356240715686,0.22689643759284314,0.4
126,2026-09-10T13:10:00+00:00,NZDUSD,17,USDJPY:0.400000 > USDCAD:0.373104 > USDCHF:0.226896 > AUDUSD:0.000000 > EURUSD:0.000000 > GBPUSD:0.000000 > NZDUSD:0.000000,0.0,0.0,0.0,0.0,0.37310356240715686,0.22689643759284314,0.4
127,2026-09-10T13:50:00+00:00,USDCHF,17,USDCHF:0.400000 > USDJPY:0.400000 > USDCAD:0.200000 > AUDUSD:0.000000 > EURUSD:0.000000 > GBPUSD:0.000000 > NZDUSD:0.000000,0.0,0.0,0.0,0.0,0.19999999999999996,0.4,0.4
128,2026-09-10T15:50:00+00:00,EURUSD,20,USDCHF:0.388910 > USDJPY:0.355438 > USDCAD:0.164322 > EURUSD:0.091330 > AUDUSD:0.000000 > GBPUSD:0.000000 > NZDUSD:0.000000,0.0,0.09132986156066948,0.0,0.0,0.16432189941228154,0.3889099349968363,0.35543830403021265
129,2026-09-10T17:10:00+00:00,USDCAD,17,USDCHF:0.400000 > USDJPY:0.400000 > EURUSD:0.200000 > AUDUSD:0.000000 > GBPUSD:0.000000 > NZDUSD:0.000000 > USDCAD:0.000000,0.0,0.19999999999999998,0.0,0.0,0.0,0.4,0.4
130,2026-09-10T17:15:00+00:00,AUDUSD,19,USDCHF:0.400000 > USDJPY:0.400000 > EURUSD:0.200000 > AUDUSD:0.000000 > GBPUSD:0.000000 > NZDUSD:0.000000 > USDCAD:0.000000,0.0,0.19999999999999998,0.0,0.0,0.0,0.4,0.4
131,2026-09-10T17:20:00+00:00,NZDUSD,18,USDCHF:0.400000 > USDJPY:0.400000 > EURUSD:0.200000 > AUDUSD:0.000000 > GBPUSD:0.000000 > NZDUSD:0.000000 > USDCAD:0.000000,0.0,0.19999999999999998,0.0,0.0,0.0,0.4,0.4
132,2026-09-10T17:45:00+00:00,GBPUSD,18,USDCHF:0.400000 > USDJPY:0.400000 > EURUSD:0.200000 > AUDUSD:0.000000 > GBPUSD:0.000000 > NZDUSD:0.000000 > USDCAD:0.000000,0.0,0.19999999999999998,0.0,0.0,0.0,0.4,0.4
133,2026-09-10T18:30:00+00:00,USDJPY,17,USDCHF:0.400000 > USDJPY:0.339084 > EURUSD:0.260916 > AUDUSD:0.000000 > GBPUSD:0.000000 > NZDUSD:0.000000 > USDCAD:0.000000,0.0,0.2609161089495655,0.0,0.0,0.0,0.4,0.3390838910504345
134,2026-09-10T19:40:00+00:00,USDCHF,18,USDCHF:0.400000 > USDJPY:0.339084 > EURUSD:0.260916 > AUDUSD:0.000000 > GBPUSD:0.000000 > NZDUSD:0.000000 > USDCAD:0.000000,0.0,0.2609161089495655,0.0,0.0,0.0,0.4,0.3390838910504345
135,2026-09-11T05:35:00+00:00,NZDUSD,19,USDCHF:0.400000 > USDJPY:0.232825 > NZDUSD:0.188022 > EURUSD:0.179153 > AUDUSD:0.000000 > GBPUSD:0.000000 > USDCAD:0.000000,0.0,0.17915288653413525,0.0,0.18802186513804298,0.0,0.4,0.2328252483278217
136,2026-09-11T06:10:00+00:00,EURUSD,21,USDCHF:0.400000 > USDJPY:0.331938 > NZDUSD:0.268062 > AUDUSD:0.000000 > EURUSD:0.000000 > GBPUSD:0.000000 > USDCAD:0.000000,0.0,0.0,0.0,0.2680620003634079,0.0,0.4,0.3319379996365921
137,2026-09-11T06:15:00+00:00,AUDUSD,20,USDCHF:0.400000 > USDJPY:0.331938 > NZDUSD:0.268062 > AUDUSD:0.000000 > EURUSD:0.000000 > GBPUSD:0.000000 > USDCAD:0.000000,0.0,0.0,0.0,0.2680620003634079,0.0,0.4,0.3319379996365921
138,2026-09-11T06:40:00+00:00,USDCAD,18,USDCHF:0.375900 > USDCAD:0.328689 > USDJPY:0.163430 > NZDUSD:0.131981 > AUDUSD:0.000000 > EURUSD:0.000000 > GBPUSD:0.000000,0.0,0.0,0.0,0.13198077463790633,0.32868875327060904,0.37590024227747654,0.16343022981400815
139,2026-09-11T06:45:00+00:00,USDJPY,18,USDCHF:0.366435 > USDCAD:0.320412 > USDJPY:0.184495 > NZDUSD:0.128657 > AUDUSD:0.000000 > EURUSD:0.000000 > GBPUSD:0.000000,0.0,0.0,0.0,0.12865743417449346,0.32041220968606177,0.3664348903063673,0.18449546583307752
140,2026-09-11T07:30:00+00:00,GBPUSD,19,USDCHF:0.366435 > USDCAD:0.320412 > USDJPY:0.184495 > NZDUSD:0.128657 > AUDUSD:0.000000 > EURUSD:0.000000 > GBPUSD:0.000000,0.0,0.0,0.0,0.12865743417449346,0.32041220968606177,0.3664348903063673,0.18449546583307752
141,2026-09-11T08:45:00+00:00,USDCHF,19,USDCHF:0.400000 > USDCAD:0.303437 > USDJPY:0.174721 > NZDUSD:0.121841 > AUDUSD:0.000000 > EURUSD:0.000000 > GBPUSD:0.000000,0.0,0.0,0.0,0.1218414008656889,0.3034373624276758,0.4,0.17472123670663522
142,2026-09-11T11:25:00+00:00,EURUSD,22,USDCHF:0.400000 > USDCAD:0.303437 > USDJPY:0.174721 > NZDUSD:0.121841 > AUDUSD:0.000000 > EURUSD:0.000000 > GBPUSD:0.000000,0.0,0.0,0.0,0.1218414008656889,0.3034373624276758,0.4,0.17472123670663522
143,2026-09-11T12:05:00+00:00,NZDUSD,20,USDCHF:0.400000 > USDCAD:0.380757 > USDJPY:0.219243 > AUDUSD:0.000000 > EURUSD:0.000000 > GBPUSD:0.000000 > NZDUSD:0.000000,0.0,0.0,0.0,0.0,0.3807573842365754,0.4,0.2192426157634246
144,2026-09-11T12:20:00+00:00,USDCAD,19,USDCAD:0.400000 > USDCHF:0.400000 > USDJPY:0.200000 > AUDUSD:0.000000 > EURUSD:0.000000 > GBPUSD:0.000000 > NZDUSD:0.000000,0.0,0.0,0.0,0.0,0.4,0.4,0.19999999999999996
145,2026-09-11T12:40:00+00:00,AUDUSD,21,USDCAD:0.400000 > USDCHF:0.400000 > USDJPY:0.200000 > AUDUSD:0.000000 > EURUSD:0.000000 > GBPUSD:0.000000 > NZDUSD:0.000000,0.0,0.0,0.0,0.0,0.4,0.4,0.19999999999999996
146,2026-09-11T12:50:00+00:00,USDJPY,19,USDCAD:0.400000 > USDCHF:0.400000 > AUDUSD:0.040000 > EURUSD:0.040000 > GBPUSD:0.040000 > NZDUSD:0.040000 > USDJPY:0.040000,0.039999999999999994,0.039999999999999994,0.039999999999999994,0.039999999999999994,0.4,0.4,0.039999999999999994
147,2026-09-11T13:10:00+00:00,GBPUSD,20,USDCAD:0.400000 > USDCHF:0.400000 > AUDUSD:0.040000 > EURUSD:0.040000 > GBPUSD:0.040000 > NZDUSD:0.040000 > USDJPY:0.040000,0.039999999999999994,0.039999999999999994,0.039999999999999994,0.039999999999999994,0.4,0.4,0.039999999999999994
148,2026-09-11T13:45:00+00:00,USDCHF,20,USDCAD:0.400000 > USDCHF:0.400000 > AUDUSD:0.040000 > EURUSD:0.040000 > GBPUSD:0.040000 > NZDUSD:0.040000 > USDJPY:0.040000,0.039999999999999994,0.039999999999999994,0.039999999999999994,0.039999999999999994,0.4,0.4,0.039999999999999994
149,2026-09-11T14:30:00+00:00,EURUSD,23,USDCAD:0.400000 > USDCHF:0.400000 > AUDUSD:0.040000 > EURUSD:0.040000 > GBPUSD:0.040000 > NZDUSD:0.040000 > USDJPY:0.040000,0.039999999999999994,0.039999999999999994,0.039999999999999994,0.039999999999999994,0.4,0.4,0.039999999999999994
150,2026-09-11T15:55:00+00:00,NZDUSD,21,USDCAD:0.400000 > USDCHF:0.400000 > AUDUSD:0.040000 > EURUSD:0.040000 > GBPUSD:0.040000 > NZDUSD:0.040000 > USDJPY:0.040000,0.039999999999999994,0.039999999999999994,0.039999999999999994,0.039999999999999994,0.4,0.4,0.039999999999999994
151,2026-09-11T16:05:00+00:00,USDCAD,20,USDCAD:0.400000 > USDCHF:0.400000 > AUDUSD:0.040000 > EURUSD:0.040000 > GBPUSD:0.040000 > NZDUSD:0.040000 > USDJPY:0.040000,0.039999999999999994,0.039999999999999994,0.039999999999999994,0.039999999999999994,0.4,0.4,0.039999999999999994
152,2026-09-11T17:00:00+00:00,AUDUSD,22,USDCAD:0.400000 > USDCHF:0.400000 > AUDUSD:0.040000 > EURUSD:0.040000 > GBPUSD:0.040000 > NZDUSD:0.040000 > USDJPY:0.040000,0.039999999999999994,0.039999999999999994,0.039999999999999994,0.039999999999999994,0.4,0.4,0.039999999999999994
153,2026-09-11T20:00:00+00:00,GBPUSD,21,USDCAD:0.400000 > USDCHF:0.400000 > GBPUSD:0.200000 > AUDUSD:0.000000 > EURUSD:0.000000 > NZDUSD:0.000000 > USDJPY:0.000000,0.0,0.0,0.19999999999999998,0.0,0.4,0.4,0.0
154,2026-09-13T22:55:00+00:00,USDJPY,20,USDCAD:0.400000 > USDCHF:0.400000 > GBPUSD:0.200000 > AUDUSD:0.000000 > EURUSD:0.000000 > NZDUSD:0.000000 > USDJPY:0.000000,0.0,0.0,0.19999999999999998,0.0,0.4,0.4,0.0
155,2026-09-14T00:00:00+00:00,USDCHF,21,USDCAD:0.400000 > USDCHF:0.400000 > GBPUSD:0.200000 > AUDUSD:0.000000 > EURUSD:0.000000 > NZDUSD:0.000000 > USDJPY:0.000000,0.0,0.0,0.19999999999999998,0.0,0.4,0.4,0.0
156,2026-09-14T00:50:00+00:00,EURUSD,24,USDCAD:0.400000 > USDCHF:0.400000 > GBPUSD:0.200000 > AUDUSD:0.000000 > EURUSD:0.000000 > NZDUSD:0.000000 > USDJPY:0.000000,0.0,0.0,0.19999999999999998,0.0,0.4,0.4,0.0
157,2026-09-14T04:45:00+00:00,USDJPY,21,USDCHF:0.400000 > USDCAD:0.271360 > USDJPY:0.208538 > GBPUSD:0.120102 > AUDUSD:0.000000 > EURUSD:0.000000 > NZDUSD:0.000000,0.0,0.0,0.12010183628949171,0.0,0.2713598822222541,0.4,0.20853828148825418
158,2026-09-14T06:15:00+00:00,NZDUSD,22,USDCHF:0.400000 > USDCAD:0.271360 > USDJPY:0.208538 > GBPUSD:0.120102 > AUDUSD:0.000000 > EURUSD:0.000000 > NZDUSD:0.000000,0.0,0.0,0.12010183628949171,0.0,0.2713598822222541,0.4,0.20853828148825418
159,2026-09-14T06:40:00+00:00,EURUSD,25,USDCHF:0.400000 > USDCAD:0.271360 > USDJPY:0.208538 > GBPUSD:0.120102 > AUDUSD:0.000000 > EURUSD:0.000000 > NZDUSD:0.000000,0.0,0.0,0.12010183628949171,0.0,0.2713598822222541,0.4,0.20853828148825418
160,2026-09-14T06:45:00+00:00,USDCHF,22,USDCHF:0.400000 > USDCAD:0.271360 > USDJPY:0.208538 > GBPUSD:0.120102 > AUDUSD:0.000000 > EURUSD:0.000000 > NZDUSD:0.000000,0.0,0.0,0.12010183628949171,0.0,0.2713598822222541,0.4,0.20853828148825418
161,2026-09-14T07:05:00+00:00,AUDUSD,23,USDCHF:0.400000 > USDCAD:0.271360 > USDJPY:0.208538 > GBPUSD:0.120102 > AUDUSD:0.000000 > EURUSD:0.000000 > NZDUSD:0.000000,0.0,0.0,0.12010183628949171,0.0,0.2713598822222541,0.4,0.20853828148825418
162,2026-09-14T07:55:00+00:00,USDCAD,21,USDCHF:0.400000 > USDCAD:0.301508 > USDJPY:0.189408 > GBPUSD:0.109084 > AUDUSD:0.000000 > EURUSD:0.000000 > NZDUSD:0.000000,0.0,0.0,0.10908433180295703,0.0,0.3015075809080935,0.4,0.1894080872889495
163,2026-09-14T08:25:00+00:00,GBPUSD,22,USDCHF:0.400000 > USDCAD:0.368504 > USDJPY:0.231496 > AUDUSD:0.000000 > EURUSD:0.000000 > GBPUSD:0.000000 > NZDUSD:0.000000,0.0,0.0,0.0,0.0,0.3685043282673245,0.4,0.2314956717326755
164,2026-09-14T10:50:00+00:00,USDJPY,22,USDCHF:0.400000 > USDJPY:0.308040 > USDCAD:0.291960 > AUDUSD:0.000000 > EURUSD:0.000000 > GBPUSD:0.000000 > NZDUSD:0.000000,0.0,0.0,0.0,0.0,0.2919602975250751,0.4,0.3080397024749249
165,2026-09-14T11:00:00+00:00,EURUSD,26,USDCHF:0.400000 > USDJPY:0.308040 > USDCAD:0.291960 > AUDUSD:0.000000 > EURUSD:0.000000 > GBPUSD:0.000000 > NZDUSD:0.000000,0.0,0.0,0.0,0.0,0.2919602975250751,0.4,0.3080397024749249
166,2026-09-14T11:45:00+00:00,NZDUSD,23,USDCHF:0.400000 > USDJPY:0.308040 > USDCAD:0.291960 > AUDUSD:0.000000 > EURUSD:0.000000 > GBPUSD:0.000000 > NZDUSD:0.000000,0.0,0.0,0.0,0.0,0.2919602975250751,0.4,0.3080397024749249
167,2026-09-14T12:30:00+00:00,USDCHF,23,USDCAD:0.400000 > USDJPY:0.400000 > USDCHF:0.200000 > AUDUSD:0.000000 > EURUSD:0.000000 > GBPUSD:0.000000 > NZDUSD:0.000000,0.0,0.0,0.0,0.0,0.4,0.19999999999999996,0.4
168,2026-09-14T13:30:00+00:00,AUDUSD,24,USDCAD:0.400000 > USDJPY:0.400000 > USDCHF:0.200000 > AUDUSD:0.000000 > EURUSD:0.000000 > GBPUSD:0.000000 > NZDUSD:0.000000,0.0,0.0,0.0,0.0,0.4,0.19999999999999996,0.4
169,2026-09-14T13:40:00+00:00,USDCAD,22,USDCAD:0.400000 > USDJPY:0.400000 > USDCHF:0.200000 > AUDUSD:0.000000 > EURUSD:0.000000 > GBPUSD:0.000000 > NZDUSD:0.000000,0.0,0.0,0.0,0.0,0.4,0.19999999999999996,0.4
170,2026-09-14T14:10:00+00:00,GBPUSD,23,USDCAD:0.400000 > USDJPY:0.400000 > USDCHF:0.200000 > AUDUSD:0.000000 > EURUSD:0.000000 > GBPUSD:0.000000 > NZDUSD:0.000000,0.0,0.0,0.0,0.0,0.4,0.19999999999999996,0.4
171,2026-09-14T16:15:00+00:00,EURUSD,27,USDCAD:0.400000 > USDJPY:0.400000 > USDCHF:0.200000 > AUDUSD:0.000000 > EURUSD:0.000000 > GBPUSD:0.000000 > NZDUSD:0.000000,0.0,0.0,0.0,0.0,0.4,0.19999999999999996,0.4
172,2026-09-14T16:45:00+00:00,NZDUSD,24,USDCAD:0.400000 > USDJPY:0.400000 > USDCHF:0.200000 > AUDUSD:0.000000 > EURUSD:0.000000 > GBPUSD:0.000000 > NZDUSD:0.000000,0.0,0.0,0.0,0.0,0.4,0.19999999999999996,0.4
173,2026-09-14T16:50:00+00:00,USDJPY,23,USDCAD:0.400000 > USDCHF:0.350633 > USDJPY:0.249367 > AUDUSD:0.000000 > EURUSD:0.000000 > GBPUSD:0.000000 > NZDUSD:0.000000,0.0,0.0,0.0,0.0,0.4,0.3506329829450819,0.24936701705491807
174,2026-09-14T18:55:00+00:00,USDCHF,24,USDCAD:0.400000 > USDJPY:0.400000 > AUDUSD:0.040000 > EURUSD:0.040000 > GBPUSD:0.040000 > NZDUSD:0.040000 > USDCHF:0.040000,0.039999999999999994,0.039999999999999994,0.039999999999999994,0.039999999999999994,0.4,0.039999999999999994,0.4
175,2026-09-14T20:45:00+00:00,AUDUSD,25,USDCAD:0.400000 > USDJPY:0.400000 > AUDUSD:0.040000 > EURUSD:0.040000 > GBPUSD:0.040000 > NZDUSD:0.040000 > USDCHF:0.040000,0.039999999999999994,0.039999999999999994,0.039999999999999994,0.039999999999999994,0.4,0.039999999999999994,0.4
176,2026-09-15T00:00:00+00:00,USDCAD,23,USDCAD:0.400000 > USDJPY:0.400000 > AUDUSD:0.040000 > EURUSD:0.040000 > GBPUSD:0.040000 > NZDUSD:0.040000 > USDCHF:0.040000,0.039999999999999994,0.039999999999999994,0.039999999999999994,0.039999999999999994,0.4,0.039999999999999994,0.4
177,2026-09-15T01:30:00+00:00,GBPUSD,24,USDCAD:0.400000 > USDJPY:0.400000 > AUDUSD:0.040000 > EURUSD:0.040000 > GBPUSD:0.040000 > NZDUSD:0.040000 > USDCHF:0.040000,0.039999999999999994,0.039999999999999994,0.039999999999999994,0.039999999999999994,0.4,0.039999999999999994,0.4
178,2026-09-15T06:00:00+00:00,USDCAD,24,USDCAD:0.400000 > USDJPY:0.400000 > AUDUSD:0.040000 > EURUSD:0.040000 > GBPUSD:0.040000 > NZDUSD:0.040000 > USDCHF:0.040000,0.039999999999999994,0.039999999999999994,0.039999999999999994,0.039999999999999994,0.4,0.039999999999999994,0.4
179,2026-09-15T06:50:00+00:00,USDJPY,24,USDCAD:0.400000 > USDJPY:0.400000 > AUDUSD:0.040000 > EURUSD:0.040000 > GBPUSD:0.040000 > NZDUSD:0.040000 > USDCHF:0.040000,0.039999999999999994,0.039999999999999994,0.039999999999999994,0.039999999999999994,0.4,0.039999999999999994,0.4
180,2026-09-15T07:45:00+00:00,NZDUSD,25,USDCAD:0.400000 > USDJPY:0.400000 > AUDUSD:0.040000 > EURUSD:0.040000 > GBPUSD:0.040000 > NZDUSD:0.040000 > USDCHF:0.040000,0.039999999999999994,0.039999999999999994,0.039999999999999994,0.039999999999999994,0.4,0.039999999999999994,0.4
181,2026-09-15T08:00:00+00:00,GBPUSD,25,USDCAD:0.400000 > USDJPY:0.400000 > AUDUSD:0.040000 > EURUSD:0.040000 > GBPUSD:0.040000 > NZDUSD:0.040000 > USDCHF:0.040000,0.039999999999999994,0.039999999999999994,0.039999999999999994,0.039999999999999994,0.4,0.039999999999999994,0.4
182,2026-09-15T08:50:00+00:00,USDCHF,25,USDJPY:0.400000 > USDCAD:0.368973 > USDCHF:0.231027 > AUDUSD:0.000000 > EURUSD:0.000000 > GBPUSD:0.000000 > NZDUSD:0.000000,0.0,0.0,0.0,0.0,0.36897306869786073,0.23102693130213922,0.4
183,2026-09-15T09:00:00+00:00,AUDUSD,26,USDJPY:0.400000 > USDCAD:0.368973 > USDCHF:0.231027 > AUDUSD:0.000000 > EURUSD:0.000000 > GBPUSD:0.000000 > NZDUSD:0.000000,0.0,0.0,0.0,0.0,0.36897306869786073,0.23102693130213922,0.4
184,2026-09-15T09:15:00+00:00,EURUSD,28,USDJPY:0.400000 > USDCAD:0.368973 > USDCHF:0.231027 > AUDUSD:0.000000 > EURUSD:0.000000 > GBPUSD:0.000000 > NZDUSD:0.000000,0.0,0.0,0.0,0.0,0.36897306869786073,0.23102693130213922,0.4
185,2026-09-15T11:15:00+00:00,USDCAD,25,USDJPY:0.400000 > USDCAD:0.381106 > USDCHF:0.218894 > AUDUSD:0.000000 > EURUSD:0.000000 > GBPUSD:0.000000 > NZDUSD:0.000000,0.0,0.0,0.0,0.0,0.38110609340834084,0.21889390659165917,0.4
186,2026-09-15T11:50:00+00:00,USDJPY,25,USDJPY:0.400000 > USDCAD:0.381106 > USDCHF:0.218894 > AUDUSD:0.000000 > EURUSD:0.000000 > GBPUSD:0.000000 > NZDUSD:0.000000,0.0,0.0,0.0,0.0,0.38110609340834084,0.21889390659165917,0.4
187,2026-09-15T13:40:00+00:00,GBPUSD,26,USDJPY:0.351724 > USDCAD:0.313291 > USDCHF:0.179944 > GBPUSD:0.155041 > AUDUSD:0.000000 > EURUSD:0.000000 > NZDUSD:0.000000,0.0,0.0,0.15504121936771117,0.0,0.3132913932013076,0.17994353316702152,0.3517238542639597
188,2026-09-15T14:05:00+00:00,NZDUSD,26,USDJPY:0.351724 > USDCAD:0.313291 > USDCHF:0.179944 > GBPUSD:0.155041 > AUDUSD:0.000000 > EURUSD:0.000000 > NZDUSD:0.000000,0.0,0.0,0.15504121936771117,0.0,0.3132913932013076,0.17994353316702152,0.3517238542639597
189,2026-09-15T14:25:00+00:00,EURUSD,29,USDJPY:0.351724 > USDCAD:0.313291 > USDCHF:0.179944 > GBPUSD:0.155041 > AUDUSD:0.000000 > EURUSD:0.000000 > NZDUSD:0.000000,0.0,0.0,0.15504121936771117,0.0,0.3132913932013076,0.17994353316702152,0.3517238542639597
190,2026-09-15T14:30:00+00:00,USDCHF,26,USDJPY:0.302664 > USDCHF:0.294327 > USDCAD:0.269593 > GBPUSD:0.133416 > AUDUSD:0.000000 > EURUSD:0.000000 > NZDUSD:0.000000,0.0,0.0,0.13341564350754698,0.0,0.26959264768291163,0.2943272654766511,0.3026644433328904
191,2026-09-15T15:00:00+00:00,AUDUSD,27,USDJPY:0.302664 > USDCHF:0.294327 > USDCAD:0.269593 > GBPUSD:0.133416 > AUDUSD:0.000000 > EURUSD:0.000000 > NZDUSD:0.000000,0.0,0.0,0.13341564350754698,0.0,0.26959264768291163,0.2943272654766511,0.3026644433328904
192,2026-09-15T17:05:00+00:00,USDCAD,26,USDJPY:0.335795 > USDCHF:0.326545 > USDCAD:0.189640 > GBPUSD:0.148020 > AUDUSD:0.000000 > EURUSD:0.000000 > NZDUSD:0.000000,0.0,0.0,0.14801971119633958,0.0,0.18964011638153408,0.32654519131107623,0.33579498111105005
193,2026-09-15T20:45:00+00:00,USDJPY,26,USDJPY:0.367488 > USDCHF:0.310964 > USDCAD:0.180591 > GBPUSD:0.140957 > AUDUSD:0.000000 > EURUSD:0.000000 > NZDUSD:0.000000,0.0,0.0,0.14095687616455685,0.0,0.1805913427649296,0.31096392312718657,0.367487857943327
194,2026-09-16T00:45:00+00:00,GBPUSD,27,USDJPY:0.400000 > USDCHF:0.379567 > USDCAD:0.220433 > AUDUSD:0.000000 > EURUSD:0.000000 > GBPUSD:0.000000 > NZDUSD:0.000000,0.0,0.0,0.0,0.0,0.22043260072152066,0.3795673992784794,0.4
195,2026-09-16T01:25:00+00:00,NZDUSD,27,USDJPY:0.400000 > USDCHF:0.379567 > USDCAD:0.220433 > AUDUSD:0.000000 > EURUSD:0.000000 > GBPUSD:0.000000 > NZDUSD:0.000000,0.0,0.0,0.0,0.0,0.22043260072152066,0.3795673992784794,0.4
196,2026-09-16T03:00:00+00:00,EURUSD,30,USDJPY:0.400000 > USDCHF:0.379567 > USDCAD:0.220433 > AUDUSD:0.000000 > EURUSD:0.000000 > GBPUSD:0.000000 > NZDUSD:0.000000,0.0,0.0,0.0,0.0,0.22043260072152066,0.3795673992784794,0.4
197,2026-09-16T03:45:00+00:00,USDCHF,27,USDJPY:0.400000 > USDCAD:0.304641 > USDCHF:0.295359 > AUDUSD:0.000000 > EURUSD:0.000000 > GBPUSD:0.000000 > NZDUSD:0.000000,0.0,0.0,0.0,0.0,0.3046413983797145,0.29535860162028554,0.4
198,2026-09-16T06:00:00+00:00,USDJPY,27,USDJPY:0.400000 > USDCAD:0.304641 > USDCHF:0.295359 > AUDUSD:0.000000 > EURUSD:0.000000 > GBPUSD:0.000000 > NZDUSD:0.000000,0.0,0.0,0.0,0.0,0.3046413983797145,0.29535860162028554,0.4
199,2026-09-16T06:05:00+00:00,AUDUSD,28,USDJPY:0.400000 > USDCAD:0.304641 > USDCHF:0.295359 > AUDUSD:0.000000 > EURUSD:0.000000 > GBPUSD:0.000000 > NZDUSD:0.000000,0.0,0.0,0.0,0.0,0.3046413983797145,0.29535860162028554,0.4
200,2026-09-16T07:05:00+00:00,NZDUSD,28,USDJPY:0.400000 > USDCAD:0.304641 > USDCHF:0.295359 > AUDUSD:0.000000 > EURUSD:0.000000 > GBPUSD:0.000000 > NZDUSD:0.000000,0.0,0.0,0.0,0.0,0.3046413983797145,0.29535860162028554,0.4
201,2026-09-16T07:30:00+00:00,GBPUSD,28,USDJPY:0.400000 > USDCAD:0.226287 > USDCHF:0.219392 > GBPUSD:0.154321 > AUDUSD:0.000000 > EURUSD:0.000000 > NZDUSD:0.000000,0.0,0.0,0.15432120105296004,0.0,0.22628702089902974,0.21939177804801013,0.4
202,2026-09-16T07:35:00+00:00,USDCAD,27,USDCAD:0.400000 > USDJPY:0.328496 > USDCHF:0.159389 > GBPUSD:0.112115 > AUDUSD:0.000000 > EURUSD:0.000000 > NZDUSD:0.000000,0.0,0.0,0.11211496476658042,0.0,0.4,0.159388997092427,0.3284960381409926
203,2026-09-16T08:15:00+00:00,EURUSD,31,USDCAD:0.400000 > USDJPY:0.328496 > USDCHF:0.159389 > GBPUSD:0.112115 > AUDUSD:0.000000 > EURUSD:0.000000 > NZDUSD:0.000000,0.0,0.0,0.11211496476658042,0.0,0.4,0.159388997092427,0.3284960381409926
204,2026-09-16T09:30:00+00:00,USDCHF,28,USDCAD:0.400000 > USDJPY:0.400000 > GBPUSD:0.200000 > AUDUSD:0.000000 > EURUSD:0.000000 > NZDUSD:0.000000 > USDCHF:0.000000,0.0,0.0,0.19999999999999996,0.0,0.4,0.0,0.4
205,2026-09-16T11:20:00+00:00,USDJPY,28,USDCAD:0.400000 > USDJPY:0.317739 > GBPUSD:0.282261 > AUDUSD:0.000000 > EURUSD:0.000000 > NZDUSD:0.000000 > USDCHF:0.000000,0.0,0.0,0.2822607390419626,0.0,0.4,0.0,0.31773926095803734
206,2026-09-16T12:40:00+00:00,GBPUSD,29,USDCAD:0.400000 > USDJPY:0.400000 > AUDUSD:0.040000 > EURUSD:0.040000 > GBPUSD:0.040000 > NZDUSD:0.040000 > USDCHF:0.040000,0.039999999999999994,0.039999999999999994,0.039999999999999994,0.039999999999999994,0.4,0.039999999999999994,0.4
207,2026-09-16T12:50:00+00:00,AUDUSD,29,USDCAD:0.400000 > USDJPY:0.400000 > AUDUSD:0.040000 > EURUSD:0.040000 > GBPUSD:0.040000 > NZDUSD:0.040000 > USDCHF:0.040000,0.039999999999999994,0.039999999999999994,0.039999999999999994,0.039999999999999994,0.4,0.039999999999999994,0.4
208,2026-09-16T12:50:00+00:00,EURUSD,32,USDCAD:0.400000 > USDJPY:0.400000 > AUDUSD:0.040000 > EURUSD:0.040000 > GBPUSD:0.040000 > NZDUSD:0.040000 > USDCHF:0.040000,0.039999999999999994,0.039999999999999994,0.039999999999999994,0.039999999999999994,0.4,0.039999999999999994,0.4
209,2026-09-16T13:10:00+00:00,USDCAD,28,USDCAD:0.400000 > USDJPY:0.400000 > AUDUSD:0.040000 > EURUSD:0.040000 > GBPUSD:0.040000 > NZDUSD:0.040000 > USDCHF:0.040000,0.039999999999999994,0.039999999999999994,0.039999999999999994,0.039999999999999994,0.4,0.039999999999999994,0.4
210,2026-09-16T13:25:00+00:00,NZDUSD,29,USDCAD:0.400000 > NZDUSD:0.311141 > USDJPY:0.288859 > AUDUSD:0.000000 > EURUSD:0.000000 > GBPUSD:0.000000 > USDCHF:0.000000,0.0,0.0,0.0,0.31114103282726235,0.4,0.0,0.2888589671727377
211,2026-09-16T15:45:00+00:00,USDCHF,29,USDCAD:0.400000 > NZDUSD:0.311141 > USDJPY:0.288859 > AUDUSD:0.000000 > EURUSD:0.000000 > GBPUSD:0.000000 > USDCHF:0.000000,0.0,0.0,0.0,0.31114103282726235,0.4,0.0,0.2888589671727377
212,2026-09-16T18:00:00+00:00,USDJPY,29,USDJPY:0.400000 > USDCAD:0.381877 > NZDUSD:0.218123 > AUDUSD:0.000000 > EURUSD:0.000000 > GBPUSD:0.000000 > USDCHF:0.000000,0.0,0.0,0.0,0.21812287750173565,0.3818771224982644,0.0,0.4
213,2026-09-16T18:05:00+00:00,AUDUSD,30,USDJPY:0.400000 > USDCAD:0.295549 > NZDUSD:0.168813 > AUDUSD:0.135638 > EURUSD:0.000000 > GBPUSD:0.000000 > USDCHF:0.000000,0.1356382653421707,0.0,0.0,0.16881319627543862,0.2955485383823907,0.0,0.4
214,2026-09-16T18:20:00+00:00,GBPUSD,30,USDJPY:0.400000 > USDCAD:0.295549 > NZDUSD:0.168813 > AUDUSD:0.135638 > EURUSD:0.000000 > GBPUSD:0.000000 > USDCHF:0.000000,0.1356382653421707,0.0,0.0,0.16881319627543862,0.2955485383823907,0.0,0.4
215,2026-09-16T18:25:00+00:00,EURUSD,33,USDJPY:0.400000 > USDCAD:0.295549 > NZDUSD:0.168813 > AUDUSD:0.135638 > EURUSD:0.000000 > GBPUSD:0.000000 > USDCHF:0.000000,0.1356382653421707,0.0,0.0,0.16881319627543862,0.2955485383823907,0.0,0.4
216,2026-09-16T18:30:00+00:00,NZDUSD,30,USDCAD:0.400000 > USDJPY:0.400000 > AUDUSD:0.200000 > EURUSD:0.000000 > GBPUSD:0.000000 > NZDUSD:0.000000 > USDCHF:0.000000,0.19999999999999996,0.0,0.0,0.0,0.4,0.0,0.4
217,2026-09-16T18:35:00+00:00,USDCAD,29,USDCAD:0.400000 > USDJPY:0.400000 > AUDUSD:0.200000 > EURUSD:0.000000 > GBPUSD:0.000000 > NZDUSD:0.000000 > USDCHF:0.000000,0.19999999999999996,0.0,0.0,0.0,0.4,0.0,0.4
218,2026-09-16T19:25:00+00:00,USDCHF,30,USDCAD:0.400000 > USDCHF:0.400000 > USDJPY:0.162624 > AUDUSD:0.037376 > EURUSD:0.000000 > GBPUSD:0.000000 > NZDUSD:0.000000,0.03737593822049565,0.0,0.0,0.0,0.4,0.4,0.16262406177950428
219,2026-09-16T20:20:00+00:00,AUDUSD,31,USDCAD:0.400000 > USDCHF:0.400000 > USDJPY:0.200000 > AUDUSD:0.000000 > EURUSD:0.000000 > GBPUSD:0.000000 > NZDUSD:0.000000,0.0,0.0,0.0,0.0,0.4,0.4,0.19999999999999996
220,2026-09-17T00:55:00+00:00,USDJPY,30,USDJPY:0.371881 > USDCHF:0.364905 > USDCAD:0.263214 > AUDUSD:0.000000 > EURUSD:0.000000 > GBPUSD:0.000000 > NZDUSD:0.000000,0.0,0.0,0.0,0.0,0.2632136387064279,0.36490494729180084,0.3718814140017712
221,2026-09-17T01:20:00+00:00,NZDUSD,31,USDJPY:0.371881 > USDCHF:0.364905 > USDCAD:0.263214 > AUDUSD:0.000000 > EURUSD:0.000000 > GBPUSD:0.000000 > NZDUSD:0.000000,0.0,0.0,0.0,0.0,0.2632136387064279,0.36490494729180084,0.3718814140017712
222,2026-09-17T01:40:00+00:00,EURUSD,34,USDJPY:0.371881 > USDCHF:0.364905 > USDCAD:0.263214 > AUDUSD:0.000000 > EURUSD:0.000000 > GBPUSD:0.000000 > NZDUSD:0.000000,0.0,0.0,0.0,0.0,0.2632136387064279,0.36490494729180084,0.3718814140017712
223,2026-09-17T01:50:00+00:00,USDCAD,30,USDJPY:0.400000 > USDCHF:0.398492 > USDCAD:0.201508 > AUDUSD:0.000000 > EURUSD:0.000000 > GBPUSD:0.000000 > NZDUSD:0.000000,0.0,0.0,0.0,0.0,0.20150768874745098,0.39849231125254897,0.4
224,2026-09-17T04:10:00+00:00,USDCHF,31,USDJPY:0.400000 > USDCHF:0.325893 > USDCAD:0.274107 > AUDUSD:0.000000 > EURUSD:0.000000 > GBPUSD:0.000000 > NZDUSD:0.000000,0.0,0.0,0.0,0.0,0.27410667851074255,0.3258933214892575,0.4
225,2026-09-17T04:15:00+00:00,GBPUSD,31,USDJPY:0.400000 > USDCHF:0.325893 > USDCAD:0.274107 > AUDUSD:0.000000 > EURUSD:0.000000 > GBPUSD:0.000000 > NZDUSD:0.000000,0.0,0.0,0.0,0.0,0.27410667851074255,0.3258933214892575,0.4
226,2026-09-17T07:00:00+00:00,AUDUSD,32,USDJPY:0.400000 > USDCHF:0.302950 > USDCAD:0.254809 > AUDUSD:0.042241 > EURUSD:0.000000 > GBPUSD:0.000000 > NZDUSD:0.000000,0.04224113101104382,0.0,0.0,0.0,0.25480905164745193,0.3029498173415042,0.4
227,2026-09-17T07:20:00+00:00,USDJPY,31,USDCAD:0.400000 > USDCHF:0.400000 > USDJPY:0.108646 > AUDUSD:0.091354 > EURUSD:0.000000 > GBPUSD:0.000000 > NZDUSD:0.000000,0.09135350096306498,0.0,0.0,0.0,0.4,0.4,0.10864649903693499
228,2026-09-17T09:25:00+00:00,NZDUSD,32,USDCAD:0.400000 > USDCHF:0.400000 > USDJPY:0.108646 > AUDUSD:0.091354 > EURUSD:0.000000 > GBPUSD:0.000000 > NZDUSD:0.000000,0.09135350096306498,0.0,0.0,0.0,0.4,0.4,0.10864649903693499
229,2026-09-17T09:40:00+00:00,EURUSD,35,USDCAD:0.400000 > USDCHF:0.400000 > USDJPY:0.108646 > AUDUSD:0.091354 > EURUSD:0.000000 > GBPUSD:0.000000 > NZDUSD:0.000000,0.09135350096306498,0.0,0.0,0.0,0.4,0.4,0.10864649903693499
230,2026-09-17T09:50:00+00:00,GBPUSD,32,USDCAD:0.400000 > USDCHF:0.400000 > USDJPY:0.108646 > AUDUSD:0.091354 > EURUSD:0.000000 > GBPUSD:0.000000 > NZDUSD:0.000000,0.09135350096306498,0.0,0.0,0.0,0.4,0.4,0.10864649903693499
231,2026-09-17T10:25:00+00:00,USDCAD,31,USDCHF:0.400000 > USDCAD:0.331062 > USDJPY:0.146096 > AUDUSD:0.122842 > EURUSD:0.000000 > GBPUSD:0.000000 > NZDUSD:0.000000,0.12284222741836083,0.0,0.0,0.0,0.33106180688569997,0.4,0.1460959656959392
232,2026-09-17T10:35:00+00:00,USDCHF,32,USDCAD:0.362620 > USDCHF:0.342806 > USDJPY:0.160022 > AUDUSD:0.134552 > EURUSD:0.000000 > GBPUSD:0.000000 > NZDUSD:0.000000,0.13455190442420303,0.0,0.0,0.0,0.362619577442884,0.3428062617297088,0.16002225640320417
233,2026-09-17T13:05:00+00:00,USDJPY,32,USDCAD:0.367346 > USDCHF:0.347274 > USDJPY:0.149075 > AUDUSD:0.136306 > EURUSD:0.000000 > GBPUSD:0.000000 > NZDUSD:0.000000,0.1363055490160271,0.0,0.0,0.0,0.36734567822602426,0.3472741312072781,0.14907464155067046
234,2026-09-17T13:20:00+00:00,AUDUSD,33,USDCAD:0.371577 > USDCHF:0.351274 > USDJPY:0.150792 > AUDUSD:0.126356 > EURUSD:0.000000 > GBPUSD:0.000000 > NZDUSD:0.000000,0.12635641849723092,0.0,0.0,0.0,0.37157723267681725,0.3512744760667902,0.1507918727591617
235,2026-09-17T13:55:00+00:00,EURUSD,36,USDCAD:0.334951 > USDCHF:0.316649 > USDJPY:0.135928 > AUDUSD:0.113901 > EURUSD:0.098570 > GBPUSD:0.000000 > NZDUSD:0.000000,0.1139014263874528,0.09857031607817428,0.0,0.0,0.33495074740441005,0.3166492399306916,0.13592827019927128
236,2026-09-17T14:00:00+00:00,GBPUSD,33,USDCAD:0.334951 > USDCHF:0.316649 > USDJPY:0.135928 > AUDUSD:0.113901 > EURUSD:0.098570 > GBPUSD:0.000000 > NZDUSD:0.000000,0.1139014263874528,0.09857031607817428,0.0,0.0,0.33495074740441005,0.3166492399306916,0.13592827019927128
237,2026-09-17T14:30:00+00:00,NZDUSD,33,USDCAD:0.293267 > USDCHF:0.277243 > NZDUSD:0.124446 > USDJPY:0.119013 > AUDUSD:0.099727 > EURUSD:0.086304 > GBPUSD:0.000000,0.09972684438819275,0.08630363011771668,0.0,0.12444604469695647,0.29326745172164187,0.27724349446501945,0.1190125346104728
238,2026-09-17T14:55:00+00:00,USDCHF,33,USDCAD:0.363243 > NZDUSD:0.154140 > USDJPY:0.147410 > AUDUSD:0.123522 > EURUSD:0.106896 > USDCHF:0.104790 > GBPUSD:0.000000,0.12352222468793257,0.10689615675884129,0.0,0.15413956381439378,0.36324269846752477,0.1047897683010732,0.14740958797023437
239,2026-09-17T16:00:00+00:00,USDCAD,32,USDCAD:0.354981 > NZDUSD:0.156139 > USDJPY:0.149322 > AUDUSD:0.125125 > EURUSD:0.108283 > USDCHF:0.106149 > GBPUSD:0.000000,0.1251248714780229,0.10828308759606807,0.0,0.15613945717607153,0.3549810512380825,0.10614936967018967,0.14932216284156533
240,2026-09-18T00:45:00+00:00,AUDUSD,34,USDCAD:0.362833 > NZDUSD:0.159593 > USDJPY:0.152625 > EURUSD:0.110678 > USDCHF:0.108497 > AUDUSD:0.105774 > GBPUSD:0.000000,0.10577409318441064,0.11067812884562245,0.0,0.15959300148222133,0.3628326398785624,0.10849721663889332,0.1526249199702899
241,2026-09-18T02:20:00+00:00,GBPUSD,34,USDCAD:0.362833 > NZDUSD:0.159593 > USDJPY:0.152625 > EURUSD:0.110678 > USDCHF:0.108497 > AUDUSD:0.105774 > GBPUSD:0.000000,0.10577409318441064,0.11067812884562245,0.0,0.15959300148222133,0.3628326398785624,0.10849721663889332,0.1526249199702899
242,2026-09-18T03:05:00+00:00,EURUSD,37,USDCAD:0.400000 > NZDUSD:0.181876 > USDJPY:0.173935 > USDCHF:0.123646 > AUDUSD:0.120543 > EURUSD:0.000000 > GBPUSD:0.000000,0.12054274264424387,0.0,0.0,0.18187608634898858,0.4,0.12364608071011529,0.17393509029665227
243,2026-09-18T03:10:00+00:00,NZDUSD,34,USDCAD:0.400000 > USDJPY:0.249594 > USDCHF:0.177430 > AUDUSD:0.172977 > EURUSD:0.000000 > GBPUSD:0.000000 > NZDUSD:0.000000,0.17297658236049415,0.0,0.0,0.0,0.4,0.17742981447358727,0.2495936031659186
244,2026-09-18T03:10:00+00:00,USDJPY,33,USDJPY:0.400000 > USDCAD:0.377228 > USDCHF:0.112802 > AUDUSD:0.109971 > EURUSD:0.000000 > GBPUSD:0.000000 > NZDUSD:0.000000,0.10997057972559764,0.0,0.0,0.0,0.37722767976133537,0.112801740513067,0.4
245,2026-09-18T04:00:00+00:00,USDCHF,34,USDCAD:0.400000 > USDJPY:0.400000 > AUDUSD:0.200000 > EURUSD:0.000000 > GBPUSD:0.000000 > NZDUSD:0.000000 > USDCHF:0.000000,0.19999999999999996,0.0,0.0,0.0,0.4,0.0,0.4
246,2026-09-18T04:05:00+00:00,AUDUSD,35,USDJPY:0.400000 > USDCAD:0.360290 > AUDUSD:0.239710 > EURUSD:0.000000 > GBPUSD:0.000000 > NZDUSD:0.000000 > USDCHF:0.000000,0.23970972416053865,0.0,0.0,0.0,0.36029027583946127,0.0,0.4
247,2026-09-18T05:30:00+00:00,USDCAD,33,USDJPY:0.400000 > AUDUSD:0.373819 > USDCAD:0.226181 > EURUSD:0.000000 > GBPUSD:0.000000 > NZDUSD:0.000000 > USDCHF:0.000000,0.37381899400630114,0.0,0.0,0.0,0.22618100599369878,0.0,0.4
248,2026-09-18T06:35:00+00:00,USDJPY,34,USDJPY:0.400000 > AUDUSD:0.373819 > USDCAD:0.226181 > EURUSD:0.000000 > GBPUSD:0.000000 > NZDUSD:0.000000 > USDCHF:0.000000,0.37381899400630114,0.0,0.0,0.0,0.22618100599369878,0.0,0.4
249,2026-09-18T06:50:00+00:00,GBPUSD,35,USDJPY:0.400000 > AUDUSD:0.373819 > USDCAD:0.226181 > EURUSD:0.000000 > GBPUSD:0.000000 > NZDUSD:0.000000 > USDCHF:0.000000,0.37381899400630114,0.0,0.0,0.0,0.22618100599369878,0.0,0.4
250,2026-09-18T07:00:00+00:00,EURUSD,38,USDJPY:0.400000 > AUDUSD:0.373819 > USDCAD:0.226181 > EURUSD:0.000000 > GBPUSD:0.000000 > NZDUSD:0.000000 > USDCHF:0.000000,0.37381899400630114,0.0,0.0,0.0,0.22618100599369878,0.0,0.4
251,2026-09-18T07:10:00+00:00,NZDUSD,35,USDJPY:0.400000 > AUDUSD:0.373819 > USDCAD:0.226181 > EURUSD:0.000000 > GBPUSD:0.000000 > NZDUSD:0.000000 > USDCHF:0.000000,0.37381899400630114,0.0,0.0,0.0,0.22618100599369878,0.0,0.4
252,2026-09-18T08:55:00+00:00,USDCHF,35,USDJPY:0.390502 > USDCHF:0.246422 > AUDUSD:0.226208 > USDCAD:0.136868 > EURUSD:0.000000 > GBPUSD:0.000000 > NZDUSD:0.000000,0.22620762039133596,0.0,0.0,0.0,0.13686802426815872,0.24642248582867907,0.3905018695118263
253,2026-09-18T09:30:00+00:00,AUDUSD,36,USDJPY:0.400000 > USDCHF:0.311256 > USDCAD:0.172878 > AUDUSD:0.115866 > EURUSD:0.000000 > GBPUSD:0.000000 > NZDUSD:0.000000,0.11586575122215813,0.0,0.0,0.0,0.17287800340799286,0.31125624536984897,0.4
254,2026-09-18T10:20:00+00:00,USDCAD,34,USDJPY:0.370064 > USDCAD:0.309481 > USDCHF:0.233525 > AUDUSD:0.086930 > EURUSD:0.000000 > GBPUSD:0.000000 > NZDUSD:0.000000,0.08693018754444432,0.0,0.0,0.0,0.30948107011521925,0.2335251228165003,0.3700636195238362
255,2026-09-18T11:35:00+00:00,EURUSD,39,USDJPY:0.370064 > USDCAD:0.309481 > USDCHF:0.233525 > AUDUSD:0.086930 > EURUSD:0.000000 > GBPUSD:0.000000 > NZDUSD:0.000000,0.08693018754444432,0.0,0.0,0.0,0.30948107011521925,0.2335251228165003,0.3700636195238362
256,2026-09-18T12:05:00+00:00,GBPUSD,36,USDJPY:0.370064 > USDCAD:0.309481 > USDCHF:0.233525 > AUDUSD:0.086930 > EURUSD:0.000000 > GBPUSD:0.000000 > NZDUSD:0.000000,0.08693018754444432,0.0,0.0,0.0,0.30948107011521925,0.2335251228165003,0.3700636195238362
257,2026-09-18T12:20:00+00:00,USDJPY,35,USDJPY:0.400000 > USDCAD:0.294774 > USDCHF:0.222427 > AUDUSD:0.082799 > EURUSD:0.000000 > GBPUSD:0.000000 > NZDUSD:0.000000,0.0827990161280107,0.0,0.0,0.0,0.29477364353646474,0.22242734033552455,0.4
258,2026-09-18T12:55:00+00:00,NZDUSD,36,USDJPY:0.400000 > USDCAD:0.294774 > USDCHF:0.222427 > AUDUSD:0.082799 > EURUSD:0.000000 > GBPUSD:0.000000 > NZDUSD:0.000000,0.0827990161280107,0.0,0.0,0.0,0.29477364353646474,0.22242734033552455,0.4
259,2026-09-18T14:50:00+00:00,AUDUSD,37,USDJPY:0.400000 > USDCAD:0.341964 > USDCHF:0.258036 > AUDUSD:0.000000 > EURUSD:0.000000 > GBPUSD:0.000000 > NZDUSD:0.000000,0.0,0.0,0.0,0.0,0.3419641331650171,0.2580358668349828,0.4
260,2026-09-18T15:10:00+00:00,USDCHF,36,USDCAD:0.400000 > USDJPY:0.400000 > AUDUSD:0.040000 > EURUSD:0.040000 > GBPUSD:0.040000 > NZDUSD:0.040000 > USDCHF:0.040000,0.039999999999999994,0.039999999999999994,0.039999999999999994,0.039999999999999994,0.4,0.039999999999999994,0.4
261,2026-09-18T15:50:00+00:00,USDCAD,35,USDCAD:0.400000 > USDJPY:0.400000 > AUDUSD:0.040000 > EURUSD:0.040000 > GBPUSD:0.040000 > NZDUSD:0.040000 > USDCHF:0.040000,0.039999999999999994,0.039999999999999994,0.039999999999999994,0.039999999999999994,0.4,0.039999999999999994,0.4
262,2026-09-18T16:30:00+00:00,EURUSD,40,USDCAD:0.400000 > USDJPY:0.400000 > EURUSD:0.200000 > AUDUSD:0.000000 > GBPUSD:0.000000 > NZDUSD:0.000000 > USDCHF:0.000000,0.0,0.19999999999999996,0.0,0.0,0.4,0.0,0.4
263,2026-09-18T18:00:00+00:00,USDJPY,36,EURUSD:0.400000 > USDCAD:0.400000 > AUDUSD:0.040000 > GBPUSD:0.040000 > NZDUSD:0.040000 > USDCHF:0.040000 > USDJPY:0.040000,0.039999999999999994,0.4,0.039999999999999994,0.039999999999999994,0.4,0.039999999999999994,0.039999999999999994
264,2026-09-18T18:15:00+00:00,GBPUSD,37,GBPUSD:0.400000 > USDCAD:0.400000 > EURUSD:0.200000 > AUDUSD:0.000000 > NZDUSD:0.000000 > USDCHF:0.000000 > USDJPY:0.000000,0.0,0.19999999999999996,0.4,0.0,0.4,0.0,0.0
265,2026-09-20T22:55:00+00:00,NZDUSD,37,USDCAD:0.400000 > GBPUSD:0.282363 > NZDUSD:0.178967 > EURUSD:0.138670 > AUDUSD:0.000000 > USDCHF:0.000000 > USDJPY:0.000000,0.0,0.13866953831349169,0.28236317879508,0.17896728289142827,0.4,0.0,0.0
266,2026-09-21T05:20:00+00:00,AUDUSD,38,USDCAD:0.400000 > GBPUSD:0.204377 > AUDUSD:0.165715 > NZDUSD:0.129538 > EURUSD:0.100370 > USDCHF:0.000000 > USDJPY:0.000000,0.1657151012785166,0.100370144003716,0.2043767741761624,0.12953798054160498,0.4,0.0,0.0
267,2026-09-21T05:30:00+00:00,USDCHF,37,USDCAD:0.400000 > GBPUSD:0.204377 > AUDUSD:0.165715 > NZDUSD:0.129538 > EURUSD:0.100370 > USDCHF:0.000000 > USDJPY:0.000000,0.1657151012785166,0.100370144003716,0.2043767741761624,0.12953798054160498,0.4,0.0,0.0
268,2026-09-21T06:20:00+00:00,USDCAD,36,USDCAD:0.400000 > GBPUSD:0.204377 > AUDUSD:0.165715 > NZDUSD:0.129538 > EURUSD:0.100370 > USDCHF:0.000000 > USDJPY:0.000000,0.1657151012785166,0.100370144003716,0.2043767741761624,0.12953798054160498,0.4,0.0,0.0
269,2026-09-21T06:55:00+00:00,USDJPY,37,USDCAD:0.400000 > GBPUSD:0.170685 > AUDUSD:0.138397 > NZDUSD:0.108184 > USDJPY:0.098911 > EURUSD:0.083824 > USDCHF:0.000000,0.13839681396542808,0.08382403317618665,0.17068507442163658,0.10818352495433013,0.4,0.0,0.09891055348241848
270,2026-09-21T07:05:00+00:00,NZDUSD,38,USDCAD:0.400000 > GBPUSD:0.208230 > AUDUSD:0.168840 > USDJPY:0.120668 > EURUSD:0.102263 > NZDUSD:0.000000 > USDCHF:0.000000,0.16883958263404245,0.10226257650486735,0.2082302034381262,0.0,0.4,0.0,0.12066763742296395
271,2026-09-21T09:40:00+00:00,EURUSD,41,USDCAD:0.400000 > GBPUSD:0.200868 > AUDUSD:0.162870 > EURUSD:0.119861 > USDJPY:0.116401 > NZDUSD:0.000000 > USDCHF:0.000000,0.162869950833675,0.11986099214398778,0.20086784429906382,0.0,0.4,0.0,0.11640121272327333
272,2026-09-21T10:15:00+00:00,GBPUSD,38,USDCAD:0.400000 > AUDUSD:0.196792 > EURUSD:0.144826 > USDJPY:0.140645 > GBPUSD:0.117737 > NZDUSD:0.000000 > USDCHF:0.000000,0.1967924555877879,0.144825603817441,0.11773671802328368,0.0,0.4,0.0,0.14064522257148734
273,2026-09-21T10:55:00+00:00,AUDUSD,39,USDCAD:0.400000 > AUDUSD:0.207267 > EURUSD:0.141063 > USDJPY:0.136991 > GBPUSD:0.114678 > NZDUSD:0.000000 > USDCHF:0.000000,0.20726748645766369,0.14106314279269103,0.11467800602023913,0.0,0.4,0.0,0.13699136472940612
274,2026-09-21T11:15:00+00:00,USDCHF,38,USDCAD:0.400000 > AUDUSD:0.207267 > EURUSD:0.141063 > USDJPY:0.136991 > GBPUSD:0.114678 > NZDUSD:0.000000 > USDCHF:0.000000,0.20726748645766369,0.14106314279269103,0.11467800602023913,0.0,0.4,0.0,0.13699136472940612
275,2026-09-21T11:30:00+00:00,USDCAD,37,AUDUSD:0.289538 > EURUSD:0.197055 > USDJPY:0.191367 > USDCAD:0.161843 > GBPUSD:0.160197 > NZDUSD:0.000000 > USDCHF:0.000000,0.28953777939296127,0.1970550703172181,0.16019693091176088,0.0,0.16184313032009856,0.0,0.19136708905796115
276,2026-09-21T12:55:00+00:00,NZDUSD,39,AUDUSD:0.233875 > NZDUSD:0.192249 > EURUSD:0.159171 > USDJPY:0.154577 > USDCAD:0.130729 > GBPUSD:0.129399 > USDCHF:0.000000,0.23387452257751618,0.1591714925373177,0.12939928189655178,0.19224868316717597,0.13072900163640597,0.0,0.15457701818503244
277,2026-09-21T14:30:00+00:00,EURUSD,42,AUDUSD:0.278148 > NZDUSD:0.228642 > USDJPY:0.183839 > USDCAD:0.155476 > GBPUSD:0.153895 > EURUSD:0.000000 > USDCHF:0.000000,0.2781477084825124,0.0,0.15389497471610736,0.22864196618084853,0.1554764146031383,0.0,0.1838389360173934
278,2026-09-21T14:50:00+00:00,USDJPY,38,USDJPY:0.261462 > AUDUSD:0.251694 > NZDUSD:0.206896 > USDCAD:0.140689 > GBPUSD:0.139258 > EURUSD:0.000000 > USDCHF:0.000000,0.25169377220130745,0.0,0.13925840669493486,0.2068963978367618,0.14068943977030335,0.0,0.26146198349669264
279,2026-09-21T15:05:00+00:00,AUDUSD,40,USDJPY:0.279283 > NZDUSD:0.220998 > AUDUSD:0.200690 > USDCAD:0.150279 > GBPUSD:0.148750 > EURUSD:0.000000 > USDCHF:0.000000,0.20069020608453186,0.0,0.14875007613362978,0.22099818359555784,0.150278646537118,0.0,0.2792828876491626
280,2026-09-21T15:10:00+00:00,USDCHF,39,USDJPY:0.279283 > NZDUSD:0.220998 > AUDUSD:0.200690 > USDCAD:0.150279 > GBPUSD:0.148750 > EURUSD:0.000000 > USDCHF:0.000000,0.20069020608453186,0.0,0.14875007613362978,0.22099818359555784,0.150278646537118,0.0,0.2792828876491626
281,2026-09-21T15:25:00+00:00,GBPUSD,39,USDJPY:0.328086 > NZDUSD:0.259616 > AUDUSD:0.235759 > USDCAD:0.176539 > EURUSD:0.000000 > GBPUSD:0.000000 > USDCHF:0.000000,0.2357594408619722,0.0,0.0,0.2596160979278399,0.17653880760958382,0.0,0.3280856536006041
282,2026-09-21T16:55:00+00:00,USDCAD,38,USDCAD:0.400000 > USDJPY:0.239054 > NZDUSD:0.189165 > AUDUSD:0.171782 > EURUSD:0.000000 > GBPUSD:0.000000 > USDCHF:0.000000,0.1717818226582764,0.0,0.0,0.18916454132406887,0.4,0.0,0.23905363601765467
283,2026-09-21T19:30:00+00:00,NZDUSD,40,USDCAD:0.400000 > USDJPY:0.349123 > AUDUSD:0.250877 > EURUSD:0.000000 > GBPUSD:0.000000 > NZDUSD:0.000000 > USDCHF:0.000000,0.2508768204359576,0.0,0.0,0.0,0.4,0.0,0.3491231795640424
284,2026-09-22T02:55:00+00:00,AUDUSD,41,USDCAD:0.400000 > USDJPY:0.400000 > AUDUSD:0.040000 > EURUSD:0.040000 > GBPUSD:0.040000 > NZDUSD:0.040000 > USDCHF:0.040000,0.039999999999999994,0.039999999999999994,0.039999999999999994,0.039999999999999994,0.4,0.039999999999999994,0.4
285,2026-09-22T03:25:00+00:00,USDJPY,39,USDCAD:0.400000 > USDJPY:0.400000 > AUDUSD:0.040000 > EURUSD:0.040000 > GBPUSD:0.040000 > NZDUSD:0.040000 > USDCHF:0.040000,0.039999999999999994,0.039999999999999994,0.039999999999999994,0.039999999999999994,0.4,0.039999999999999994,0.4
286,2026-09-22T03:40:00+00:00,GBPUSD,40,USDCAD:0.400000 > USDJPY:0.305495 > GBPUSD:0.294505 > AUDUSD:0.000000 > EURUSD:0.000000 > NZDUSD:0.000000 > USDCHF:0.000000,0.0,0.0,0.29450514343288803,0.0,0.4,0.0,0.305494856567112
287,2026-09-22T04:25:00+00:00,USDCHF,40,USDCAD:0.400000 > USDJPY:0.305495 > GBPUSD:0.294505 > AUDUSD:0.000000 > EURUSD:0.000000 > NZDUSD:0.000000 > USDCHF:0.000000,0.0,0.0,0.29450514343288803,0.0,0.4,0.0,0.305494856567112
288,2026-09-22T05:00:00+00:00,EURUSD,43,USDCAD:0.400000 > USDJPY:0.212856 > GBPUSD:0.205199 > EURUSD:0.181945 > AUDUSD:0.000000 > NZDUSD:0.000000 > USDCHF:0.000000,0.0,0.18194467813873114,0.20519907087939188,0.0,0.4,0.0,0.2128562509818769
289,2026-09-22T05:30:00+00:00,NZDUSD,41,USDCAD:0.360121 > NZDUSD:0.224480 > USDJPY:0.147367 > GBPUSD:0.142066 > EURUSD:0.125966 > AUDUSD:0.000000 > USDCHF:0.000000,0.0,0.1259663302308044,0.14206611696407367,0.22447961280201717,0.36012050349897345,0.0,0.1473674365041314
290,2026-09-22T05:45:00+00:00,USDCAD,39,NZDUSD:0.260427 > USDCAD:0.257653 > USDJPY:0.170966 > GBPUSD:0.164816 > EURUSD:0.146138 > AUDUSD:0.000000 > USDCHF:0.000000,0.0,0.14613802003814305,0.16481595526039958,0.26042678304359695,0.25765303704309733,0.0,0.17096620461476317
291,2026-09-22T06:10:00+00:00,AUDUSD,42,NZDUSD:0.260427 > USDCAD:0.257653 > USDJPY:0.170966 > GBPUSD:0.164816 > EURUSD:0.146138 > AUDUSD:0.000000 > USDCHF:0.000000,0.0,0.14613802003814305,0.16481595526039958,0.26042678304359695,0.25765303704309733,0.0,0.17096620461476317
292,2026-09-22T08:15:00+00:00,EURUSD,44,NZDUSD:0.304999 > USDCAD:0.301750 > USDJPY:0.200227 > GBPUSD:0.193024 > AUDUSD:0.000000 > EURUSD:0.000000 > USDCHF:0.000000,0.0,0.0,0.19302411763053567,0.30499868732324925,0.30175021618201925,0.0,0.20022697886419585
293,2026-09-22T08:25:00+00:00,GBPUSD,41,NZDUSD:0.377953 > USDCAD:0.373927 > USDJPY:0.248120 > AUDUSD:0.000000 > EURUSD:0.000000 > GBPUSD:0.000000 > USDCHF:0.000000,0.0,0.0,0.0,0.37795266746721584,0.3739271801977676,0.0,0.2481201523350165
294,2026-09-22T08:30:00+00:00,USDJPY,40,NZDUSD:0.338717 > USDCAD:0.335110 > USDJPY:0.326173 > AUDUSD:0.000000 > EURUSD:0.000000 > GBPUSD:0.000000 > USDCHF:0.000000,0.0,0.0,0.0,0.3387174750853393,0.33510987286087834,0.0,0.32617265205378243
295,2026-09-22T08:40:00+00:00,USDCHF,41,NZDUSD:0.338717 > USDCAD:0.335110 > USDJPY:0.326173 > AUDUSD:0.000000 > EURUSD:0.000000 > GBPUSD:0.000000 > USDCHF:0.000000,0.0,0.0,0.0,0.3387174750853393,0.33510987286087834,0.0,0.32617265205378243
296,2026-09-22T08:50:00+00:00,USDCAD,40,USDCAD:0.377505 > NZDUSD:0.317120 > USDJPY:0.305375 > AUDUSD:0.000000 > EURUSD:0.000000 > GBPUSD:0.000000 > USDCHF:0.000000,0.0,0.0,0.0,0.31711978250668427,0.37750536060746004,0.0,0.30537485688585575
297,2026-09-22T09:15:00+00:00,NZDUSD,42,USDCAD:0.364751 > NZDUSD:0.340192 > USDJPY:0.295057 > AUDUSD:0.000000 > EURUSD:0.000000 > GBPUSD:0.000000 > USDCHF:0.000000,0.0,0.0,0.0,0.340192057266315,0.3647506970807573,0.0,0.2950572456529277
298,2026-09-22T10:25:00+00:00,AUDUSD,43,USDCAD:0.318492 > NZDUSD:0.297048 > USDJPY:0.257637 > AUDUSD:0.126822 > EURUSD:0.000000 > GBPUSD:0.000000 > USDCHF:0.000000,0.12682233200900767,0.0,0.0,0.29704810723285907,0.3184921630750645,0.0,0.25763739768306876
299,2026-09-22T10:55:00+00:00,EURUSD,45,USDCAD:0.269559 > NZDUSD:0.251410 > USDJPY:0.218054 > EURUSD:0.153639 > AUDUSD:0.107338 > GBPUSD:0.000000 > USDCHF:0.000000,0.10733751012488382,0.15363872888522448,0.0,0.2514100136198408,0.269559431980306,0.0,0.218054315389745
300,2026-09-22T12:25:00+00:00,USDCHF,42,USDCAD:0.269559 > NZDUSD:0.251410 > USDJPY:0.218054 > EURUSD:0.153639 > AUDUSD:0.107338 > GBPUSD:0.000000 > USDCHF:0.000000,0.10733751012488382,0.15363872888522448,0.0,0.2514100136198408,0.269559431980306,0.0,0.218054315389745
301,2026-09-22T12:50:00+00:00,GBPUSD,42,USDCAD:0.237960 > NZDUSD:0.221938 > USDJPY:0.192492 > EURUSD:0.135628 > GBPUSD:0.117228 > AUDUSD:0.094755 > USDCHF:0.000000,0.09475454167007198,0.13562795821660253,0.11722806351826072,0.22193770457408726,0.23795950176617237,0.0,0.1924922302548051
302,2026-09-22T13:25:00+00:00,USDJPY,41,USDCAD:0.294684 > NZDUSD:0.274843 > EURUSD:0.167959 > GBPUSD:0.145173 > AUDUSD:0.117342 > USDCHF:0.000000 > USDJPY:0.000000,0.11734195659810347,0.16795870367835505,0.1451726756205101,0.27484281005013567,0.2946838540528958,0.0,0.0
303,2026-09-22T14:20:00+00:00,USDCAD,41,USDCAD:0.400000 > NZDUSD:0.233804 > EURUSD:0.142880 > GBPUSD:0.123496 > AUDUSD:0.099821 > USDCHF:0.000000 > USDJPY:0.000000,0.09982073197023078,0.14287950557503717,0.12349583356743182,0.23380392888730014,0.4,0.0,0.0
304,2026-09-22T14:30:00+00:00,NZDUSD,43,USDCAD:0.400000 > EURUSD:0.234103 > GBPUSD:0.202344 > AUDUSD:0.163553 > NZDUSD:0.000000 > USDCHF:0.000000 > USDJPY:0.000000,0.16355292671533356,0.23410328539171824,0.20234378789294818,0.0,0.4,0.0,0.0
305,2026-09-22T16:15:00+00:00,EURUSD,46,USDCAD:0.400000 > GBPUSD:0.331805 > AUDUSD:0.268195 > EURUSD:0.000000 > NZDUSD:0.000000 > USDCHF:0.000000 > USDJPY:0.000000,0.26819523682866925,0.0,0.3318047631713307,0.0,0.4,0.0,0.0
306,2026-09-22T16:55:00+00:00,AUDUSD,44,GBPUSD:0.400000 > USDCAD:0.400000 > AUDUSD:0.040000 > EURUSD:0.040000 > NZDUSD:0.040000 > USDCHF:0.040000 > USDJPY:0.040000,0.039999999999999994,0.039999999999999994,0.4,0.039999999999999994,0.4,0.039999999999999994,0.039999999999999994
307,2026-09-22T19:30:00+00:00,USDCHF,43,GBPUSD:0.400000 > USDCAD:0.400000 > AUDUSD:0.040000 > EURUSD:0.040000 > NZDUSD:0.040000 > USDCHF:0.040000 > USDJPY:0.040000,0.039999999999999994,0.039999999999999994,0.4,0.039999999999999994,0.4,0.039999999999999994,0.039999999999999994
308,2026-09-22T23:55:00+00:00,GBPUSD,43,USDCAD:0.400000 > AUDUSD:0.100000 > EURUSD:0.100000 > GBPUSD:0.100000 > NZDUSD:0.100000 > USDCHF:0.100000 > USDJPY:0.100000,0.09999999999999999,0.09999999999999999,0.09999999999999999,0.09999999999999999,0.4,0.09999999999999999,0.09999999999999999
309,2026-09-23T00:45:00+00:00,USDJPY,42,USDCAD:0.400000 > USDJPY:0.400000 > AUDUSD:0.040000 > EURUSD:0.040000 > GBPUSD:0.040000 > NZDUSD:0.040000 > USDCHF:0.040000,0.039999999999999994,0.039999999999999994,0.039999999999999994,0.039999999999999994,0.4,0.039999999999999994,0.4
310,2026-09-23T02:15:00+00:00,USDCAD,42,USDCAD:0.400000 > USDJPY:0.400000 > AUDUSD:0.040000 > EURUSD:0.040000 > GBPUSD:0.040000 > NZDUSD:0.040000 > USDCHF:0.040000,0.039999999999999994,0.039999999999999994,0.039999999999999994,0.039999999999999994,0.4,0.039999999999999994,0.4
311,2026-09-23T06:30:00+00:00,NZDUSD,44,USDCAD:0.400000 > USDJPY:0.400000 > AUDUSD:0.040000 > EURUSD:0.040000 > GBPUSD:0.040000 > NZDUSD:0.040000 > USDCHF:0.040000,0.039999999999999994,0.039999999999999994,0.039999999999999994,0.039999999999999994,0.4,0.039999999999999994,0.4
312,2026-09-23T06:35:00+00:00,GBPUSD,44,USDCAD:0.400000 > USDJPY:0.400000 > AUDUSD:0.040000 > EURUSD:0.040000 > GBPUSD:0.040000 > NZDUSD:0.040000 > USDCHF:0.040000,0.039999999999999994,0.039999999999999994,0.039999999999999994,0.039999999999999994,0.4,0.039999999999999994,0.4
313,2026-09-23T07:10:00+00:00,USDJPY,43,USDCAD:0.400000 > USDJPY:0.400000 > AUDUSD:0.040000 > EURUSD:0.040000 > GBPUSD:0.040000 > NZDUSD:0.040000 > USDCHF:0.040000,0.039999999999999994,0.039999999999999994,0.039999999999999994,0.039999999999999994,0.4,0.039999999999999994,0.4
314,2026-09-23T07:45:00+00:00,USDCAD,43,USDCAD:0.400000 > USDJPY:0.400000 > AUDUSD:0.040000 > EURUSD:0.040000 > GBPUSD:0.040000 > NZDUSD:0.040000 > USDCHF:0.040000,0.039999999999999994,0.039999999999999994,0.039999999999999994,0.039999999999999994,0.4,0.039999999999999994,0.4
315,2026-09-23T09:00:00+00:00,EURUSD,47,USDCAD:0.400000 > USDJPY:0.400000 > AUDUSD:0.040000 > EURUSD:0.040000 > GBPUSD:0.040000 > NZDUSD:0.040000 > USDCHF:0.040000,0.039999999999999994,0.039999999999999994,0.039999999999999994,0.039999999999999994,0.4,0.039999999999999994,0.4
316,2026-09-23T09:20:00+00:00,AUDUSD,45,USDCAD:0.400000 > USDJPY:0.400000 > AUDUSD:0.040000 > EURUSD:0.040000 > GBPUSD:0.040000 > NZDUSD:0.040000 > USDCHF:0.040000,0.039999999999999994,0.039999999999999994,0.039999999999999994,0.039999999999999994,0.4,0.039999999999999994,0.4
317,2026-09-23T10:50:00+00:00,USDCHF,44,USDCAD:0.400000 > USDJPY:0.310344 > USDCHF:0.289656 > AUDUSD:0.000000 > EURUSD:0.000000 > GBPUSD:0.000000 > NZDUSD:0.000000,0.0,0.0,0.0,0.0,0.4,0.28965574315343634,0.31034425684656375
318,2026-09-23T11:05:00+00:00,GBPUSD,45,USDCAD:0.400000 > USDJPY:0.310344 > USDCHF:0.289656 > AUDUSD:0.000000 > EURUSD:0.000000 > GBPUSD:0.000000 > NZDUSD:0.000000,0.0,0.0,0.0,0.0,0.4,0.28965574315343634,0.31034425684656375
319,2026-09-23T12:05:00+00:00,NZDUSD,45,USDCAD:0.400000 > USDJPY:0.310344 > USDCHF:0.289656 > AUDUSD:0.000000 > EURUSD:0.000000 > GBPUSD:0.000000 > NZDUSD:0.000000,0.0,0.0,0.0,0.0,0.4,0.28965574315343634,0.31034425684656375
320,2026-09-23T13:20:00+00:00,EURUSD,48,USDCAD:0.400000 > USDJPY:0.310344 > USDCHF:0.289656 > AUDUSD:0.000000 > EURUSD:0.000000 > GBPUSD:0.000000 > NZDUSD:0.000000,0.0,0.0,0.0,0.0,0.4,0.28965574315343634,0.31034425684656375
321,2026-09-23T13:25:00+00:00,USDJPY,44,USDCAD:0.400000 > USDCHF:0.330471 > USDJPY:0.269529 > AUDUSD:0.000000 > EURUSD:0.000000 > GBPUSD:0.000000 > NZDUSD:0.000000,0.0,0.0,0.0,0.0,0.4,0.3304705399636779,0.2695294600363221
322,2026-09-23T13:45:00+00:00,USDCAD,44,USDCAD:0.382696 > USDCHF:0.340001 > USDJPY:0.277303 > AUDUSD:0.000000 > EURUSD:0.000000 > GBPUSD:0.000000 > NZDUSD:0.000000,0.0,0.0,0.0,0.0,0.3826960106081952,0.3400013044934037,0.27730268489840104
323,2026-09-23T14:15:00+00:00,AUDUSD,46,USDCAD:0.382696 > USDCHF:0.340001 > USDJPY:0.277303 > AUDUSD:0.000000 > EURUSD:0.000000 > GBPUSD:0.000000 > NZDUSD:0.000000,0.0,0.0,0.0,0.0,0.3826960106081952,0.3400013044934037,0.27730268489840104
324,2026-09-23T14:50:00+00:00,USDCHF,45,USDCAD:0.373265 > USDCHF:0.356265 > USDJPY:0.270469 > AUDUSD:0.000000 > EURUSD:0.000000 > GBPUSD:0.000000 > NZDUSD:0.000000,0.0,0.0,0.0,0.0,0.3732654349902507,0.35626530368123954,0.2704692613285098
325,2026-09-23T15:45:00+00:00,GBPUSD,46,USDCAD:0.373265 > USDCHF:0.356265 > USDJPY:0.270469 > AUDUSD:0.000000 > EURUSD:0.000000 > GBPUSD:0.000000 > NZDUSD:0.000000,0.0,0.0,0.0,0.0,0.3732654349902507,0.35626530368123954,0.2704692613285098
326,2026-09-23T16:05:00+00:00,NZDUSD,46,USDCAD:0.373265 > USDCHF:0.356265 > USDJPY:0.270469 > AUDUSD:0.000000 > EURUSD:0.000000 > GBPUSD:0.000000 > NZDUSD:0.000000,0.0,0.0,0.0,0.0,0.3732654349902507,0.35626530368123954,0.2704692613285098
327,2026-09-23T17:55:00+00:00,EURUSD,49,USDCAD:0.373265 > USDCHF:0.356265 > USDJPY:0.270469 > AUDUSD:0.000000 > EURUSD:0.000000 > GBPUSD:0.000000 > NZDUSD:0.000000,0.0,0.0,0.0,0.0,0.3732654349902507,0.35626530368123954,0.2704692613285098
328,2026-09-23T18:05:00+00:00,USDJPY,45,USDJPY:0.400000 > USDCAD:0.306991 > USDCHF:0.293009 > AUDUSD:0.000000 > EURUSD:0.000000 > GBPUSD:0.000000 > NZDUSD:0.000000,0.0,0.0,0.0,0.0,0.3069908492162931,0.2930091507837068,0.4
329,2026-09-23T19:20:00+00:00,USDCAD,45,USDJPY:0.400000 > USDCHF:0.334562 > USDCAD:0.265438 > AUDUSD:0.000000 > EURUSD:0.000000 > GBPUSD:0.000000 > NZDUSD:0.000000,0.0,0.0,0.0,0.0,0.2654378263433549,0.33456217365664503,0.4
330,2026-09-23T22:20:00+00:00,AUDUSD,47,USDJPY:0.400000 > USDCHF:0.334562 > USDCAD:0.265438 > AUDUSD:0.000000 > EURUSD:0.000000 > GBPUSD:0.000000 > NZDUSD:0.000000,0.0,0.0,0.0,0.0,0.2654378263433549,0.33456217365664503,0.4
331,2026-09-24T00:20:00+00:00,USDCHF,46,USDJPY:0.400000 > USDCHF:0.349132 > USDCAD:0.250868 > AUDUSD:0.000000 > EURUSD:0.000000 > GBPUSD:0.000000 > NZDUSD:0.000000,0.0,0.0,0.0,0.0,0.2508682043206917,0.3491317956793083,0.4
332,2026-09-24T03:25:00+00:00,NZDUSD,47,USDJPY:0.400000 > USDCHF:0.349132 > USDCAD:0.250868 > AUDUSD:0.000000 > EURUSD:0.000000 > GBPUSD:0.000000 > NZDUSD:0.000000,0.0,0.0,0.0,0.0,0.2508682043206917,0.3491317956793083,0.4
333,2026-09-24T04:20:00+00:00,GBPUSD,47,USDJPY:0.400000 > USDCHF:0.349132 > USDCAD:0.250868 > AUDUSD:0.000000 > EURUSD:0.000000 > GBPUSD:0.000000 > NZDUSD:0.000000,0.0,0.0,0.0,0.0,0.2508682043206917,0.3491317956793083,0.4
334,2026-09-24T05:10:00+00:00,USDJPY,46,USDCAD:0.400000 > USDCHF:0.400000 > AUDUSD:0.040000 > EURUSD:0.040000 > GBPUSD:0.040000 > NZDUSD:0.040000 > USDJPY:0.040000,0.039999999999999994,0.039999999999999994,0.039999999999999994,0.039999999999999994,0.4,0.4,0.039999999999999994
335,2026-09-24T05:35:00+00:00,AUDUSD,48,USDCAD:0.400000 > USDCHF:0.400000 > AUDUSD:0.040000 > EURUSD:0.040000 > GBPUSD:0.040000 > NZDUSD:0.040000 > USDJPY:0.040000,0.039999999999999994,0.039999999999999994,0.039999999999999994,0.039999999999999994,0.4,0.4,0.039999999999999994
336,2026-09-24T05:45:00+00:00,USDCHF,47,USDCAD:0.400000 > USDCHF:0.400000 > AUDUSD:0.040000 > EURUSD:0.040000 > GBPUSD:0.040000 > NZDUSD:0.040000 > USDJPY:0.040000,0.039999999999999994,0.039999999999999994,0.039999999999999994,0.039999999999999994,0.4,0.4,0.039999999999999994
337,2026-09-24T07:30:00+00:00,NZDUSD,48,USDCAD:0.400000 > USDCHF:0.400000 > AUDUSD:0.040000 > EURUSD:0.040000 > GBPUSD:0.040000 > NZDUSD:0.040000 > USDJPY:0.040000,0.039999999999999994,0.039999999999999994,0.039999999999999994,0.039999999999999994,0.4,0.4,0.039999999999999994
338,2026-09-24T07:35:00+00:00,EURUSD,50,USDCAD:0.400000 > USDCHF:0.400000 > AUDUSD:0.040000 > EURUSD:0.040000 > GBPUSD:0.040000 > NZDUSD:0.040000 > USDJPY:0.040000,0.039999999999999994,0.039999999999999994,0.039999999999999994,0.039999999999999994,0.4,0.4,0.039999999999999994
339,2026-09-24T08:15:00+00:00,GBPUSD,48,USDCAD:0.400000 > USDCHF:0.400000 > AUDUSD:0.040000 > EURUSD:0.040000 > GBPUSD:0.040000 > NZDUSD:0.040000 > USDJPY:0.040000,0.039999999999999994,0.039999999999999994,0.039999999999999994,0.039999999999999994,0.4,0.4,0.039999999999999994
340,2026-09-24T09:00:00+00:00,USDCAD,46,USDCAD:0.400000 > USDCHF:0.400000 > AUDUSD:0.040000 > EURUSD:0.040000 > GBPUSD:0.040000 > NZDUSD:0.040000 > USDJPY:0.040000,0.039999999999999994,0.039999999999999994,0.039999999999999994,0.039999999999999994,0.4,0.4,0.039999999999999994
341,2026-09-24T09:00:00+00:00,USDCHF,48,USDCAD:0.400000 > USDCHF:0.400000 > AUDUSD:0.040000 > EURUSD:0.040000 > GBPUSD:0.040000 > NZDUSD:0.040000 > USDJPY:0.040000,0.039999999999999994,0.039999999999999994,0.039999999999999994,0.039999999999999994,0.4,0.4,0.039999999999999994
342,2026-09-24T10:05:00+00:00,AUDUSD,49,USDCAD:0.400000 > USDCHF:0.400000 > AUDUSD:0.040000 > EURUSD:0.040000 > GBPUSD:0.040000 > NZDUSD:0.040000 > USDJPY:0.040000,0.039999999999999994,0.039999999999999994,0.039999999999999994,0.039999999999999994,0.4,0.4,0.039999999999999994
343,2026-09-24T10:25:00+00:00,USDJPY,47,USDCHF:0.372134 > USDJPY:0.346336 > USDCAD:0.281529 > AUDUSD:0.000000 > EURUSD:0.000000 > GBPUSD:0.000000 > NZDUSD:0.000000,0.0,0.0,0.0,0.0,0.2815292817217809,0.372134324565956,0.34633639371226316
344,2026-09-24T11:30:00+00:00,EURUSD,51,USDCHF:0.372134 > USDJPY:0.346336 > USDCAD:0.281529 > AUDUSD:0.000000 > EURUSD:0.000000 > GBPUSD:0.000000 > NZDUSD:0.000000,0.0,0.0,0.0,0.0,0.2815292817217809,0.372134324565956,0.34633639371226316
345,2026-09-24T12:45:00+00:00,NZDUSD,49,USDCHF:0.372134 > USDJPY:0.346336 > USDCAD:0.281529 > AUDUSD:0.000000 > EURUSD:0.000000 > GBPUSD:0.000000 > NZDUSD:0.000000,0.0,0.0,0.0,0.0,0.2815292817217809,0.372134324565956,0.34633639371226316
346,2026-09-24T13:25:00+00:00,GBPUSD,49,USDCHF:0.372134 > USDJPY:0.346336 > USDCAD:0.281529 > AUDUSD:0.000000 > EURUSD:0.000000 > GBPUSD:0.000000 > NZDUSD:0.000000,0.0,0.0,0.0,0.0,0.2815292817217809,0.372134324565956,0.34633639371226316
347,2026-09-24T15:00:00+00:00,USDCHF,49,USDJPY:0.358322 > USDCHF:0.350406 > USDCAD:0.291272 > AUDUSD:0.000000 > EURUSD:0.000000 > GBPUSD:0.000000 > NZDUSD:0.000000,0.0,0.0,0.0,0.0,0.2912719536726264,0.35040624971868267,0.35832179660869096
348,2026-09-24T15:10:00+00:00,USDCAD,47,USDCAD:0.400000 > USDJPY:0.303351 > USDCHF:0.296649 > AUDUSD:0.000000 > EURUSD:0.000000 > GBPUSD:0.000000 > NZDUSD:0.000000,0.0,0.0,0.0,0.0,0.4,0.29664940017640334,0.30335059982359663
349,2026-09-24T15:45:00+00:00,AUDUSD,50,USDCAD:0.400000 > USDJPY:0.303351 > USDCHF:0.296649 > AUDUSD:0.000000 > EURUSD:0.000000 > GBPUSD:0.000000 > NZDUSD:0.000000,0.0,0.0,0.0,0.0,0.4,0.29664940017640334,0.30335059982359663
350,2026-09-24T17:20:00+00:00,USDJPY,48,USDCAD:0.400000 > USDCHF:0.350452 > USDJPY:0.249548 > AUDUSD:0.000000 > EURUSD:0.000000 > GBPUSD:0.000000 > NZDUSD:0.000000,0.0,0.0,0.0,0.0,0.4,0.35045176742571793,0.2495482325742821
351,2026-09-24T18:00:00+00:00,EURUSD,52,USDCAD:0.400000 > USDCHF:0.350452 > USDJPY:0.249548 > AUDUSD:0.000000 > EURUSD:0.000000 > GBPUSD:0.000000 > NZDUSD:0.000000,0.0,0.0,0.0,0.0,0.4,0.35045176742571793,0.2495482325742821
352,2026-09-24T18:25:00+00:00,NZDUSD,50,USDCAD:0.400000 > USDCHF:0.350452 > USDJPY:0.249548 > AUDUSD:0.000000 > EURUSD:0.000000 > GBPUSD:0.000000 > NZDUSD:0.000000,0.0,0.0,0.0,0.0,0.4,0.35045176742571793,0.2495482325742821
353,2026-09-24T21:40:00+00:00,GBPUSD,50,USDCAD:0.400000 > USDCHF:0.350452 > USDJPY:0.249548 > AUDUSD:0.000000 > EURUSD:0.000000 > GBPUSD:0.000000 > NZDUSD:0.000000,0.0,0.0,0.0,0.0,0.4,0.35045176742571793,0.2495482325742821
354,2026-09-25T03:00:00+00:00,USDCHF,50,USDCAD:0.400000 > USDJPY:0.367550 > USDCHF:0.232450 > AUDUSD:0.000000 > EURUSD:0.000000 > GBPUSD:0.000000 > NZDUSD:0.000000,0.0,0.0,0.0,0.0,0.4,0.23244968573640237,0.3675503142635976
355,2026-09-25T03:05:00+00:00,USDCAD,48,USDCAD:0.400000 > USDJPY:0.367550 > USDCHF:0.232450 > AUDUSD:0.000000 > EURUSD:0.000000 > GBPUSD:0.000000 > NZDUSD:0.000000,0.0,0.0,0.0,0.0,0.4,0.23244968573640237,0.3675503142635976
356,2026-09-25T06:00:00+00:00,USDJPY,49,USDCAD:0.400000 > USDCHF:0.400000 > AUDUSD:0.040000 > EURUSD:0.040000 > GBPUSD:0.040000 > NZDUSD:0.040000 > USDJPY:0.040000,0.039999999999999994,0.039999999999999994,0.039999999999999994,0.039999999999999994,0.4,0.4,0.039999999999999994
357,2026-09-25T06:05:00+00:00,AUDUSD,51,USDCAD:0.400000 > USDCHF:0.400000 > AUDUSD:0.040000 > EURUSD:0.040000 > GBPUSD:0.040000 > NZDUSD:0.040000 > USDJPY:0.040000,0.039999999999999994,0.039999999999999994,0.039999999999999994,0.039999999999999994,0.4,0.4,0.039999999999999994
358,2026-09-25T08:25:00+00:00,USDCAD,49,USDCAD:0.400000 > USDCHF:0.400000 > AUDUSD:0.040000 > EURUSD:0.040000 > GBPUSD:0.040000 > NZDUSD:0.040000 > USDJPY:0.040000,0.039999999999999994,0.039999999999999994,0.039999999999999994,0.039999999999999994,0.4,0.4,0.039999999999999994
359,2026-09-25T09:25:00+00:00,USDCHF,51,USDCAD:0.400000 > USDCHF:0.400000 > AUDUSD:0.040000 > EURUSD:0.040000 > GBPUSD:0.040000 > NZDUSD:0.040000 > USDJPY:0.040000,0.039999999999999994,0.039999999999999994,0.039999999999999994,0.039999999999999994,0.4,0.4,0.039999999999999994
360,2026-09-25T09:50:00+00:00,EURUSD,53,USDCAD:0.400000 > USDCHF:0.400000 > EURUSD:0.200000 > AUDUSD:0.000000 > GBPUSD:0.000000 > NZDUSD:0.000000 > USDJPY:0.000000,0.0,0.19999999999999996,0.0,0.0,0.4,0.4,0.0
361,2026-09-25T10:30:00+00:00,USDJPY,50,USDCAD:0.400000 > USDCHF:0.400000 > EURUSD:0.200000 > AUDUSD:0.000000 > GBPUSD:0.000000 > NZDUSD:0.000000 > USDJPY:0.000000,0.0,0.19999999999999996,0.0,0.0,0.4,0.4,0.0
362,2026-09-25T11:00:00+00:00,AUDUSD,52,USDCAD:0.400000 > USDCHF:0.318486 > AUDUSD:0.161155 > EURUSD:0.120359 > GBPUSD:0.000000 > NZDUSD:0.000000 > USDJPY:0.000000,0.16115493172022927,0.12035885849477103,0.0,0.0,0.4,0.31848620978499975,0.0
363,2026-09-25T11:30:00+00:00,GBPUSD,51,USDCAD:0.367682 > USDCHF:0.268316 > AUDUSD:0.135769 > GBPUSD:0.126834 > EURUSD:0.101399 > NZDUSD:0.000000 > USDJPY:0.000000,0.13576884263465153,0.10139921095949699,0.12683394954578447,0.0,0.36768164044428386,0.2683163564157832,0.0
364,2026-09-25T11:40:00+00:00,NZDUSD,51,USDCAD:0.367682 > USDCHF:0.268316 > AUDUSD:0.135769 > GBPUSD:0.126834 > EURUSD:0.101399 > NZDUSD:0.000000 > USDJPY:0.000000,0.13576884263465153,0.10139921095949699,0.12683394954578447,0.0,0.36768164044428386,0.2683163564157832,0.0
365,2026-09-25T13:35:00+00:00,USDCAD,50,USDCHF:0.361564 > AUDUSD:0.182953 > GBPUSD:0.170913 > USDCAD:0.147932 > EURUSD:0.136639 > NZDUSD:0.000000 > USDJPY:0.000000,0.18295263561064334,0.13663851391736673,0.17091259602728798,0.0,0.14793182161080573,0.3615644328338963,0.0
366,2026-09-25T14:30:00+00:00,EURUSD,54,USDCHF:0.348618 > AUDUSD:0.176401 > EURUSD:0.167554 > GBPUSD:0.164793 > USDCAD:0.142635 > NZDUSD:0.000000 > USDJPY:0.000000,0.17640148045317922,0.16755370152003762,0.16479256976364548,0.0,0.14263468930733256,0.3486175589558051,0.0
367,2026-09-25T14:35:00+00:00,USDCHF,52,USDCHF:0.247403 > AUDUSD:0.203811 > EURUSD:0.193589 > GBPUSD:0.190399 > USDCAD:0.164798 > NZDUSD:0.000000 > USDJPY:0.000000,0.20381149330561488,0.19358890882293997,0.19039874066200324,0.0,0.16479787442955066,0.24740298277989128,0.0
368,2026-09-25T15:35:00+00:00,AUDUSD,53,USDCHF:0.310734 > EURUSD:0.243145 > GBPUSD:0.239138 > USDCAD:0.206983 > AUDUSD:0.000000 > NZDUSD:0.000000 > USDJPY:0.000000,0.0,0.24314456588513475,0.2391377658194296,0.0,0.20698348826179164,0.31073418003364406,0.0
369,2026-09-25T16:00:00+00:00,NZDUSD,52,USDCHF:0.237890 > NZDUSD:0.234425 > EURUSD:0.186145 > GBPUSD:0.183078 > USDCAD:0.158461 > AUDUSD:0.000000 > USDJPY:0.000000,0.0,0.1861454059203097,0.18307789987937867,0.23442497987700167,0.1584613881911495,0.2378903261321604,0.0
370,2026-09-25T16:15:00+00:00,USDJPY,51,USDCHF:0.237890 > NZDUSD:0.234425 > EURUSD:0.186145 > GBPUSD:0.183078 > USDCAD:0.158461 > AUDUSD:0.000000 > USDJPY:0.000000,0.0,0.1861454059203097,0.18307789987937867,0.23442497987700167,0.1584613881911495,0.2378903261321604,0.0
371,2026-09-25T16:20:00+00:00,GBPUSD,52,USDCHF:0.225773 > GBPUSD:0.224688 > NZDUSD:0.222485 > EURUSD:0.176664 > USDCAD:0.150390 > AUDUSD:0.000000 > USDJPY:0.000000,0.0,0.1766640976598984,0.22468779198330793,0.2224845535894676,0.1503901641854591,0.225773392581867,0.0
