portfolio,trade_index,exit_time_utc,rolling_trades,rolling_total_R_weighted,rolling_return_pct
adaptive,1,2026-09-04T00:50:00+00:00,1,0.04602152490234318,0.023010762451169953
adaptive,2,2026-09-04T07:30:00+00:00,2,2.6710215249034674,1.3358127787089114
adaptive,3,2026-09-07T08:00:00+00:00,3,2.626297115454648,1.3131518567961908
adaptive,4,2026-09-07T08:05:00+00:00,4,2.1741232024111694,1.0840960352069162
adaptive,5,2026-09-08T06:00:00+00:00,5,1.8451318136727237,0.9178170495369509
adaptive,6,2026-09-09T05:05:00+00:00,6,2.0308460993870168,1.0115264510829558
adaptive,7,2026-09-10T01:25:00+00:00,7,1.9850768686177858,0.9884103517604936
adaptive,8,2026-09-14T08:10:00+00:00,8,1.9450690662770835,0.9682087299602182
adaptive,9,2026-09-14T12:20:00+00:00,9,2.03424966624839,1.0132307571230514
adaptive,10,2026-09-15T14:25:00+00:00,10,1.9908977109411279,0.9913351517969238
adaptive,11,2026-09-16T00:35:00+00:00,11,2.5733538512919654,1.2854502682038804
adaptive,12,2026-09-16T17:05:00+00:00,12,2.690836368774468,1.344946616613174
adaptive,13,2026-09-16T17:50:00+00:00,13,2.684775762713851,1.3418755576247943
adaptive,14,2026-09-21T11:55:00+00:00,14,2.5168098430665222,1.2567656509906877
adaptive,15,2026-09-22T01:20:00+00:00,15,2.7684227462923827,1.3841531948742158
adaptive,16,2026-09-22T15:35:00+00:00,16,2.9935829524172646,1.4982915790299867
adaptive,17,2026-09-23T01:00:00+00:00,17,2.9535646597343375,1.4779826373338523
adaptive,18,2026-09-23T03:50:00+00:00,18,3.022328704678149,1.5128728201282637
adaptive,19,2026-09-23T07:00:00+00:00,19,3.155937633365073,1.580687951055415
adaptive,20,2026-09-23T11:35:00+00:00,20,3.2422121431689854,1.6245070713480247
adaptive,21,2026-09-24T23:55:00+00:00,20,3.4187712634279337,1.7142001001245522
equal_weight,1,2026-09-04T00:50:00+00:00,1,0.035486806187442654,0.01774340309372846
equal_weight,2,2026-09-04T07:30:00+00:00,2,0.9729868061878442,0.48657657529591614
equal_weight,3,2026-09-07T08:00:00+00:00,3,0.813256772442061,0.4063229539590596
equal_weight,4,2026-09-07T08:10:00+00:00,4,0.6592389152992046,0.3290011204342358
equal_weight,5,2026-09-07T23:05:00+00:00,5,0.7022425139267058,0.3505736609086485
equal_weight,6,2026-09-08T06:00:00+00:00,6,0.5549303666145585,0.2766593684586871
equal_weight,7,2026-09-08T10:35:00+00:00,7,0.3929405706961913,0.19544039052632467
equal_weight,8,2026-09-08T11:05:00+00:00,8,0.25002718486941966,0.12384404237324453
equal_weight,9,2026-09-08T16:10:00+00:00,9,0.10701247898706671,0.05224813183559718
equal_weight,10,2026-09-08T18:55:00+00:00,10,0.49202720652758763,0.24485607710706958
equal_weight,11,2026-09-09T05:05:00+00:00,11,0.5583537371398352,0.278100544683646
equal_weight,12,2026-09-09T10:10:00+00:00,12,0.5866890382024104,0.2923075955282295
equal_weight,13,2026-09-09T14:20:00+00:00,13,0.4258246924641154,0.2116403133085365
equal_weight,14,2026-09-10T01:25:00+00:00,14,0.2623631540025756,0.12973656882169227
equal_weight,15,2026-09-10T18:10:00+00:00,15,0.27925130461165576,0.1381915991798044
equal_weight,16,2026-09-10T19:00:00+00:00,16,0.3602036855640347,0.17872372435088213
equal_weight,17,2026-09-11T08:55:00+00:00,17,0.4704521327689782,0.23394646801879748
equal_weight,18,2026-09-11T12:30:00+00:00,18,0.6224084566998279,0.31010237821060826
equal_weight,19,2026-09-11T12:30:00+00:00,19,0.46981105410242524,0.2335670728246253
equal_weight,20,2026-09-14T08:10:00+00:00,20,0.3269260457427745,0.16195770247902086
equal_weight,21,2026-09-14T12:20:00+00:00,20,0.335075603191701,0.16603835657458266
equal_weight,22,2026-09-15T14:25:00+00:00,20,-0.7572528086203522,-0.37848026038611593
equal_weight,23,2026-09-16T00:35:00+00:00,20,-0.3895027247492698,-0.19515473622728763
equal_weight,24,2026-09-16T17:05:00+00:00,20,-0.1935268256483768,-0.09728264455214353
equal_weight,25,2026-09-16T17:50:00+00:00,20,-0.23869492644038418,-0.11983987437640398
equal_weight,26,2026-09-21T11:55:00+00:00,20,-0.2644210085044949,-0.13269697038836847
equal_weight,27,2026-09-22T01:20:00+00:00,20,-0.012569461434034696,-0.006836355863248933
equal_weight,28,2026-09-22T15:35:00+00:00,20,0.3397035303040518,0.16941404139325655
equal_weight,29,2026-09-23T03:50:00+00:00,20,0.7283041109857314,0.364182777676092
equal_weight,30,2026-09-23T07:00:00+00:00,20,0.5211115612673956,0.26040899519852445
equal_weight,31,2026-09-23T07:05:00+00:00,20,0.31189009490306946,0.1555606174029167
equal_weight,32,2026-09-23T11:35:00+00:00,20,0.314367118770463,0.15680088025731287
equal_weight,33,2026-09-24T23:55:00+00:00,20,0.554724552066362,0.2772649300436303
