instrument,symbol,side,signal_time,entry_time,entry,stop,equilibrium,target,exit_time,exit_price,exit_reason,r_multiple,htf_purge_time,liquidity_level,candles_between,sweep_size_atr,stop_distance_atr,target_distance_atr,equilibrium_distance_atr,entry_body_ratio,entry_wick_ratio,reentry_penetration_atr,session,range_ratio,volume_ratio,volatility_regime,source_file,outcome,session_liquidity_overlap,volatility_compression,sweep_risk_normalization,reentry_momentum,overlap_sweep_confirmation,compression_sweep_confirmation,overlap_reentry_momentum
AUDUSD,AUDUSD,SHORT,2026-09-03T07:25:00+00:00,2026-09-03T07:25:00+00:00,0.71709,0.7175072142857143,0.7165900000000001,0.71612,2026-09-03T07:55:00+00:00,0.7175072142857143,STOP,-1.0,2026-09-03T04:00:00+00:00,0.71725,2,0.6970954356844024,1.2118257261411198,2.817427385892296,1.4522821576762417,0.749999999999923,0.2500000000000771,0.4647302904565907,london,1.7750000000001664,1.7595541401273886,RANGE_EXPANSION,AUDUSD_m5_24d.json,LOSS,False,False,False,True,False,False,False
AUDUSD,AUDUSD,SHORT,2026-09-03T15:30:00+00:00,2026-09-03T15:30:00+00:00,0.71966,0.7197966785714286,0.71875,0.71784,2026-09-03T15:55:00+00:00,0.7197966785714286,STOP,-1.0,2026-09-03T12:00:00+00:00,0.71974,3,0.1199143468948632,0.4097430406853981,5.456102783725765,2.7280513918628824,0.3333333333335576,0.6666666666664424,0.2398286937903922,overlap,0.9843749999998996,0.9183796856106408,TRANSITION,AUDUSD_m5_24d.json,LOSS,True,False,True,False,True,True,False
AUDUSD,AUDUSD,LONG,2026-09-04T11:10:00+00:00,2026-09-04T11:10:00+00:00,0.72015,0.719905597,0.7205550000000001,0.72118,2026-09-04T12:30:00+00:00,0.72015,BREAKEVEN,0.828549567722542,2026-09-04T08:00:00+00:00,0.71999,4,0.4336283185841317,1.514000884955333,6.380530973451437,2.5088495575225744,0.9499999999996668,0.050000000000333,0.9911504424774258,london,0.914285714286095,0.915680473372781,RANGE_CONTRACTION,AUDUSD_m5_24d.json,WIN,False,True,False,False,False,False,False
AUDUSD,AUDUSD,LONG,2026-09-08T22:45:00+00:00,2026-09-08T22:45:00+00:00,0.72183,0.7217455634,0.72208,0.72262,2026-09-09T00:45:00+00:00,0.72262,TARGET,6.158466825997049,2026-09-08T20:00:00+00:00,0.7218,2,0.2196078431374891,0.4635734901961927,4.337254901961449,1.372549019608393,1.0,0.0,0.1647058823528121,other,0.5161290322578104,0.7378640776699029,RANGE_CONTRACTION,AUDUSD_m5_24d.json,WIN,False,True,True,True,False,True,False
AUDUSD,AUDUSD,SHORT,2026-09-11T01:20:00+00:00,2026-09-11T01:20:00+00:00,0.71633,0.7166643266,0.715705,0.71551,2026-09-11T02:25:00+00:00,0.71551,TARGET,2.1610604720056266,2026-09-10T22:00:00+00:00,0.71655,3,0.4605263157894333,1.5396619736841994,3.776315789473967,2.878289473684214,0.7999999999999365,0.2000000000000634,1.0131578947368556,other,1.2647058823527106,2.1142857142857143,RANGE_EXPANSION,AUDUSD_m5_24d.json,WIN,False,False,False,False,False,False,False
AUDUSD,AUDUSD,LONG,2026-09-14T23:55:00+00:00,2026-09-14T23:55:00+00:00,0.71375,0.7136057250000001,0.7142299999999999,0.71465,2026-09-15T00:00:00+00:00,0.7136057250000001,STOP,-1.0,2026-09-14T20:00:00+00:00,0.7137,3,0.8888888888885169,1.603055555554573,9.999999999999824,5.333333333332335,0.7647058823527106,0.2352941176472893,0.5555555555554773,other,1.1176470588229916,1.5,RANGE_EXPANSION,AUDUSD_m5_24d.json,LOSS,False,False,False,False,False,False,False
AUDUSD,AUDUSD,SHORT,2026-09-16T16:40:00+00:00,2026-09-16T16:40:00+00:00,0.71321,0.7133142642,0.7129099999999999,0.71253,2026-09-16T17:55:00+00:00,0.71321,BREAKEVEN,1.43865296046069,2026-09-16T14:00:00+00:00,0.71327,5,0.1516245487368854,0.5269670758121507,3.436823104693011,1.516245487364927,0.5999999999995559,0.4000000000004441,0.3032490974726487,new_york,0.6739130434784707,0.6076923076923076,RANGE_CONTRACTION,AUDUSD_m5_24d.json,WIN,False,True,True,True,False,True,False
AUDUSD,AUDUSD,SHORT,2026-09-17T00:45:00+00:00,2026-09-17T00:45:00+00:00,0.70913,0.7095141826,0.708735,0.7083,2026-09-17T01:05:00+00:00,0.70913,BREAKEVEN,0.5140784616482974,2026-09-16T22:00:00+00:00,0.70928,6,0.8603351955307118,1.5023900558657122,3.245810055865887,1.5446927374302897,0.8965517241376406,0.1034482758623594,0.5865921787708807,other,1.514285714285968,2.291291291291292,RANGE_EXPANSION,AUDUSD_m5_24d.json,WIN,False,False,False,False,False,False,False
AUDUSD,AUDUSD,SHORT,2026-09-21T07:55:00+00:00,2026-09-21T07:55:00+00:00,0.71264,0.7128642528,0.712375,0.71208,2026-09-21T08:00:00+00:00,0.7128642528,STOP,-1.0,2026-09-21T04:00:00+00:00,0.71274,2,0.5877862595416677,1.1982974045797776,2.992366412213691,1.416030534351487,0.6800000000000889,0.3199999999999112,0.5343511450380956,london,1.3461538461529263,1.5,RANGE_EXPANSION,AUDUSD_m5_24d.json,LOSS,False,False,True,False,False,False,False
AUDUSD,AUDUSD,SHORT,2026-09-22T05:10:00+00:00,2026-09-22T05:10:00+00:00,0.71214,0.7122742428,0.71116,0.70983,2026-09-22T05:20:00+00:00,0.7122742428,STOP,-1.0,2026-09-22T02:00:00+00:00,0.71218,5,0.5185185185183053,0.8700922222219543,14.972222222222092,6.3518518518515785,0.7058823529412149,0.2941176470587851,0.2592592592595124,other,0.5576923076923693,0.6049543676662321,RANGE_CONTRACTION,AUDUSD_m5_24d.json,LOSS,False,True,True,True,False,True,False
AUDUSD,AUDUSD,LONG,2026-09-22T11:35:00+00:00,2026-09-22T11:35:00+00:00,0.7112,0.710985776,0.7112050000000001,0.71223,2026-09-22T11:45:00+00:00,0.7112,BREAKEVEN,0.0116700276346996,2026-09-22T08:00:00+00:00,0.7111,2,0.4105571847506983,0.8795120234605996,4.228739002932558,0.0205278592376716,0.7222222222228047,0.2777777777771952,0.4105571847511541,london,0.6956521739129665,0.6883445945945946,RANGE_CONTRACTION,AUDUSD_m5_24d.json,WIN,False,True,True,True,False,True,False
AUDUSD,AUDUSD,SHORT,2026-09-23T21:05:00+00:00,2026-09-23T21:05:00+00:00,0.70384,0.7042640768,0.70339,0.70257,2026-09-24T01:30:00+00:00,0.70384,BREAKEVEN,0.5305642751502263,2026-09-23T18:00:00+00:00,0.704,3,1.605504587156529,2.7234289908257776,8.1559633027524,2.889908256881182,0.5102040816326068,0.4897959183673931,1.027522935779437,other,0.6315789473683903,0.3321616871704745,RANGE_CONTRACTION,AUDUSD_m5_24d.json,WIN,False,True,False,False,False,False,False
EURUSD,EURUSD,SHORT,2026-09-03T02:40:00+00:00,2026-09-03T02:40:00+00:00,1.15909,1.1595131818,1.15868,1.15844,2026-09-03T03:05:00+00:00,1.1595131818,STOP,-1.0,2026-09-03T00:00:00+00:00,1.15919,2,1.160220994474953,1.6366146961325367,2.513812154696161,1.5856353591160268,0.9473684210528776,0.0526315789471223,0.386740331491651,other,2.079999999998721,1.520971302428256,RANGE_EXPANSION,EURUSD_m5_24d.json,LOSS,False,False,False,True,False,False,False
EURUSD,EURUSD,SHORT,2026-09-04T15:20:00+00:00,2026-09-04T15:20:00+00:00,1.1621,1.162283242,1.162025,1.16167,2026-09-04T15:30:00+00:00,1.1621,BREAKEVEN,0.2046474061623785,2026-09-04T12:00:00+00:00,1.16223,6,0.076502732240369,0.4672837887069337,1.096539162112712,0.1912568306012058,0.6400000000004263,0.3599999999995736,0.331511839709021,overlap,0.8214285714284487,0.8728767123287671,RANGE_CONTRACTION,EURUSD_m5_24d.json,WIN,True,True,True,True,True,True,True
EURUSD,EURUSD,SHORT,2026-09-07T11:40:00+00:00,2026-09-07T11:40:00+00:00,1.16234,1.1625132468,1.161715,1.16103,2026-09-07T11:50:00+00:00,1.1625132468,STOP,-1.0,2026-09-07T08:00:00+00:00,1.16243,2,0.3134328358206271,0.9050205970159282,6.843283582089106,3.2649253731336594,0.5882352941175703,0.4117647058824297,0.4701492537321007,london,0.7399999999997158,0.8227474150664698,RANGE_CONTRACTION,EURUSD_m5_24d.json,LOSS,False,True,True,True,False,True,False
EURUSD,EURUSD,LONG,2026-09-08T07:55:00+00:00,2026-09-08T07:55:00+00:00,1.16128,1.1609667744,1.16288,1.16346,2026-09-08T08:15:00+00:00,1.1609667744,STOP,-1.0,2026-09-08T04:00:00+00:00,1.16115,2,0.5973333333330791,1.169375573333372,8.138666666665793,5.973333333332449,0.9642857142854876,0.0357142857145122,0.4853333333340076,london,1.5714285714293872,1.7037037037037035,RANGE_EXPANSION,EURUSD_m5_24d.json,LOSS,False,False,True,True,False,False,False
EURUSD,EURUSD,LONG,2026-09-08T22:45:00+00:00,2026-09-08T22:45:00+00:00,1.16259,1.1625067482,1.1626249999999998,1.16305,2026-09-08T23:10:00+00:00,1.16259,BREAKEVEN,0.2102056652215208,2026-09-08T20:00:00+00:00,1.16258,5,0.4729729729719653,0.7875170270273463,4.351351351351323,0.3310810810791155,0.5,0.5,0.0945945945952332,other,0.4516129032258527,0.4820717131474104,RANGE_CONTRACTION,EURUSD_m5_24d.json,WIN,False,True,True,True,False,True,False
EURUSD,EURUSD,SHORT,2026-09-09T15:00:00+00:00,2026-09-09T15:00:00+00:00,1.16357,1.1648732714,1.163535,1.16219,2026-09-09T15:15:00+00:00,1.16219,TARGET,0.5428646711652289,2026-09-09T12:00:00+00:00,1.16475,3,0.3571428571428046,4.654540714285046,4.92857142857102,0.1250000000000212,0.7791411042945329,0.2208588957054671,4.214285714285411,overlap,0.7868852459016991,1.1896929824561404,RANGE_CONTRACTION,EURUSD_m5_24d.json,WIN,True,True,False,False,False,False,False
EURUSD,EURUSD,SHORT,2026-09-10T05:35:00+00:00,2026-09-10T05:35:00+00:00,1.16377,1.1640332754,1.163475,1.16294,2026-09-10T05:50:00+00:00,1.1640332754,STOP,-1.0,2026-09-10T02:00:00+00:00,1.16389,2,1.135135135134227,2.4904429729734794,7.8513513513506705,2.790540540540058,0.9130434782612472,0.0869565217387526,1.1351351351363272,other,0.8846153846146948,0.8679867986798679,RANGE_CONTRACTION,EURUSD_m5_24d.json,LOSS,False,True,False,False,False,False,False
EURUSD,EURUSD,LONG,2026-09-10T23:10:00+00:00,2026-09-10T23:10:00+00:00,1.16095,1.160856781,1.161425,1.16195,2026-09-10T23:25:00+00:00,1.160856781,STOP,-1.0,2026-09-10T20:00:00+00:00,1.16092,3,0.3010752688175098,0.7016483870970347,7.52688172043106,3.5752688172043774,0.700000000000222,0.2999999999997779,0.2258064516127145,other,0.5588235294121489,0.7864768683274022,RANGE_CONTRACTION,EURUSD_m5_24d.json,LOSS,False,True,True,True,False,True,False
EURUSD,EURUSD,SHORT,2026-09-11T17:25:00+00:00,2026-09-11T17:25:00+00:00,1.15994,1.1600231987999998,1.159135,1.15692,2026-09-11T17:40:00+00:00,1.1600231987999998,STOP,-1.0,2026-09-11T14:00:00+00:00,1.15996,3,0.1513513513506701,0.3148062702697211,11.427027027027686,3.0459459459458893,0.2857142857145123,0.7142857142854877,0.0756756756761752,new_york,0.7285714285715237,0.5090645395213923,RANGE_CONTRACTION,EURUSD_m5_24d.json,LOSS,False,True,True,False,False,True,False
EURUSD,EURUSD,LONG,2026-09-14T01:35:00+00:00,2026-09-14T01:35:00+00:00,1.15875,1.1584768250000002,1.15958,1.15997,2026-09-14T02:35:00+00:00,1.1584768250000002,STOP,-1.0,2026-09-13T22:00:00+00:00,1.15861,6,0.4858044164030616,1.2064511041000692,5.388012618296703,3.665615141956436,0.6818181818179524,0.3181818181820475,0.6182965299686027,other,1.1578947368419514,1.7481296758104738,RANGE_EXPANSION,EURUSD_m5_24d.json,LOSS,False,False,False,False,False,False,False
EURUSD,EURUSD,SHORT,2026-09-14T15:45:00+00:00,2026-09-14T15:45:00+00:00,1.15459,1.1550230918,1.15434,1.1537,2026-09-14T16:05:00+00:00,1.1550230918,STOP,-1.0,2026-09-14T12:00:00+00:00,1.1548,6,0.4886561954624232,1.0581649563698623,2.174520069808163,0.6108202443283003,0.7222222222217425,0.2777777777782575,0.5130890052357072,overlap,1.1333333333338511,1.126543209876543,RANGE_EXPANSION,EURUSD_m5_24d.json,LOSS,True,False,True,False,True,False,False
EURUSD,EURUSD,LONG,2026-09-14T23:55:00+00:00,2026-09-14T23:55:00+00:00,1.15478,1.1546869044,1.1553049999999998,1.15593,2026-09-15T00:00:00+00:00,1.1546869044,STOP,-1.0,2026-09-14T20:00:00+00:00,1.15477,3,0.6043165467646011,0.937653525180678,11.582733812955013,5.287769784174046,0.3999999999993339,0.6000000000006661,0.1007194244589031,other,0.612903225806544,1.2847222222222223,RANGE_CONTRACTION,EURUSD_m5_24d.json,LOSS,False,True,False,False,False,False,False
EURUSD,EURUSD,LONG,2026-09-15T05:10:00+00:00,2026-09-15T05:10:00+00:00,1.15366,1.1534969268000002,1.15427,1.15483,2026-09-15T05:15:00+00:00,1.1534969268000002,STOP,-1.0,2026-09-15T02:00:00+00:00,1.15359,5,0.5414364640865665,1.2613396685058471,9.049723756903193,4.718232044196922,0.6666666666658443,0.3333333333341557,0.5414364640882839,other,1.1199999999997514,0.8689458689458689,RANGE_EXPANSION,EURUSD_m5_24d.json,LOSS,False,False,False,False,False,False,False
EURUSD,EURUSD,SHORT,2026-09-16T16:45:00+00:00,2026-09-16T16:45:00+00:00,1.15365,1.153713073,1.153335,1.15279,2026-09-16T17:55:00+00:00,1.15365,BREAKEVEN,2.497106527358931,2026-09-16T14:00:00+00:00,1.15366,6,0.1300309597531622,0.2733814241484483,3.72755417956659,1.3653250773995418,0.0714285714274385,0.9285714285725616,0.0433436532500916,new_york,0.6603773584908031,0.5969331872946331,RANGE_CONTRACTION,EURUSD_m5_24d.json,WIN,False,True,True,False,False,True,False
EURUSD,EURUSD,LONG,2026-09-17T05:35:00+00:00,2026-09-17T05:35:00+00:00,1.14644,1.1463270712,1.146525,1.14731,2026-09-17T05:45:00+00:00,1.14644,BREAKEVEN,0.3763433242900799,2026-09-17T02:00:00+00:00,1.14639,2,0.2522522522525676,0.7121636036032255,5.486486486488795,0.5360360360368813,0.3749999999998265,0.6250000000001735,0.3153153153146593,other,0.8648648648645729,1.0724233983286908,RANGE_CONTRACTION,EURUSD_m5_24d.json,WIN,False,True,True,False,False,True,False
EURUSD,EURUSD,SHORT,2026-09-17T21:45:00+00:00,2026-09-17T21:45:00+00:00,1.14767,1.1477429534,1.147665,1.14738,2026-09-17T21:55:00+00:00,1.14767,BREAKEVEN,0.0342684508194531,2026-09-17T18:00:00+00:00,1.14771,5,0.0769230769236024,0.5611800000011641,2.2307692307690994,0.0384615384618012,0.4000000000004441,0.5999999999995559,0.3076923076927018,other,1.0357142857145407,0.3183098591549296,TRANSITION,EURUSD_m5_24d.json,WIN,False,False,True,False,False,True,False
EURUSD,EURUSD,SHORT,2026-09-18T07:05:00+00:00,2026-09-18T07:05:00+00:00,1.14841,1.1485929682,1.14827,1.14766,2026-09-18T07:40:00+00:00,1.14841,BREAKEVEN,0.3825801423415916,2026-09-18T04:00:00+00:00,1.14843,2,0.5957446808510638,0.7785880851065521,3.191489361701588,0.5957446808510638,0.559999999999929,0.440000000000071,0.0851063829792633,london,1.3225806451628843,1.8867521367521367,RANGE_EXPANSION,EURUSD_m5_24d.json,WIN,False,False,True,True,False,False,False
EURUSD,EURUSD,LONG,2026-09-18T15:05:00+00:00,2026-09-18T15:05:00+00:00,1.14616,1.1458270768,1.147135,1.14854,2026-09-18T19:10:00+00:00,1.14854,TARGET,5.038699616007174,2026-09-18T12:00:00+00:00,1.14608,2,0.6401590457255588,0.9266252087475844,6.624254473161018,2.7137176938370247,0.6923076923078675,0.3076923076921325,0.2226640159048109,overlap,1.1147540983606796,1.1929460580912865,RANGE_EXPANSION,EURUSD_m5_24d.json,WIN,True,False,False,True,False,False,True
EURUSD,EURUSD,SHORT,2026-09-21T09:40:00+00:00,2026-09-21T09:40:00+00:00,1.14782,1.1480029564,1.147475,1.14719,2026-09-21T09:55:00+00:00,1.1480029564,STOP,-1.0,2026-09-21T06:00:00+00:00,1.1479,2,0.3111111111113989,0.7114971111110169,2.450000000000324,1.3416666666667207,0.6666666666658443,0.3333333333341557,0.3111111111105354,london,0.9487179487176276,1.0064935064935066,RANGE_CONTRACTION,EURUSD_m5_24d.json,LOSS,False,True,True,True,False,True,False
EURUSD,EURUSD,SHORT,2026-09-24T07:10:00+00:00,2026-09-24T07:10:00+00:00,1.13868,1.1391127736,1.13774,1.13688,2026-09-24T07:25:00+00:00,1.1391127736,STOP,-1.0,2026-09-24T04:00:00+00:00,1.13883,4,0.6867924528300138,1.1431755471699656,4.754716981132264,2.4830188679244376,0.8780487804880954,0.1219512195119045,0.3962264150945996,london,2.352941176470281,2.868292682926829,RANGE_EXPANSION,EURUSD_m5_24d.json,LOSS,False,False,False,True,False,False,False
EURUSD,EURUSD,SHORT,2026-09-24T23:40:00+00:00,2026-09-24T23:40:00+00:00,1.13769,1.1378527537999998,1.13689,1.13594,2026-09-25T01:00:00+00:00,1.1378527537999998,STOP,-1.0,2026-09-24T20:00:00+00:00,1.13773,2,1.1864406779655658,1.930977288131951,20.76271186440136,9.49152542372716,0.7999999999986678,0.2000000000013322,0.4745762711841187,other,0.6666666666657415,0.961038961038961,RANGE_CONTRACTION,EURUSD_m5_24d.json,LOSS,False,True,False,True,False,False,False
GBPUSD,GBPUSD,SHORT,2026-09-03T02:55:00+00:00,2026-09-03T02:55:00+00:00,1.34889,1.3489969778,1.348245,1.34802,2026-09-03T03:00:00+00:00,1.3489969778,STOP,-1.0,2026-09-03T00:00:00+00:00,1.34892,3,0.1682692307696061,0.360021442307799,2.927884615384721,2.1706730769233613,0.4444444444452668,0.5555555555547331,0.1009615384614648,other,1.459459459458616,1.6061827956989247,RANGE_EXPANSION,GBPUSD_m5_24d.json,LOSS,False,False,True,False,False,False,False
GBPUSD,GBPUSD,SHORT,2026-09-04T04:40:00+00:00,2026-09-04T04:40:00+00:00,1.35317,1.3532970634,1.352985,1.35249,2026-09-04T05:10:00+00:00,1.35317,BREAKEVEN,0.7279830383896552,2026-09-04T02:00:00+00:00,1.35324,6,0.139999999999886,0.5929625333329109,3.1733333333335128,0.8633333333338393,0.8999999999993339,0.1000000000006661,0.3266666666667461,other,0.8636363636360425,0.9261213720316622,RANGE_CONTRACTION,GBPUSD_m5_24d.json,WIN,False,True,True,True,False,True,False
GBPUSD,GBPUSD,SHORT,2026-09-09T05:30:00+00:00,2026-09-09T05:30:00+00:00,1.35524,1.3554771048,1.354475,1.35415,2026-09-09T06:00:00+00:00,1.3554771048,STOP,-1.0,2026-09-09T02:00:00+00:00,1.35527,2,1.0161290322585297,1.3384948387100828,6.153225806452269,4.3185483870978105,0.3928571428572561,0.6071428571427439,0.169354838709546,other,0.97142857142839,0.9983471074380166,TRANSITION,GBPUSD_m5_24d.json,LOSS,False,False,False,False,False,False,False
GBPUSD,GBPUSD,LONG,2026-09-09T21:05:00+00:00,2026-09-09T21:05:00+00:00,1.35458,1.3540329084,1.35527,1.35605,2026-09-10T09:35:00+00:00,1.35458,BREAKEVEN,0.6306073790935809,2026-09-09T18:00:00+00:00,1.35455,2,2.8000000000000003,3.1262377142858133,8.400000000002539,3.9428571428585673,0.0499999999997779,0.950000000000222,0.1714285714284678,other,0.7749999999996114,0.3628428927680798,RANGE_CONTRACTION,GBPUSD_m5_24d.json,WIN,False,True,False,False,False,False,False
GBPUSD,GBPUSD,SHORT,2026-09-10T05:35:00+00:00,2026-09-10T05:35:00+00:00,1.35532,1.3556571063999998,1.355115,1.35445,2026-09-10T05:55:00+00:00,1.3556571063999998,STOP,-1.0,2026-09-10T02:00:00+00:00,1.35553,5,0.6829268292682558,2.3021900487787827,5.941463414635493,1.4000000000001516,1.0,0.0,1.4341463414622757,other,1.0625000000004337,0.9751655629139072,RANGE_EXPANSION,GBPUSD_m5_24d.json,LOSS,False,False,False,False,False,False,False
GBPUSD,GBPUSD,LONG,2026-09-10T23:10:00+00:00,2026-09-10T23:10:00+00:00,1.351,1.35087298,1.3514149999999998,1.35211,2026-09-10T23:25:00+00:00,1.35087298,STOP,-1.0,2026-09-10T20:00:00+00:00,1.35099,4,0.5294117647053226,0.7471764705886026,6.529411764704204,2.4411764705867425,0.5454545454538114,0.4545454545461885,0.0588235294121378,other,0.5681818181822998,0.8727735368956743,RANGE_CONTRACTION,GBPUSD_m5_24d.json,LOSS,False,True,True,True,False,True,False
GBPUSD,GBPUSD,LONG,2026-09-11T19:40:00+00:00,2026-09-11T19:40:00+00:00,1.35255,1.352352949,1.352595,1.35343,2026-09-11T19:50:00+00:00,1.35255,BREAKEVEN,0.114183637738636,2026-09-11T16:00:00+00:00,1.35251,2,0.5352941176478467,0.8113864705882867,3.623529411764835,0.1852941176473667,0.5999999999991118,0.4000000000008882,0.164705882352199,new_york,0.8333333333334704,0.70335339638865,RANGE_CONTRACTION,GBPUSD_m5_24d.json,WIN,False,True,True,True,False,True,False
GBPUSD,GBPUSD,LONG,2026-09-14T07:45:00+00:00,2026-09-14T07:45:00+00:00,1.34926,1.3489530148,1.351125,1.35196,2026-09-14T07:50:00+00:00,1.3489530148,STOP,-1.0,2026-09-14T04:00:00+00:00,1.34922,2,0.5753424657535049,0.7359234246574448,6.4726027397267965,4.470890410959738,0.4193548387095157,0.5806451612904843,0.0958904109584738,london,1.8571428571419508,1.7038961038961038,RANGE_EXPANSION,GBPUSD_m5_24d.json,LOSS,False,False,True,False,False,False,False
GBPUSD,GBPUSD,LONG,2026-09-16T19:00:00+00:00,2026-09-16T19:00:00+00:00,1.33887,1.3379816785714285,1.3453849999999998,1.34631,2026-09-16T19:10:00+00:00,1.3379816785714285,STOP,-1.0,2026-09-16T16:00:00+00:00,1.33839,3,0.2488238369053823,0.6501045478306935,5.444851019341116,4.767903815995557,0.6050420168067556,0.3949579831932444,0.3512807109252647,new_york,5.019230769230038,3.610483042137719,RANGE_EXPANSION,GBPUSD_m5_24d.json,LOSS,False,False,True,True,False,False,False
GBPUSD,GBPUSD,SHORT,2026-09-17T23:25:00+00:00,2026-09-17T23:25:00+00:00,1.33588,1.3359967176,1.33539,1.33487,2026-09-18T00:05:00+00:00,1.3359967176,STOP,-1.0,2026-09-17T20:00:00+00:00,1.33596,3,0.111111111111816,1.2968622222229933,11.222222222219402,5.444444444444445,0.5833333333328707,0.4166666666671292,0.8888888888895937,other,0.5428571428577591,0.7247386759581882,RANGE_CONTRACTION,GBPUSD_m5_24d.json,LOSS,False,True,False,False,False,False,False
GBPUSD,GBPUSD,SHORT,2026-09-22T02:45:00+00:00,2026-09-22T02:45:00+00:00,1.33739,1.3375767478,1.33679,1.3365,2026-09-22T03:00:00+00:00,1.3375767478,STOP,-1.0,2026-09-22T00:00:00+00:00,1.33743,2,0.4912280701760286,0.7644646783624905,3.643274853802137,2.456140350877416,0.7727272727269057,0.2272727272730942,0.1637426900577672,other,1.2058823529420024,1.003189792663477,RANGE_EXPANSION,GBPUSD_m5_24d.json,LOSS,False,False,True,True,False,False,False
GBPUSD,GBPUSD,LONG,2026-09-23T19:20:00+00:00,2026-09-23T19:20:00+00:00,1.32416,1.3237935168,1.32581,1.32686,2026-09-23T20:55:00+00:00,1.3237935168,STOP,-1.0,2026-09-23T16:00:00+00:00,1.32413,3,1.03087885985747,1.21870897862252,8.978622327789676,5.486935866982498,0.9062499999994146,0.0937500000005854,0.0997624703086921,new_york,0.6847826086957702,0.6198871650211566,RANGE_CONTRACTION,GBPUSD_m5_24d.json,LOSS,False,True,False,True,False,False,False
GBPUSD,GBPUSD,SHORT,2026-09-23T21:50:00+00:00,2026-09-23T21:50:00+00:00,1.32425,1.324476485,1.32385,1.32233,2026-09-23T22:05:00+00:00,1.32425,BREAKEVEN,0.8830606883457152,2026-09-23T18:00:00+00:00,1.32439,2,0.261682242990455,0.9877850467290537,8.373831775701342,1.7445482866043251,0.5652173913043058,0.4347826086956941,0.6105919003117075,other,0.9782608695655532,0.1511627906976744,TRANSITION,GBPUSD_m5_24d.json,WIN,False,False,True,False,False,True,False
GBPUSD,GBPUSD,SHORT,2026-09-25T06:50:00+00:00,2026-09-25T06:50:00+00:00,1.32255,1.322816451,1.321455,1.32102,2026-09-25T06:55:00+00:00,1.322816451,STOP,-1.0,2026-09-25T04:00:00+00:00,1.32258,6,0.6336206896545761,0.8039469827588853,4.616379310343833,3.303879310344063,0.183673469388014,0.8163265306119859,0.0905172413798951,other,1.7941176470594382,1.6023688663282571,RANGE_EXPANSION,GBPUSD_m5_24d.json,LOSS,False,False,False,False,False,False,False
NZDUSD,NZDUSD,SHORT,2026-09-02T23:35:00+00:00,2026-09-02T23:35:00+00:00,0.58505,0.585221701,0.584765,0.58432,2026-09-03T00:00:00+00:00,0.585221701,STOP,-1.0,2026-09-02T20:00:00+00:00,0.58516,3,0.5223880597013454,1.7938910447766432,7.62686567164057,2.9776119402977845,0.7894736842109261,0.2105263157890738,1.1492537313436555,other,0.7692307692305721,0.7758620689655172,RANGE_CONTRACTION,NZDUSD_m5_24d.json,LOSS,False,True,False,False,False,False,False
NZDUSD,NZDUSD,SHORT,2026-09-03T06:50:00+00:00,2026-09-03T06:50:00+00:00,0.5859,0.5861161071428571,0.585895,0.58525,2026-09-03T07:00:00+00:00,0.5859,BREAKEVEN,0.0115683358120817,2026-09-03T04:00:00+00:00,0.58596,2,0.4345898004432351,0.6708425720621103,2.017738359201694,0.0155210643013102,0.6842105263164968,0.3157894736835032,0.1862527716188247,other,1.4285714285709754,1.6327683615819208,RANGE_EXPANSION,NZDUSD_m5_24d.json,WIN,False,False,True,True,False,False,False
NZDUSD,NZDUSD,LONG,2026-09-03T22:50:00+00:00,2026-09-03T22:50:00+00:00,0.58824,0.5881382352,0.58832,0.58878,2026-09-03T23:05:00+00:00,0.58824,BREAKEVEN,0.3930632202881414,2026-09-03T20:00:00+00:00,0.58818,2,0.185022026432264,0.6276243171807714,3.3303964757711664,0.4933920704844396,0.5999999999995559,0.4000000000004441,0.3700440528631586,other,0.4516129032260144,0.6601307189542484,RANGE_CONTRACTION,NZDUSD_m5_24d.json,WIN,False,True,True,True,False,True,False
NZDUSD,NZDUSD,SHORT,2026-09-04T14:45:00+00:00,2026-09-04T14:45:00+00:00,0.5886,0.5888590714285714,0.58809,0.58772,2026-09-04T15:10:00+00:00,0.5888590714285714,STOP,-1.0,2026-09-04T12:00:00+00:00,0.58869,2,0.393258426966248,0.6792134831459916,2.307116104868888,1.3370786516854178,0.6774193548384209,0.3225806451615791,0.2359550561798652,overlap,1.2142857142857284,1.3512993262752646,RANGE_EXPANSION,NZDUSD_m5_24d.json,LOSS,True,False,True,True,True,False,True
NZDUSD,NZDUSD,LONG,2026-09-06T23:00:00+00:00,2026-09-06T23:00:00+00:00,0.58805,0.587938239,0.5886800000000001,0.5893,2026-09-07T00:05:00+00:00,0.587938239,STOP,-1.0,2026-09-04T18:00:00+00:00,0.58798,6,0.1990521327012472,0.7415421800946873,8.29383886255958,4.180094786730612,0.6666666666666666,0.3333333333333333,0.4644549763034012,other,0.6923076923070025,0.8538461538461538,RANGE_CONTRACTION,NZDUSD_m5_24d.json,LOSS,False,True,True,True,False,True,False
NZDUSD,NZDUSD,LONG,2026-09-07T14:55:00+00:00,2026-09-07T14:55:00+00:00,0.58792,0.5878382416,0.58795,0.58842,2026-09-07T15:05:00+00:00,0.58792,BREAKEVEN,0.1834673868371139,2026-09-07T12:00:00+00:00,0.58791,2,0.3529411764709504,0.4809317647060152,2.9411764705886414,0.1764705882351487,0.277777777777812,0.7222222222221879,0.0588235294114985,overlap,0.9999999999996736,1.1193490054249549,TRANSITION,NZDUSD_m5_24d.json,WIN,True,False,True,False,True,True,False
NZDUSD,NZDUSD,LONG,2026-09-08T22:45:00+00:00,2026-09-08T22:45:00+00:00,0.58557,0.5854869285714286,0.58568,0.58611,2026-09-09T00:00:00+00:00,0.58611,TARGET,3.912295786757121,2026-09-08T20:00:00+00:00,0.58555,2,0.1912568306010604,0.3177595628415786,2.0655737704916226,0.420765027322163,0.8571428571435369,0.1428571428564631,0.0765027322405091,other,0.6176470588233182,0.613941018766756,RANGE_CONTRACTION,NZDUSD_m5_24d.json,WIN,False,True,True,True,False,True,False
NZDUSD,NZDUSD,LONG,2026-09-09T19:30:00+00:00,2026-09-09T19:30:00+00:00,0.58376,0.5836583248,0.58468,0.58568,2026-09-09T20:00:00+00:00,0.5836583248,STOP,-1.0,2026-09-09T16:00:00+00:00,0.58371,6,0.2842639593903703,0.7225648730959714,13.644670050762231,6.538071065990351,0.4615384615378046,0.5384615384621954,0.3553299492385546,new_york,0.7878787878784412,0.4567022538552787,RANGE_CONTRACTION,NZDUSD_m5_24d.json,LOSS,False,True,True,False,False,True,False
NZDUSD,NZDUSD,LONG,2026-09-10T18:50:00+00:00,2026-09-10T18:50:00+00:00,0.57972,0.5795684056,0.5807100000000001,0.58118,2026-09-10T19:00:00+00:00,0.5795684056,STOP,-1.0,2026-09-10T16:00:00+00:00,0.57965,3,0.3111111111111988,0.6737528888889848,6.488888888889449,4.400000000000536,0.363636363636333,0.636363636363667,0.3111111111111988,new_york,1.4749999999997017,1.1361556064073226,RANGE_EXPANSION,NZDUSD_m5_24d.json,LOSS,False,False,True,False,False,False,False
NZDUSD,NZDUSD,LONG,2026-09-11T13:45:00+00:00,2026-09-11T13:45:00+00:00,0.58212,0.5816660357142858,0.5825400000000001,0.58313,2026-09-11T14:00:00+00:00,0.58212,BREAKEVEN,0.4625914562192025,2026-09-11T10:00:00+00:00,0.58202,3,0.688524590163813,0.947168405364956,2.107302533532182,0.8763040238451898,0.6499999999997086,0.3500000000002914,0.2086438152011694,overlap,2.36842105263161,2.467312348668281,RANGE_EXPANSION,NZDUSD_m5_24d.json,WIN,True,False,False,True,False,False,True
NZDUSD,NZDUSD,LONG,2026-09-15T15:50:00+00:00,2026-09-15T15:50:00+00:00,0.57553,0.5754265,0.576515,0.57696,2026-09-15T21:15:00+00:00,0.57553,BREAKEVEN,4.75845410627869,2026-09-15T12:00:00+00:00,0.5755,2,0.2222222222224376,0.3833333333334478,5.29629629629629,3.6481481481480857,0.3809523809523558,0.6190476190476443,0.1111111111110132,overlap,0.777777777777595,0.8910585817060637,RANGE_CONTRACTION,NZDUSD_m5_24d.json,WIN,True,True,True,False,True,True,False
NZDUSD,NZDUSD,SHORT,2026-09-16T10:45:00+00:00,2026-09-16T10:45:00+00:00,0.57584,0.5759515168,0.5754649999999999,0.57505,2026-09-16T10:55:00+00:00,0.5759515168,STOP,-1.0,2026-09-16T08:00:00+00:00,0.57585,5,0.3937500000001669,0.4878859999999712,3.45625000000044,1.6406250000006146,0.4090909090910696,0.5909090909089303,0.0437499999998026,london,1.1000000000001111,0.6333333333333333,RANGE_EXPANSION,NZDUSD_m5_24d.json,LOSS,False,False,True,False,False,False,False
NZDUSD,NZDUSD,LONG,2026-09-16T15:35:00+00:00,2026-09-16T15:35:00+00:00,0.576,0.5758684799999999,0.5760350000000001,0.57655,2026-09-16T15:45:00+00:00,0.576,BREAKEVEN,0.1330596107059935,2026-09-16T12:00:00+00:00,0.57595,4,0.33561643835623,0.6305753424659936,2.6369863013700745,0.1678082191786473,0.4999999999996916,0.5000000000003084,0.2397260273972311,overlap,0.9999999999997224,1.13406292749658,TRANSITION,NZDUSD_m5_24d.json,WIN,True,False,True,False,True,True,False
NZDUSD,NZDUSD,LONG,2026-09-16T19:00:00+00:00,2026-09-16T19:00:00+00:00,0.57219,0.5711381071428572,0.575985,0.57639,2026-09-16T19:10:00+00:00,0.5711381071428572,STOP,-1.0,2026-09-16T16:00:00+00:00,0.57161,3,0.5132139812446025,1.2554560954816365,5.012787723785279,4.529411764705995,0.7293233082707281,0.2706766917292718,0.6922421142370475,new_york,5.793103448277499,4.490998363338789,RANGE_EXPANSION,NZDUSD_m5_24d.json,LOSS,False,False,False,False,False,False,False
NZDUSD,NZDUSD,SHORT,2026-09-17T13:20:00+00:00,2026-09-17T13:20:00+00:00,0.57403,0.5743456428571428,0.573205,0.57255,2026-09-17T14:00:00+00:00,0.5743456428571428,STOP,-1.0,2026-09-17T10:00:00+00:00,0.57413,5,0.6392694063926001,1.0089041095888407,4.73059360730588,2.636986301370008,0.4666666666664528,0.5333333333335472,0.3196347031963,overlap,1.2127659574467482,1.3760217983651226,RANGE_EXPANSION,NZDUSD_m5_24d.json,LOSS,True,False,False,False,False,False,False
NZDUSD,NZDUSD,LONG,2026-09-23T19:55:00+00:00,2026-09-23T19:55:00+00:00,0.56746,0.5673786507999999,0.56762,0.56841,2026-09-23T20:20:00+00:00,0.5673786507999999,STOP,-1.0,2026-09-23T16:00:00+00:00,0.56743,2,0.2488888888891529,0.5061728000001856,5.91111111111151,0.9955555555559208,0.2307692307689023,0.7692307692310977,0.1866666666665193,new_york,0.6666666666665022,0.5012165450121655,RANGE_CONTRACTION,NZDUSD_m5_24d.json,LOSS,False,True,True,False,False,True,False
NZDUSD,NZDUSD,SHORT,2026-09-24T01:35:00+00:00,2026-09-24T01:35:00+00:00,0.56776,0.5686247142857143,0.567275,0.56686,2026-09-24T03:00:00+00:00,0.56776,BREAKEVEN,0.2804394515117085,2026-09-23T22:00:00+00:00,0.56797,4,2.174757281553537,2.938349514563187,3.0582524271848266,1.6480582524275904,0.4599999999999556,0.5400000000000444,0.713592233009554,other,2.1034482758615938,4.635922330097087,RANGE_EXPANSION,NZDUSD_m5_24d.json,WIN,False,False,False,False,False,False,False
NZDUSD,NZDUSD,SHORT,2026-09-24T03:35:00+00:00,2026-09-24T03:35:00+00:00,0.56754,0.5677434285714286,0.56748,0.56711,2026-09-24T03:45:00+00:00,0.56754,BREAKEVEN,0.1474719101125435,2026-09-24T00:00:00+00:00,0.56766,4,0.2606382978720051,0.757446808510521,1.6010638297875366,0.223404255319393,0.3589743589741473,0.6410256410258527,0.4468085106383727,other,0.9642857142854806,0.901018922852984,TRANSITION,NZDUSD_m5_24d.json,WIN,False,False,True,False,False,True,False
NZDUSD,NZDUSD,LONG,2026-09-24T21:10:00+00:00,2026-09-24T21:10:00+00:00,0.56617,0.5658486766,0.56656,0.56751,2026-09-24T21:35:00+00:00,0.5658486766,STOP,-1.0,2026-09-24T18:00:00+00:00,0.56606,2,1.290322580645148,2.073054193547992,8.645161290323495,2.516129032258325,0.1071428571427863,0.8928571428572136,0.7096774193545449,other,0.7209302325583317,0.4029692470837752,RANGE_CONTRACTION,NZDUSD_m5_24d.json,LOSS,False,True,False,False,False,False,False
NZDUSD,NZDUSD,SHORT,2026-09-24T23:05:00+00:00,2026-09-24T23:05:00+00:00,0.56604,0.5662613208,0.565595,0.56502,2026-09-25T00:05:00+00:00,0.56604,BREAKEVEN,1.0053280125500117,2026-09-24T20:00:00+00:00,0.56613,3,0.949152542372926,1.7505600000002324,8.067796610169433,3.5197740112995644,0.8461538461545031,0.1538461538454969,0.7118644067799141,other,0.5,0.4545454545454545,RANGE_CONTRACTION,NZDUSD_m5_24d.json,WIN,False,True,False,False,False,False,False
NZDUSD,NZDUSD,LONG,2026-09-25T00:40:00+00:00,2026-09-25T00:40:00+00:00,0.56595,0.565788681,0.5660149999999999,0.56651,2026-09-25T01:05:00+00:00,0.56651,TARGET,1.9371555737396973,2026-09-24T22:00:00+00:00,0.56588,2,0.4426877470359908,0.8926743082999994,3.098814229248864,0.3596837944662817,0.7142857142854877,0.2857142857145123,0.3873517786555704,other,1.590909090908632,3.294117647058824,RANGE_EXPANSION,NZDUSD_m5_24d.json,WIN,False,False,True,True,False,False,False
NZDUSD,NZDUSD,LONG,2026-09-25T15:50:00+00:00,2026-09-25T15:50:00+00:00,0.56585,0.5655355357142857,0.567,0.56756,2026-09-25T16:05:00+00:00,0.56756,TARGET,4.5474162407728445,2026-09-25T12:00:00+00:00,0.56565,4,0.3456790123456316,1.0870370370368647,5.911111111110915,3.975308641975148,0.5384615384613632,0.4615384615386367,0.6913580246912633,overlap,0.933333333333099,0.9116022099447514,RANGE_CONTRACTION,NZDUSD_m5_24d.json,WIN,True,True,True,False,True,True,False
USDCAD,USDCAD,SHORT,2026-09-03T23:30:00+00:00,2026-09-03T23:30:00+00:00,1.37903,1.3792575806,1.379005,1.37843,2026-09-03T23:40:00+00:00,1.37903,BREAKEVEN,0.0549255955910471,2026-09-03T20:00:00+00:00,1.37914,2,1.0327868852448363,2.611580655737859,6.885245901637338,0.2868852459009188,0.5806451612909003,0.4193548387090998,1.2622950819676098,other,0.3333333333333333,0.4592592592592592,RANGE_CONTRACTION,USDCAD_m5_24d.json,WIN,False,True,False,False,False,False,False
USDCAD,USDCAD,SHORT,2026-09-07T03:10:00+00:00,2026-09-07T03:10:00+00:00,1.38402,1.3841376803999998,1.383445,1.38322,2026-09-07T05:55:00+00:00,1.38322,TARGET,5.842094350470554,2026-09-07T00:00:00+00:00,1.38403,2,0.4999999999990087,0.7355024999987223,4.999999999999802,3.593749999999207,0.7692307692309006,0.2307692307690994,0.0625000000003965,other,0.7142857142858653,0.625,RANGE_CONTRACTION,USDCAD_m5_24d.json,WIN,False,True,True,True,False,True,False
USDCAD,USDCAD,SHORT,2026-09-07T04:40:00+00:00,2026-09-07T04:40:00+00:00,1.38372,1.3838776744,1.383405,1.38298,2026-09-07T06:30:00+00:00,1.38298,TARGET,3.345501869675197,2026-09-07T02:00:00+00:00,1.38376,2,0.8344370860916928,1.461881854304362,6.860927152314964,2.9205298013240126,0.6315789473674369,0.3684210526325631,0.3708609271525496,other,0.4722222222220509,0.5855130784708249,RANGE_CONTRACTION,USDCAD_m5_24d.json,WIN,False,True,False,True,False,False,False
USDCAD,USDCAD,SHORT,2026-09-07T18:45:00+00:00,2026-09-07T18:45:00+00:00,1.38151,1.3815576302,1.380905,1.38049,2026-09-07T19:00:00+00:00,1.3815576302,STOP,-1.0,2026-09-07T16:00:00+00:00,1.38152,2,0.1891891891861804,0.9011118918892208,19.297297297292868,11.445945945942457,0.1818181818172642,0.8181818181827357,0.1891891891903813,new_york,0.2916666666664353,0.4285714285714285,RANGE_CONTRACTION,USDCAD_m5_24d.json,LOSS,False,True,True,False,False,True,False
USDCAD,USDCAD,LONG,2026-09-07T22:40:00+00:00,2026-09-07T22:40:00+00:00,1.38124,1.3811323752,1.381505,1.38178,2026-09-07T23:00:00+00:00,1.3811323752,STOP,-1.0,2026-09-07T20:00:00+00:00,1.38118,6,0.1098039215693445,0.590881254902163,2.9647058823527974,1.4549019607840628,0.6363636363634528,0.3636363636365471,0.3294117647055954,other,1.3125000000007807,1.635135135135135,RANGE_EXPANSION,USDCAD_m5_24d.json,LOSS,False,False,True,True,False,False,False
USDCAD,USDCAD,SHORT,2026-09-08T18:50:00+00:00,2026-09-08T18:50:00+00:00,1.37764,1.3784875528,1.37729,1.37596,2026-09-08T19:20:00+00:00,1.3784875528,STOP,-1.0,2026-09-08T16:00:00+00:00,1.37805,2,1.7826086956517753,3.6850121739122,7.304347826084522,1.5217391304346777,1.0,0.0,1.7826086956517753,new_york,0.6379310344830821,0.6967095851216023,RANGE_CONTRACTION,USDCAD_m5_24d.json,LOSS,False,True,False,False,False,False,False
USDCAD,USDCAD,LONG,2026-09-08T21:05:00+00:00,2026-09-08T21:05:00+00:00,1.37832,1.3781524336,1.37867,1.37934,2026-09-08T22:00:00+00:00,1.37832,BREAKEVEN,1.0443621155553466,2026-09-08T18:00:00+00:00,1.3782,3,0.0742705570296501,0.622262493368734,3.78779840848742,1.2997347480106318,1.0,0.0,0.4456233421746026,other,0.6744186046512108,0.3959044368600682,RANGE_CONTRACTION,USDCAD_m5_24d.json,WIN,False,True,True,True,False,True,False
USDCAD,USDCAD,SHORT,2026-09-08T22:45:00+00:00,2026-09-08T22:45:00+00:00,1.37833,1.3784275666,1.378175,1.37764,2026-09-08T22:50:00+00:00,1.3784275666,STOP,-1.0,2026-09-08T20:00:00+00:00,1.37837,2,0.1935483870965893,0.6294619354840826,4.451612903225852,0.9999999999992836,0.7777777777766812,0.2222222222233187,0.2580645161292633,other,0.3124999999995663,0.3084832904884318,RANGE_CONTRACTION,USDCAD_m5_24d.json,LOSS,False,True,True,True,False,True,False
USDCAD,USDCAD,LONG,2026-09-09T03:50:00+00:00,2026-09-09T03:50:00+00:00,1.37745,1.377342451,1.378075,1.37854,2026-09-09T04:25:00+00:00,1.377342451,STOP,-1.0,2026-09-09T00:00:00+00:00,1.37742,5,0.3465346534661312,0.745389108910899,7.554455445545964,4.331683168316637,0.4210526315795624,0.5789473684204376,0.2079207920790631,other,0.73684210526365,0.5941499085923218,RANGE_CONTRACTION,USDCAD_m5_24d.json,LOSS,False,True,True,False,False,True,False
USDCAD,USDCAD,LONG,2026-09-09T07:20:00+00:00,2026-09-09T07:20:00+00:00,1.37739,1.3766324522,1.377745,1.37818,2026-09-09T08:20:00+00:00,1.37739,BREAKEVEN,0.2343086469263989,2026-09-09T04:00:00+00:00,1.37693,2,1.3548387096774552,3.8013151254478577,3.964157706093749,1.7813620071690837,0.9298245614034336,0.0701754385965664,2.3082437275982146,london,1.2758620689666524,1.2985436893203883,RANGE_EXPANSION,USDCAD_m5_24d.json,WIN,False,False,False,False,False,False,False
USDCAD,USDCAD,SHORT,2026-09-10T03:15:00+00:00,2026-09-10T03:15:00+00:00,1.38073,1.3808976146,1.380225,1.37986,2026-09-10T03:30:00+00:00,1.3808976146,STOP,-1.0,2026-09-10T00:00:00+00:00,1.38082,2,0.3017241379316582,1.0114674137932544,5.249999999999329,3.0474137931031824,0.7647058823527106,0.2352941176472893,0.5431034482753769,other,0.8787878787884089,0.684964200477327,RANGE_CONTRACTION,USDCAD_m5_24d.json,LOSS,False,True,True,False,False,True,False
USDCAD,USDCAD,SHORT,2026-09-10T11:35:00+00:00,2026-09-10T11:35:00+00:00,1.38181,1.3821576362,1.38071,1.3803,2026-09-10T12:30:00+00:00,1.3821576362,STOP,-1.0,2026-09-10T08:00:00+00:00,1.38206,4,0.2707182320442582,1.344449392265643,5.839779005524547,4.254143646408423,0.9687499999998048,0.0312500000001951,0.9668508287296164,london,1.2553191489358486,1.2341880341880342,RANGE_EXPANSION,USDCAD_m5_24d.json,LOSS,False,False,False,False,False,False,False
USDCAD,USDCAD,SHORT,2026-09-10T23:25:00+00:00,2026-09-10T23:25:00+00:00,1.38364,1.3837176728,1.3828550000000002,1.38227,2026-09-10T23:35:00+00:00,1.3837176728,STOP,-1.0,2026-09-10T20:00:00+00:00,1.38365,3,0.4666666666670984,0.9061826666670572,15.983333333330634,9.158333333330472,0.1666666666657414,0.8333333333342585,0.1166666666674222,other,0.4210526315793164,0.6933962264150944,RANGE_CONTRACTION,USDCAD_m5_24d.json,LOSS,False,True,True,False,False,True,False
USDCAD,USDCAD,SHORT,2026-09-11T03:10:00+00:00,2026-09-11T03:10:00+00:00,1.38422,1.3844176844,1.3832749999999998,1.38282,2026-09-11T03:20:00+00:00,1.3844176844,STOP,-1.0,2026-09-11T00:00:00+00:00,1.38423,2,0.9218106995878088,1.1389224691354691,8.065843621396846,5.444444444443734,0.7777777777766812,0.2222222222233187,0.0576131687246378,other,1.074074074073678,0.8905723905723906,RANGE_EXPANSION,USDCAD_m5_24d.json,LOSS,False,False,False,True,False,False,False
USDCAD,USDCAD,SHORT,2026-09-13T23:40:00+00:00,2026-09-13T23:40:00+00:00,1.38694,1.3870977388,1.386365,1.38602,2026-09-14T00:25:00+00:00,1.3870977388,STOP,-1.0,2026-09-11T18:00:00+00:00,1.38704,4,0.1981132075469899,1.041671320754849,6.075471698113069,3.797169811320485,0.7058823529405618,0.2941176470594381,0.6603773584904554,other,0.8529411764702809,1.0534979423868314,RANGE_CONTRACTION,USDCAD_m5_24d.json,LOSS,False,True,True,False,False,True,False
USDCAD,USDCAD,SHORT,2026-09-14T01:35:00+00:00,2026-09-14T01:35:00+00:00,1.38685,1.387127737,1.38662,1.38615,2026-09-14T02:55:00+00:00,1.387127737,STOP,-1.0,2026-09-13T22:00:00+00:00,1.38699,2,0.5273972602742278,1.331615753424643,3.356164383561236,1.1027397260271563,0.7241379310348788,0.2758620689651212,0.67123287671246,other,1.3437500000003035,2.480565371024735,RANGE_EXPANSION,USDCAD_m5_24d.json,LOSS,False,False,False,False,False,False,False
USDCAD,USDCAD,SHORT,2026-09-16T19:00:00+00:00,2026-09-16T19:00:00+00:00,1.39856,1.39943175,1.39349,1.39293,2026-09-16T19:20:00+00:00,1.39943175,STOP,-1.0,2026-09-16T16:00:00+00:00,1.39894,3,0.4251207729468591,0.8422705314009231,5.439613526570112,4.898550724637843,0.7181818181818145,0.2818181818181854,0.3671497584541544,new_york,4.0588235294134805,4.052188552188552,RANGE_EXPANSION,USDCAD_m5_24d.json,LOSS,False,False,True,True,False,False,False
USDCAD,USDCAD,SHORT,2026-09-17T19:20:00+00:00,2026-09-17T19:20:00+00:00,1.39909,1.3992079818,1.39852,1.39738,2026-09-17T20:55:00+00:00,1.3992079818,STOP,-1.0,2026-09-17T16:00:00+00:00,1.3991,4,0.5045045045048829,0.7440293693698831,10.78378378378032,3.594594594593441,0.4117647058824297,0.5882352941175703,0.0630630630634604,new_york,0.6000000000003948,0.6229235880398671,RANGE_CONTRACTION,USDCAD_m5_24d.json,LOSS,False,True,True,False,False,True,False
USDCAD,USDCAD,LONG,2026-09-21T00:40:00+00:00,2026-09-21T00:40:00+00:00,1.39919,1.3990320162,1.3991950000000002,1.39965,2026-09-21T01:00:00+00:00,1.39965,TARGET,1.4716698800787091,2026-09-20T22:00:00+00:00,1.39918,2,0.7924528301894262,1.043289245282116,3.037735849057268,0.033018867926209,0.0999999999995559,0.9000000000004441,0.0660377358480191,other,1.700000000000222,3.2582781456953644,RANGE_EXPANSION,USDCAD_m5_24d.json,WIN,False,False,False,False,False,False,False
USDCAD,USDCAD,SHORT,2026-09-24T11:05:00+00:00,2026-09-24T11:05:00+00:00,1.41169,1.4119282338,1.410435,1.40988,2026-09-24T12:15:00+00:00,1.4119282338,STOP,-1.0,2026-09-24T08:00:00+00:00,1.41177,2,0.4252336448597096,0.7792694392523241,5.920560747663339,4.105140186915335,0.5000000000005551,0.4999999999994449,0.2616822429909257,london,1.1403508771931328,1.0865265760197775,RANGE_EXPANSION,USDCAD_m5_24d.json,LOSS,False,False,True,True,False,False,False
USDCAD,USDCAD,LONG,2026-09-25T13:10:00+00:00,2026-09-25T13:10:00+00:00,1.41424,1.4134517152,1.41452,1.41503,2026-09-25T13:30:00+00:00,1.41424,BREAKEVEN,0.1776007859089272,2026-09-25T10:00:00+00:00,1.41387,2,0.9413793103446308,1.9027564137927973,1.9068965517244405,0.6758620689657058,0.9411764705882864,0.0588235294117134,0.8931034482758815,overlap,1.4799999999994315,1.3457943925233644,RANGE_EXPANSION,USDCAD_m5_24d.json,WIN,True,False,False,False,False,False,False
USDCAD,USDCAD,SHORT,2026-09-25T15:20:00+00:00,2026-09-25T15:20:00+00:00,1.41407,1.4142582814000002,1.413975,1.41333,2026-09-25T15:35:00+00:00,1.41407,BREAKEVEN,0.252281956687759,2026-09-25T12:00:00+00:00,1.41417,4,0.1590909090913573,0.4992309848491776,1.9621212121210487,0.251893939393815,0.4054054054054378,0.5945945945945622,0.2651515151514772,overlap,1.0000000000003,1.0750893921334923,TRANSITION,USDCAD_m5_24d.json,WIN,True,False,True,False,True,True,False
USDCAD,USDCAD,SHORT,2026-09-25T17:30:00+00:00,2026-09-25T17:30:00+00:00,1.41519,1.4153483038,1.4142,1.41348,2026-09-25T17:35:00+00:00,1.4153483038,STOP,-1.0,2026-09-25T14:00:00+00:00,1.41521,2,0.4666666666659759,0.6715918787875934,7.25454545454525,4.199999999999435,0.4583333333335261,0.5416666666664739,0.0848484848490443,new_york,0.5569620253168399,0.6454054054054054,RANGE_CONTRACTION,USDCAD_m5_24d.json,LOSS,False,True,True,False,False,True,False
USDCHF,USDCHF,SHORT,2026-09-02T13:00:00+00:00,2026-09-02T13:00:00+00:00,0.81466,0.8149084285714285,0.81433,0.81354,2026-09-02T13:20:00+00:00,0.81354,TARGET,2.9183438757918503,2026-09-02T10:00:00+00:00,0.81468,3,0.5697674418605649,0.6740310077516761,3.0387596899224105,0.8953488372094162,0.4130434782606649,0.5869565217393351,0.0542635658912241,overlap,1.3137254901959503,1.2710027100271002,RANGE_EXPANSION,USDCHF_m5_24d.json,WIN,True,False,True,False,True,False,False
USDCHF,USDCHF,LONG,2026-09-03T02:55:00+00:00,2026-09-03T02:55:00+00:00,0.81224,0.8120637552000001,0.8128949999999999,0.81314,2026-09-03T03:00:00+00:00,0.8120637552000001,STOP,-1.0,2026-09-03T00:00:00+00:00,0.81217,3,0.3673469387751812,0.7193665306117704,3.673469387754984,2.6734693877548223,0.6666666666661379,0.333333333333862,0.2857142857143319,other,1.250000000000077,1.3668122270742358,RANGE_EXPANSION,USDCHF_m5_24d.json,LOSS,False,False,True,True,False,False,False
USDCHF,USDCHF,LONG,2026-09-03T13:15:00+00:00,2026-09-03T13:15:00+00:00,0.80706,0.8063489642857142,0.8091999999999999,0.81002,2026-09-03T15:30:00+00:00,0.80706,BREAKEVEN,1.5048470540959669,2026-09-03T10:00:00+00:00,0.80679,3,0.6605293440736928,1.1455120828539598,4.768699654775618,3.4476409666282333,0.6966292134830494,0.3033707865169506,0.4349827387802018,overlap,1.968750000000141,2.162839248434238,RANGE_EXPANSION,USDCHF_m5_24d.json,WIN,True,False,False,True,False,False,True
USDCHF,USDCHF,SHORT,2026-09-06T22:40:00+00:00,2026-09-06T22:40:00+00:00,0.81007,0.8101262014,0.8095399999999999,0.80901,2026-09-07T00:05:00+00:00,0.8101262014,STOP,-1.0,2026-09-04T18:00:00+00:00,0.81009,4,0.1339712918661817,0.3764687081344706,7.100478468900193,3.5502392344504687,0.6666666666679002,0.3333333333320997,0.1339712918661817,other,0.5,0.3910891089108911,RANGE_CONTRACTION,USDCHF_m5_24d.json,LOSS,False,True,True,True,False,True,False
USDCHF,USDCHF,SHORT,2026-09-07T15:55:00+00:00,2026-09-07T15:55:00+00:00,0.80911,0.8092161822,0.80881,0.80847,2026-09-07T16:00:00+00:00,0.8092161822,STOP,-1.0,2026-09-07T12:00:00+00:00,0.80912,2,0.4409448818902071,0.5852562204725915,3.527559055117985,1.6535433070864407,0.5555555555556241,0.4444444444443759,0.0551181102359699,overlap,0.7906976744185447,0.4607508532423208,RANGE_CONTRACTION,USDCHF_m5_24d.json,LOSS,True,True,True,True,True,True,True
USDCHF,USDCHF,SHORT,2026-09-08T07:55:00+00:00,2026-09-08T07:55:00+00:00,0.81068,0.8110770357142857,0.808865,0.80828,2026-09-08T08:00:00+00:00,0.8110770357142857,STOP,-1.0,2026-09-08T04:00:00+00:00,0.81091,3,0.4402515723270112,1.165303983228604,7.044025157232832,5.327044025157455,0.8222222222223154,0.1777777777776845,0.6750524109016779,london,2.0526315789471226,1.7097902097902098,RANGE_EXPANSION,USDCHF_m5_24d.json,LOSS,False,False,True,False,False,False,False
USDCHF,USDCHF,SHORT,2026-09-08T11:00:00+00:00,2026-09-08T11:00:00+00:00,0.81163,0.8118362326,0.80948,0.80775,2026-09-08T11:10:00+00:00,0.8118362326,STOP,-1.0,2026-09-08T08:00:00+00:00,0.8117,4,0.3792325056433844,0.6517508803614465,12.261851015801827,6.794582392776749,0.8095238095236584,0.1904761904763415,0.2212189616253368,london,0.7567567567568013,0.6692913385826772,RANGE_CONTRACTION,USDCHF_m5_24d.json,LOSS,False,True,True,True,False,True,False
USDCHF,USDCHF,LONG,2026-09-10T05:35:00+00:00,2026-09-10T05:35:00+00:00,0.80913,0.8087738174,0.8095749999999999,0.81041,2026-09-10T05:50:00+00:00,0.8087738174,STOP,-1.0,2026-09-10T02:00:00+00:00,0.80902,3,1.703703703703299,2.6383896296297875,9.481481481480802,3.2962962962955844,0.933333333333284,0.066666666666716,0.8148148148151934,other,1.0,0.9285714285714286,TRANSITION,USDCHF_m5_24d.json,LOSS,False,False,False,False,False,False,False
USDCHF,USDCHF,SHORT,2026-09-10T18:50:00+00:00,2026-09-10T18:50:00+00:00,0.81284,0.8130862567999999,0.811685,0.81083,2026-09-10T19:00:00+00:00,0.8130862567999999,STOP,-1.0,2026-09-10T16:00:00+00:00,0.81296,3,0.4374999999997792,0.9794304545450656,7.994318181818081,4.59375000000011,0.4090909090908173,0.5909090909091826,0.4772727272727674,new_york,1.3111111111112097,0.9791907514450868,RANGE_EXPANSION,USDCHF_m5_24d.json,LOSS,False,False,True,False,False,False,False
USDCHF,USDCHF,SHORT,2026-09-11T15:35:00+00:00,2026-09-11T15:35:00+00:00,0.81578,0.8160005357142858,0.8150999999999999,0.81428,2026-09-11T15:45:00+00:00,0.8160005357142858,STOP,-1.0,2026-09-11T12:00:00+00:00,0.81588,4,0.2434782608695276,0.5369565217393613,3.652173913043185,1.655652173913004,0.2564102564105119,0.7435897435894882,0.2434782608697979,overlap,0.902173913043553,0.7771739130434783,RANGE_CONTRACTION,USDCHF_m5_24d.json,LOSS,True,True,True,False,True,True,False
USDCHF,USDCHF,SHORT,2026-09-11T20:15:00+00:00,2026-09-11T20:15:00+00:00,0.81666,0.8167863332,0.81513,0.81406,2026-09-11T20:30:00+00:00,0.8167863332,STOP,-1.0,2026-09-11T16:00:00+00:00,0.81667,6,0.5714285714284679,0.7219039999999204,14.857142857142067,8.7428571428567,0.3749999999998265,0.6250000000001735,0.057142857142593,new_york,0.5869565217394768,0.5641025641025641,RANGE_CONTRACTION,USDCHF_m5_24d.json,LOSS,False,True,True,False,False,True,False
USDCHF,USDCHF,SHORT,2026-09-14T01:55:00+00:00,2026-09-14T01:55:00+00:00,0.81726,0.8173163452000001,0.8165549999999999,0.81607,2026-09-14T02:00:00+00:00,0.8173163452000001,STOP,-1.0,2026-09-13T22:00:00+00:00,0.81727,4,0.1381578947367227,0.2594844736845995,5.480263157894772,3.246710526316051,0.1250000000000867,0.8749999999999133,0.0460526315792484,other,0.9047619047623076,1.3708487084870848,RANGE_CONTRACTION,USDCHF_m5_24d.json,LOSS,False,True,True,False,False,True,False
USDCHF,USDCHF,SHORT,2026-09-14T06:55:00+00:00,2026-09-14T06:55:00+00:00,0.81889,0.8190163777999999,0.81773,0.81712,2026-09-14T07:00:00+00:00,0.8190163777999999,STOP,-1.0,2026-09-14T04:00:00+00:00,0.81891,2,0.2837837837835496,0.3984885585582863,5.5810810810813765,3.6576576576579054,0.6428571428572561,0.3571428571427438,0.0630630630631277,other,1.939393939393552,1.6945996275605215,RANGE_EXPANSION,USDCHF_m5_24d.json,LOSS,False,False,True,True,False,False,False
USDCHF,USDCHF,SHORT,2026-09-14T23:55:00+00:00,2026-09-14T23:55:00+00:00,0.81729,0.8173963458,0.8167249999999999,0.81602,2026-09-15T00:00:00+00:00,0.8173963458,STOP,-1.0,2026-09-14T20:00:00+00:00,0.81732,2,0.5454545454540474,0.9667800000001062,11.54545454545376,5.136363636363656,0.5263157894735612,0.4736842105264388,0.272727272728033,other,0.9166666666665896,1.4367816091954022,RANGE_CONTRACTION,USDCHF_m5_24d.json,LOSS,False,True,True,True,False,True,False
USDCHF,USDCHF,LONG,2026-09-16T15:10:00+00:00,2026-09-16T15:10:00+00:00,0.81859,0.8182336282,0.818865,0.81948,2026-09-16T17:55:00+00:00,0.81859,BREAKEVEN,0.3858329980092266,2026-09-16T12:00:00+00:00,0.81856,5,0.9908675799084384,1.1390879452055995,2.8447488584473564,0.8789954337896922,0.7714285714286349,0.2285714285713651,0.0958904109591787,overlap,1.2040816326530428,1.3576864535768645,RANGE_EXPANSION,USDCHF_m5_24d.json,WIN,True,False,False,True,False,False,True
USDCHF,USDCHF,SHORT,2026-09-21T03:45:00+00:00,2026-09-21T03:45:00+00:00,0.82291,0.8230064582,0.8221750000000001,0.82164,2026-09-21T03:50:00+00:00,0.8230064582,STOP,-1.0,2026-09-21T00:00:00+00:00,0.82292,2,0.5051546391752618,0.6960901030921182,9.164948453606376,5.304123711338647,0.1428571428572561,0.8571428571427439,0.0721649484532654,other,0.7777777777781204,0.798804780876494,RANGE_CONTRACTION,USDCHF_m5_24d.json,LOSS,False,True,True,False,False,True,False
USDCHF,USDCHF,LONG,2026-09-21T15:00:00+00:00,2026-09-21T15:00:00+00:00,0.821,0.8207783571428571,0.821795,0.82279,2026-09-21T15:05:00+00:00,0.8207783571428571,STOP,-1.0,2026-09-21T12:00:00+00:00,0.82095,3,0.3465346534653046,0.512046204620506,4.135313531353251,1.8366336633665503,0.4324324324321567,0.5675675675678433,0.1155115511551015,overlap,1.2741935483870737,1.479899497487437,RANGE_EXPANSION,USDCHF_m5_24d.json,LOSS,True,False,True,False,True,False,False
USDCHF,USDCHF,LONG,2026-09-21T23:50:00+00:00,2026-09-21T23:50:00+00:00,0.82097,0.8208535806,0.821175,0.82163,2026-09-22T00:00:00+00:00,0.8208535806,STOP,-1.0,2026-09-21T20:00:00+00:00,0.82095,2,1.1199999999998136,1.6298715999997488,9.240000000001958,2.870000000000785,0.6666666666666666,0.3333333333333333,0.280000000000342,other,0.8749999999993061,1.2279792746113989,RANGE_CONTRACTION,USDCHF_m5_24d.json,LOSS,False,True,False,True,False,False,False
USDCHF,USDCHF,SHORT,2026-09-22T18:55:00+00:00,2026-09-22T18:55:00+00:00,0.82119,0.8212864237999999,0.82101,0.82001,2026-09-22T19:00:00+00:00,0.8212864237999999,STOP,-1.0,2026-09-22T16:00:00+00:00,0.82125,2,0.0779944289690047,0.3760259610026599,4.601671309192063,0.7019498607240736,0.5714285714282316,0.4285714285717684,0.2339832869083131,new_york,0.8863636363636478,0.9985835694050992,RANGE_CONTRACTION,USDCHF_m5_24d.json,LOSS,False,True,True,True,False,True,False
USDCHF,USDCHF,SHORT,2026-09-23T19:40:00+00:00,2026-09-23T19:40:00+00:00,0.82469,0.8247664938,0.824525,0.82371,2026-09-23T20:10:00+00:00,0.82469,BREAKEVEN,1.0785187819153654,2026-09-23T16:00:00+00:00,0.82472,3,0.1296296296295319,0.3305287654319836,4.234567901234894,0.7129629629633849,0.2307692307690994,0.7692307692309006,0.1296296296295319,new_york,0.7096774193547578,0.66429418742586,RANGE_CONTRACTION,USDCHF_m5_24d.json,WIN,False,True,True,False,False,True,False
USDCHF,USDCHF,SHORT,2026-09-24T11:20:00+00:00,2026-09-24T11:20:00+00:00,0.8271,0.8273696428571429,0.8254049999999999,0.82289,2026-09-24T11:30:00+00:00,0.8273696428571429,STOP,-1.0,2026-09-24T08:00:00+00:00,0.82724,6,0.2800000000001356,0.6863636363638056,10.716363636363356,4.314545454545413,0.821428571428628,0.1785714285713719,0.3563636363637062,london,0.6082474226803746,0.7885040530582167,RANGE_CONTRACTION,USDCHF_m5_24d.json,LOSS,False,True,True,True,False,True,False
USDCHF,USDCHF,LONG,2026-09-24T19:25:00+00:00,2026-09-24T19:25:00+00:00,0.8283,0.828193434,0.828465,0.82965,2026-09-24T19:30:00+00:00,0.828193434,STOP,-1.0,2026-09-24T16:00:00+00:00,0.82826,2,0.1749999999999806,0.3729810000001051,4.724999999999865,0.5774999999998971,0.3478260869569415,0.6521739130430585,0.1400000000001399,new_york,0.8636363636364783,0.7173333333333334,RANGE_CONTRACTION,USDCHF_m5_24d.json,LOSS,False,True,True,False,False,True,False
USDCHF,USDCHF,LONG,2026-09-25T13:10:00+00:00,2026-09-25T13:10:00+00:00,0.82833,0.8279415,0.82904,0.8298,2026-09-25T13:30:00+00:00,0.82833,BREAKEVEN,0.9137709137708664,2026-09-25T10:00:00+00:00,0.82821,2,0.6756756756756207,1.0500000000000675,3.9729729729730097,1.9189189189189428,0.6315789473683903,0.3684210526316097,0.3243243243243579,overlap,1.4615384615387408,1.4295154185022023,RANGE_EXPANSION,USDCHF_m5_24d.json,WIN,True,False,False,True,False,False,True
USDJPY,USDJPY,SHORT,2026-09-08T07:15:00+00:00,2026-09-08T07:15:00+00:00,153.842,153.97127857142857,153.125,152.888,2026-09-08T08:00:00+00:00,153.97127857142857,STOP,-1.0,2026-09-08T04:00:00+00:00,153.872,5,0.7406143344709005,1.0295221843002218,7.597269624573397,5.709897610921573,0.7759999999998399,0.22400000000016,0.2389078498293592,london,1.4692737430167722,2.1791559000861325,RANGE_EXPANSION,USDJPY_m5_24d.json,LOSS,False,False,False,True,False,False,False
USDJPY,USDJPY,SHORT,2026-09-08T11:55:00+00:00,2026-09-08T11:55:00+00:00,154.265,154.39156428571428,153.61700000000002,153.264,2026-09-08T18:15:00+00:00,154.39156428571428,STOP,-1.0,2026-09-08T08:00:00+00:00,154.299,2,0.9640062597808896,1.38646322378734,10.965571205008125,7.098591549295783,0.9418604651163406,0.0581395348836594,0.3724569640065004,london,1.0470588235292977,0.8344438749359303,TRANSITION,USDJPY_m5_24d.json,LOSS,False,False,False,True,False,False,False
USDJPY,USDJPY,SHORT,2026-09-09T21:20:00+00:00,2026-09-09T21:20:00+00:00,153.568,153.60607136000002,153.55450000000002,153.425,2026-09-09T22:20:00+00:00,153.425,TARGET,2.055350793877333,2026-09-09T18:00:00+00:00,153.573,5,0.8842105263157277,1.122103242105247,4.21473684210483,0.397894736841868,0.184615384615398,0.8153846153846019,0.1473684210524816,other,0.6847826086956388,0.4689042448173741,RANGE_CONTRACTION,USDJPY_m5_24d.json,WIN,False,True,False,False,False,False,False
USDJPY,USDJPY,SHORT,2026-09-10T14:45:00+00:00,2026-09-10T14:45:00+00:00,154.018,154.06180714285716,153.9285,153.658,2026-09-10T15:25:00+00:00,154.018,BREAKEVEN,1.021522908853474,2026-09-10T12:00:00+00:00,154.021,2,0.3013530135303392,0.3771832718328672,3.099630996309964,0.7706027060271622,0.2205882352938779,0.7794117647061221,0.0258302583024606,overlap,1.2921348314604302,1.1886363636363635,RANGE_EXPANSION,USDJPY_m5_24d.json,WIN,True,False,True,False,True,False,False
USDJPY,USDJPY,LONG,2026-09-10T17:15:00+00:00,2026-09-10T17:15:00+00:00,154.281,154.27091438,154.3215,154.668,2026-09-10T17:20:00+00:00,154.27091438,STOP,-1.0,2026-09-10T14:00:00+00:00,154.278,3,0.0666666666665155,0.168093666666883,6.4500000000004185,0.675000000000187,0.0888888888892818,0.911111111110718,0.0500000000002419,new_york,0.6424581005586006,0.6330318895763922,RANGE_CONTRACTION,USDJPY_m5_24d.json,LOSS,False,True,True,False,False,True,False
USDJPY,USDJPY,SHORT,2026-09-11T00:55:00+00:00,2026-09-11T00:55:00+00:00,154.502,154.59811428571427,154.418,154.337,2026-09-11T01:10:00+00:00,154.337,TARGET,1.2953329369801918,2026-09-10T22:00:00+00:00,154.562,3,0.388888888888697,1.1680555555553715,2.005208333333704,1.020833333333434,0.8725490196080399,0.1274509803919601,0.7291666666667386,other,2.1547619047616227,5.046575342465753,RANGE_EXPANSION,USDJPY_m5_24d.json,WIN,False,False,True,False,False,False,False
USDJPY,USDJPY,LONG,2026-09-11T09:55:00+00:00,2026-09-11T09:55:00+00:00,154.104,154.05360714285712,154.2135,154.414,2026-09-11T10:00:00+00:00,154.05360714285712,STOP,-1.0,2026-09-11T06:00:00+00:00,154.089,4,0.4715789473685418,0.7426315789478798,4.568421052630838,1.6136842105261466,0.6333333333334912,0.3666666666665087,0.2210526315791479,london,0.8905109489052094,0.8690614136732329,RANGE_CONTRACTION,USDJPY_m5_24d.json,LOSS,False,True,True,True,False,True,False
USDJPY,USDJPY,SHORT,2026-09-11T19:50:00+00:00,2026-09-11T19:50:00+00:00,153.713,153.73407426,153.56900000000002,153.4,2026-09-11T20:35:00+00:00,153.73407426,STOP,-1.0,2026-09-11T16:00:00+00:00,153.716,2,0.4988123515434311,0.7008067458433483,10.408551068882003,4.78859857482053,0.7999999999992421,0.2000000000007579,0.0997624703092533,new_york,1.0500000000002367,0.862882096069869,RANGE_EXPANSION,USDJPY_m5_24d.json,LOSS,False,False,True,True,False,False,False
USDJPY,USDJPY,SHORT,2026-09-15T07:25:00+00:00,2026-09-15T07:25:00+00:00,154.876,154.9461,154.7595,154.628,2026-09-15T08:00:00+00:00,154.9461,STOP,-1.0,2026-09-15T04:00:00+00:00,154.893,2,0.8064516129034667,1.1306451612903468,4.00000000000059,1.8790322580646832,0.5454545454546041,0.4545454545453958,0.2741935483870503,london,1.4693877551023249,1.5809617271835132,RANGE_EXPANSION,USDJPY_m5_24d.json,LOSS,False,False,False,True,False,False,False
USDJPY,USDJPY,SHORT,2026-09-15T09:25:00+00:00,2026-09-15T09:25:00+00:00,155.001,155.06165,154.769,154.626,2026-09-15T12:05:00+00:00,155.001,BREAKEVEN,1.9126133553179816,2026-09-15T06:00:00+00:00,155.022,3,0.3763440860214791,0.6521505376342247,4.03225806451624,2.49462365591404,0.4264705882353433,0.5735294117646567,0.2258064516127652,london,1.1044776119401718,1.124142233312539,RANGE_EXPANSION,USDJPY_m5_24d.json,WIN,False,False,True,False,False,False,False
USDJPY,USDJPY,SHORT,2026-09-15T17:10:00+00:00,2026-09-15T17:10:00+00:00,155.089,155.12810178,154.9995,154.834,2026-09-15T17:15:00+00:00,155.12810178,STOP,-1.0,2026-09-15T14:00:00+00:00,155.113,4,0.2736156351791742,0.8915715309448876,5.814332247557128,2.0407166123776297,0.617021276595706,0.3829787234042939,0.5472312703583484,new_york,0.5833333333332974,0.6045454545454545,RANGE_CONTRACTION,USDJPY_m5_24d.json,LOSS,False,True,True,False,False,True,False
USDJPY,USDJPY,SHORT,2026-09-15T18:40:00+00:00,2026-09-15T18:40:00+00:00,155.133,155.16310266,155.03,154.893,2026-09-15T21:20:00+00:00,155.133,BREAKEVEN,1.710812267089801,2026-09-15T16:00:00+00:00,155.158,3,0.0630630630633658,0.9491829729724606,7.567567567568052,3.247747747748105,0.4736842105259484,0.5263157894740517,0.788288288287592,new_york,0.6326530612247088,0.6702619414483821,RANGE_CONTRACTION,USDJPY_m5_24d.json,WIN,False,True,True,False,False,True,False
USDJPY,USDJPY,LONG,2026-09-17T03:40:00+00:00,2026-09-17T03:40:00+00:00,156.097,156.04887806,156.16649999999998,156.315,2026-09-17T04:30:00+00:00,156.04887806,STOP,-1.0,2026-09-17T00:00:00+00:00,156.083,5,0.5614489003882289,0.8715487192758703,3.948253557567889,1.2587322121600424,0.8235294117644764,0.1764705882355235,0.2535575679173975,other,0.7829457364339377,0.6913841807909604,RANGE_CONTRACTION,USDJPY_m5_24d.json,LOSS,False,True,True,True,False,True,False
USDJPY,USDJPY,LONG,2026-09-17T08:55:00+00:00,2026-09-17T08:55:00+00:00,155.764,155.733625,155.89499999999998,156.134,2026-09-17T09:05:00+00:00,155.733625,STOP,-1.0,2026-09-17T06:00:00+00:00,155.762,3,0.3703703703704238,0.4500000000002692,5.481481481480674,1.9407407407401625,0.0540540540543031,0.9459459459456968,0.0296296296297686,london,0.6942675159237571,0.7936670071501533,RANGE_CONTRACTION,USDJPY_m5_24d.json,LOSS,False,True,True,False,False,True,False
USDJPY,USDJPY,LONG,2026-09-18T15:35:00+00:00,2026-09-18T15:35:00+00:00,156.931,156.8347892857143,157.845,158.01,2026-09-18T15:40:00+00:00,156.8347892857143,STOP,-1.0,2026-09-18T12:00:00+00:00,156.872,2,0.1159604969736078,0.4291016247212748,4.812360624402699,4.076457470532057,0.3791208791209967,0.6208791208790033,0.2631411277476855,overlap,2.8500000000000814,1.717101758124667,RANGE_EXPANSION,USDJPY_m5_24d.json,LOSS,True,False,True,False,True,False,False
USDJPY,USDJPY,LONG,2026-09-22T20:40:00+00:00,2026-09-22T20:40:00+00:00,157.38,157.3488524,157.481,157.602,2026-09-22T21:00:00+00:00,157.3488524,STOP,-1.0,2026-09-22T18:00:00+00:00,157.373,2,0.4600938967133344,0.6824200312988598,4.86384976525854,2.212832550860764,0.8571428571434372,0.1428571428565628,0.1533646322379857,new_york,0.662337662337763,0.646112600536193,RANGE_CONTRACTION,USDJPY_m5_24d.json,LOSS,False,True,True,True,False,True,False
USDJPY,USDJPY,LONG,2026-09-25T01:15:00+00:00,2026-09-25T01:15:00+00:00,158.657,158.60882686,158.8595,158.947,2026-09-25T01:55:00+00:00,158.60882686,STOP,-1.0,2026-09-24T22:00:00+00:00,158.645,3,0.6507042253524363,0.9498929014088164,5.718309859154937,3.99295774647872,0.7575757575755749,0.2424242424244251,0.2366197183098749,other,1.5263157894738155,3.0879396984924625,RANGE_EXPANSION,USDJPY_m5_24d.json,LOSS,False,False,False,True,False,False,False
