status,pair,variant,signal_close_utc,entry_time_utc,exit_time_utc,side,fill,stop,target,fill_RR,buffer_pips,allow_overnight,exit_price,exit_reason,risk_distance,gross_R,net_R
SIMULATED,EURUSD,eurusd_swing3_choch_or_bos,2026-09-21T02:50:00+00:00,2026-09-21T02:50:00+00:00,2026-09-21T11:55:00+00:00,SHORT,1.14791,1.14903,1.14549,2.160714285714346,0.0,False,1.14903,stop,0.0011200000000000099,-1.0,-1.1339285714285703
SIMULATED,EURUSD,eurusd_swing3_choch_or_bos,2026-09-21T09:50:00+00:00,2026-09-21T09:50:00+00:00,2026-09-21T11:40:00+00:00,SHORT,1.14768,1.14856,1.14549,2.4886363636365414,0.0,False,1.14856,stop,0.0008799999999999919,-1.0,-1.170454545454547
SIMULATED,EURUSD,eurusd_swing3_choch_or_bos,2026-09-22T12:40:00+00:00,2026-09-22T12:40:00+00:00,2026-09-22T15:35:00+00:00,SHORT,1.14608,1.14782,1.14338,1.5517241379309246,0.0,False,1.14338,target,0.0017400000000000748,1.5517241379309246,1.4655172413792041
SIMULATED,EURUSD,eurusd_swing3_choch_or_bos,2026-09-22T14:15:00+00:00,2026-09-22T14:15:00+00:00,2026-09-22T15:35:00+00:00,SHORT,1.14503,1.14708,1.14338,0.8048780487804111,0.0,False,1.14338,target,0.0020500000000001073,0.8048780487804111,0.731707317073098
SIMULATED,EURUSD,eurusd_swing3_choch_or_bos,2026-09-23T01:05:00+00:00,2026-09-23T01:05:00+00:00,2026-09-23T03:50:00+00:00,SHORT,1.14452,1.1455,1.14293,1.6224489795918482,0.0,False,1.14293,target,0.0009799999999999809,1.6224489795918482,1.4693877551020493
SIMULATED,EURUSD,eurusd_swing2_choch_or_bos,2026-09-21T02:00:00+00:00,2026-09-21T02:00:00+00:00,2026-09-21T11:55:00+00:00,SHORT,1.14832,1.14903,1.14549,3.9859154929579668,0.0,False,1.14903,stop,0.0007099999999999884,-1.0,-1.2112676056338063
SIMULATED,EURUSD,eurusd_swing2_choch_or_bos,2026-09-21T09:25:00+00:00,2026-09-21T09:25:00+00:00,2026-09-21T11:40:00+00:00,SHORT,1.1478,1.14856,1.14549,3.0394736842101957,0.0,False,1.14856,stop,0.0007600000000000939,-1.0,-1.1973684210526072
SIMULATED,EURUSD,eurusd_swing2_choch_or_bos,2026-09-22T12:40:00+00:00,2026-09-22T12:40:00+00:00,2026-09-22T15:35:00+00:00,SHORT,1.14608,1.14782,1.14338,1.5517241379309246,0.0,False,1.14338,target,0.0017400000000000748,1.5517241379309246,1.4655172413792041
SIMULATED,EURUSD,eurusd_swing2_choch_or_bos,2026-09-22T13:25:00+00:00,2026-09-22T13:25:00+00:00,2026-09-22T15:35:00+00:00,SHORT,1.14549,1.14708,1.14338,1.3270440251569595,0.0,False,1.14338,target,0.0015900000000002024,1.3270440251569595,1.232704402515462
SIMULATED,EURUSD,eurusd_swing2_choch_or_bos,2026-09-22T22:50:00+00:00,2026-09-22T22:50:00+00:00,2026-09-23T00:00:00+00:00,SHORT,1.14461,1.1455,1.14293,1.8876404494379724,0.0,False,1.14479,overnight_close,0.0008900000000000574,-0.20224719101130043,-0.3707865168539862
SIMULATED,GBPUSD,gbpusd_swing2_choch_only,2026-09-22T21:05:00+00:00,2026-09-22T21:05:00+00:00,2026-09-23T00:00:00+00:00,SHORT,1.33411,1.33734,1.33214,0.6099071207429613,0.0,False,1.33433,overnight_close,0.003230000000000066,-0.06811145510839148,-0.11455108359136268
SIMULATED,AUDUSD,config_default,2026-09-22T12:10:00+00:00,2026-09-22T12:10:00+00:00,2026-09-23T00:00:00+00:00,SHORT,0.71102,0.71259,0.70923,1.140127388535034,0.0,False,0.71121,overnight_close,0.0015699999999999603,-0.12101910828027279,-0.21656050955416056
SIMULATED,AUDUSD,config_default,2026-09-22T20:45:00+00:00,2026-09-22T20:45:00+00:00,2026-09-23T00:00:00+00:00,SHORT,0.71149,0.71197,0.7097,3.7291666666663006,0.0,False,0.71121,overnight_close,0.00048000000000003595,0.5833333333331792,0.27083333333320253
SIMULATED,USDCAD,config_default,2026-09-15T23:30:00+00:00,2026-09-15T23:30:00+00:00,2026-09-15T23:35:00+00:00,LONG,1.39233,1.39104,1.39249,0.12403100775188862,0.0,False,1.39249,target,0.0012900000000000134,0.12403100775188862,0.007751937984447947
SIMULATED,USDCAD,config_default,2026-09-16T16:45:00+00:00,2026-09-16T16:45:00+00:00,2026-09-16T17:05:00+00:00,LONG,1.39401,1.39238,1.39438,0.22699386503066063,0.0,False,1.39438,target,0.0016300000000000203,0.22699386503066063,0.13496932515336116
SIMULATED,USDCAD,config_default,2026-09-16T17:05:00+00:00,2026-09-16T17:05:00+00:00,2026-09-16T17:05:00+00:00,LONG,1.39425,1.39293,1.39438,0.09848484848482172,0.0,False,1.39438,target,0.0013199999999999878,0.09848484848482172,-0.01515151515154297
SIMULATED,USDCAD,config_default,2026-09-22T00:00:00+00:00,2026-09-22T00:00:00+00:00,2026-09-22T01:20:00+00:00,LONG,1.40336,1.40274,1.4039,0.8709677419356803,0.0,False,1.4039,target,0.0006199999999998429,0.8709677419356803,0.6290322580646512
SIMULATED,USDCAD,config_default,2026-09-23T11:20:00+00:00,2026-09-23T11:20:00+00:00,2026-09-23T11:35:00+00:00,LONG,1.4088,1.40778,1.40917,0.3627450980391901,0.0,False,1.40917,target,0.0010200000000000209,0.3627450980391901,0.2156862745097813
SIMULATED,EURUSD,eurusd_swing3_choch_or_bos,2026-09-21T02:50:00+00:00,2026-09-21T02:50:00+00:00,2026-09-21T11:55:00+00:00,SHORT,1.14791,1.14903,1.14549,2.160714285714346,0.0,True,1.14903,stop,0.0011200000000000099,-1.0,-1.1339285714285703
SIMULATED,EURUSD,eurusd_swing3_choch_or_bos,2026-09-21T09:50:00+00:00,2026-09-21T09:50:00+00:00,2026-09-21T11:40:00+00:00,SHORT,1.14768,1.14856,1.14549,2.4886363636365414,0.0,True,1.14856,stop,0.0008799999999999919,-1.0,-1.170454545454547
SIMULATED,EURUSD,eurusd_swing3_choch_or_bos,2026-09-22T12:40:00+00:00,2026-09-22T12:40:00+00:00,2026-09-22T15:35:00+00:00,SHORT,1.14608,1.14782,1.14338,1.5517241379309246,0.0,True,1.14338,target,0.0017400000000000748,1.5517241379309246,1.4655172413792041
SIMULATED,EURUSD,eurusd_swing3_choch_or_bos,2026-09-22T14:15:00+00:00,2026-09-22T14:15:00+00:00,2026-09-22T15:35:00+00:00,SHORT,1.14503,1.14708,1.14338,0.8048780487804111,0.0,True,1.14338,target,0.0020500000000001073,0.8048780487804111,0.731707317073098
SIMULATED,EURUSD,eurusd_swing3_choch_or_bos,2026-09-23T01:05:00+00:00,2026-09-23T01:05:00+00:00,2026-09-23T03:50:00+00:00,SHORT,1.14452,1.1455,1.14293,1.6224489795918482,0.0,True,1.14293,target,0.0009799999999999809,1.6224489795918482,1.4693877551020493
SIMULATED,EURUSD,eurusd_swing2_choch_or_bos,2026-09-21T02:00:00+00:00,2026-09-21T02:00:00+00:00,2026-09-21T11:55:00+00:00,SHORT,1.14832,1.14903,1.14549,3.9859154929579668,0.0,True,1.14903,stop,0.0007099999999999884,-1.0,-1.2112676056338063
SIMULATED,EURUSD,eurusd_swing2_choch_or_bos,2026-09-21T09:25:00+00:00,2026-09-21T09:25:00+00:00,2026-09-21T11:40:00+00:00,SHORT,1.1478,1.14856,1.14549,3.0394736842101957,0.0,True,1.14856,stop,0.0007600000000000939,-1.0,-1.1973684210526072
SIMULATED,EURUSD,eurusd_swing2_choch_or_bos,2026-09-22T12:40:00+00:00,2026-09-22T12:40:00+00:00,2026-09-22T15:35:00+00:00,SHORT,1.14608,1.14782,1.14338,1.5517241379309246,0.0,True,1.14338,target,0.0017400000000000748,1.5517241379309246,1.4655172413792041
SIMULATED,EURUSD,eurusd_swing2_choch_or_bos,2026-09-22T13:25:00+00:00,2026-09-22T13:25:00+00:00,2026-09-22T15:35:00+00:00,SHORT,1.14549,1.14708,1.14338,1.3270440251569595,0.0,True,1.14338,target,0.0015900000000002024,1.3270440251569595,1.232704402515462
SIMULATED,EURUSD,eurusd_swing2_choch_or_bos,2026-09-22T22:50:00+00:00,2026-09-22T22:50:00+00:00,2026-09-23T03:50:00+00:00,SHORT,1.14461,1.1455,1.14293,1.8876404494379724,0.0,True,1.14293,target,0.0008900000000000574,1.8876404494379724,1.7191011235952867
SIMULATED,GBPUSD,gbpusd_swing2_choch_only,2026-09-22T21:05:00+00:00,2026-09-22T21:05:00+00:00,2026-09-23T03:15:00+00:00,SHORT,1.33411,1.33734,1.33214,0.6099071207429613,0.0,True,1.33214,target,0.003230000000000066,0.6099071207429613,0.56346749225999
SIMULATED,AUDUSD,config_default,2026-09-22T12:10:00+00:00,2026-09-22T12:10:00+00:00,2026-09-23T07:00:00+00:00,SHORT,0.71102,0.71259,0.70923,1.140127388535034,0.0,True,0.70923,target,0.0015699999999999603,1.140127388535034,1.0445859872611463
SIMULATED,AUDUSD,config_default,2026-09-22T20:45:00+00:00,2026-09-22T20:45:00+00:00,2026-09-23T06:15:00+00:00,SHORT,0.71149,0.71197,0.7097,3.7291666666663006,0.0,True,0.7097,target,0.00048000000000003595,3.7291666666663006,3.416666666666324
SIMULATED,USDCAD,config_default,2026-09-15T23:30:00+00:00,2026-09-15T23:30:00+00:00,2026-09-15T23:35:00+00:00,LONG,1.39233,1.39104,1.39249,0.12403100775188862,0.0,True,1.39249,target,0.0012900000000000134,0.12403100775188862,0.007751937984447947
SIMULATED,USDCAD,config_default,2026-09-16T16:45:00+00:00,2026-09-16T16:45:00+00:00,2026-09-16T17:05:00+00:00,LONG,1.39401,1.39238,1.39438,0.22699386503066063,0.0,True,1.39438,target,0.0016300000000000203,0.22699386503066063,0.13496932515336116
SIMULATED,USDCAD,config_default,2026-09-16T17:05:00+00:00,2026-09-16T17:05:00+00:00,2026-09-16T17:05:00+00:00,LONG,1.39425,1.39293,1.39438,0.09848484848482172,0.0,True,1.39438,target,0.0013199999999999878,0.09848484848482172,-0.01515151515154297
SIMULATED,USDCAD,config_default,2026-09-22T00:00:00+00:00,2026-09-22T00:00:00+00:00,2026-09-22T01:20:00+00:00,LONG,1.40336,1.40274,1.4039,0.8709677419356803,0.0,True,1.4039,target,0.0006199999999998429,0.8709677419356803,0.6290322580646512
SIMULATED,USDCAD,config_default,2026-09-23T11:20:00+00:00,2026-09-23T11:20:00+00:00,2026-09-23T11:35:00+00:00,LONG,1.4088,1.40778,1.40917,0.3627450980391901,0.0,True,1.40917,target,0.0010200000000000209,0.3627450980391901,0.2156862745097813
SIMULATED,EURUSD,eurusd_swing3_choch_or_bos,2026-09-21T02:50:00+00:00,2026-09-21T02:50:00+00:00,2026-09-21T11:55:00+00:00,SHORT,1.14791,1.14908,1.14549,2.0683760683759402,0.5,False,1.14908,stop,0.0011700000000001154,-1.0,-1.1282051282051155
SIMULATED,EURUSD,eurusd_swing3_choch_or_bos,2026-09-21T09:50:00+00:00,2026-09-21T09:50:00+00:00,2026-09-21T11:40:00+00:00,SHORT,1.14768,1.1486100000000001,1.14549,2.354838709677319,0.5,False,1.1486100000000001,stop,0.0009300000000000974,-1.0,-1.1612903225806281
SIMULATED,EURUSD,eurusd_swing3_choch_or_bos,2026-09-22T12:40:00+00:00,2026-09-22T12:40:00+00:00,2026-09-22T15:35:00+00:00,SHORT,1.14608,1.1478700000000002,1.14338,1.5083798882679624,0.5,False,1.14338,target,0.0017900000000001803,1.5083798882679624,1.4245810055864065
SIMULATED,EURUSD,eurusd_swing3_choch_or_bos,2026-09-22T14:15:00+00:00,2026-09-22T14:15:00+00:00,2026-09-22T15:35:00+00:00,SHORT,1.14503,1.1471300000000002,1.14338,0.7857142857141725,0.5,False,1.14338,target,0.002100000000000213,0.7857142857141725,0.7142857142856083
SIMULATED,EURUSD,eurusd_swing3_choch_or_bos,2026-09-23T01:05:00+00:00,2026-09-23T01:05:00+00:00,2026-09-23T03:50:00+00:00,SHORT,1.14452,1.14555,1.14293,1.543689320388201,0.5,False,1.14293,target,0.0010300000000000864,1.543689320388201,1.3980582524270482
SIMULATED,EURUSD,eurusd_swing2_choch_or_bos,2026-09-21T02:00:00+00:00,2026-09-21T02:00:00+00:00,2026-09-21T11:55:00+00:00,SHORT,1.14832,1.14908,1.14549,3.7236842105260006,0.5,False,1.14908,stop,0.0007600000000000939,-1.0,-1.1973684210526072
SIMULATED,EURUSD,eurusd_swing2_choch_or_bos,2026-09-21T09:25:00+00:00,2026-09-21T09:25:00+00:00,2026-09-21T11:40:00+00:00,SHORT,1.1478,1.1486100000000001,1.14549,2.8518518518511917,0.5,False,1.1486100000000001,stop,0.0008100000000001994,-1.0,-1.1851851851851396
SIMULATED,EURUSD,eurusd_swing2_choch_or_bos,2026-09-22T12:40:00+00:00,2026-09-22T12:40:00+00:00,2026-09-22T15:35:00+00:00,SHORT,1.14608,1.1478700000000002,1.14338,1.5083798882679624,0.5,False,1.14338,target,0.0017900000000001803,1.5083798882679624,1.4245810055864065
SIMULATED,EURUSD,eurusd_swing2_choch_or_bos,2026-09-22T13:25:00+00:00,2026-09-22T13:25:00+00:00,2026-09-22T15:35:00+00:00,SHORT,1.14549,1.1471300000000002,1.14338,1.286585365853316,0.5,False,1.14338,target,0.0016400000000003079,1.286585365853316,1.1951219512191869
SIMULATED,EURUSD,eurusd_swing2_choch_or_bos,2026-09-22T22:50:00+00:00,2026-09-22T22:50:00+00:00,2026-09-23T00:00:00+00:00,SHORT,1.14461,1.14555,1.14293,1.7872340425527793,0.5,False,1.14479,overnight_close,0.0009400000000001629,-0.19148936170216788,-0.3510638297872466
SIMULATED,GBPUSD,gbpusd_swing2_choch_only,2026-09-22T21:05:00+00:00,2026-09-22T21:05:00+00:00,2026-09-23T00:00:00+00:00,SHORT,1.33411,1.33739,1.33214,0.6006097560974701,0.5,False,1.33433,overnight_close,0.0032800000000001717,-0.06707317073173703,-0.11280487804880782
SIMULATED,AUDUSD,config_default,2026-09-22T12:10:00+00:00,2026-09-22T12:10:00+00:00,2026-09-23T00:00:00+00:00,SHORT,0.71102,0.7126399999999999,0.70923,1.1049382716049434,0.5,False,0.71121,overnight_close,0.0016199999999999548,-0.11728395061730172,-0.2098765432098969
SIMULATED,AUDUSD,config_default,2026-09-22T20:45:00+00:00,2026-09-22T20:45:00+00:00,2026-09-23T00:00:00+00:00,SHORT,0.71149,0.71202,0.7097,3.377358490565765,0.5,False,0.71121,overnight_close,0.0005300000000000304,0.5283018867923224,0.24528301886781034
SIMULATED,USDCAD,config_default,2026-09-15T23:30:00+00:00,2026-09-15T23:30:00+00:00,2026-09-15T23:35:00+00:00,LONG,1.39233,1.39099,1.39249,0.11940298507456998,0.5,False,1.39249,target,0.0013400000000001189,0.11940298507456998,0.007462686567117216
SIMULATED,USDCAD,config_default,2026-09-16T16:45:00+00:00,2026-09-16T16:45:00+00:00,2026-09-16T17:05:00+00:00,LONG,1.39401,1.3923299999999998,1.39438,0.2202380952380677,0.5,False,1.39438,target,0.0016800000000001258,0.2202380952380677,0.1309523809523601
SIMULATED,USDCAD,config_default,2026-09-16T17:05:00+00:00,2026-09-16T17:05:00+00:00,2026-09-16T17:05:00+00:00,LONG,1.39425,1.39288,1.39438,0.09489051094887198,0.5,False,1.39438,target,0.0013700000000000934,0.09489051094887198,-0.014598540146011075
SIMULATED,USDCAD,config_default,2026-09-22T00:00:00+00:00,2026-09-22T00:00:00+00:00,2026-09-22T01:20:00+00:00,LONG,1.40336,1.40269,1.4039,0.8059701492537709,0.5,False,1.4039,target,0.0006699999999999484,0.8059701492537709,0.5820895522388283
SIMULATED,USDCAD,config_default,2026-09-23T11:20:00+00:00,2026-09-23T11:20:00+00:00,2026-09-23T11:35:00+00:00,LONG,1.4088,1.40773,1.40917,0.3457943925233063,0.5,False,1.40917,target,0.0010700000000001264,0.3457943925233063,0.20560747663547238
SIMULATED,EURUSD,eurusd_swing3_choch_or_bos,2026-09-21T02:50:00+00:00,2026-09-21T02:50:00+00:00,2026-09-21T11:55:00+00:00,SHORT,1.14791,1.14908,1.14549,2.0683760683759402,0.5,True,1.14908,stop,0.0011700000000001154,-1.0,-1.1282051282051155
SIMULATED,EURUSD,eurusd_swing3_choch_or_bos,2026-09-21T09:50:00+00:00,2026-09-21T09:50:00+00:00,2026-09-21T11:40:00+00:00,SHORT,1.14768,1.1486100000000001,1.14549,2.354838709677319,0.5,True,1.1486100000000001,stop,0.0009300000000000974,-1.0,-1.1612903225806281
SIMULATED,EURUSD,eurusd_swing3_choch_or_bos,2026-09-22T12:40:00+00:00,2026-09-22T12:40:00+00:00,2026-09-22T15:35:00+00:00,SHORT,1.14608,1.1478700000000002,1.14338,1.5083798882679624,0.5,True,1.14338,target,0.0017900000000001803,1.5083798882679624,1.4245810055864065
SIMULATED,EURUSD,eurusd_swing3_choch_or_bos,2026-09-22T14:15:00+00:00,2026-09-22T14:15:00+00:00,2026-09-22T15:35:00+00:00,SHORT,1.14503,1.1471300000000002,1.14338,0.7857142857141725,0.5,True,1.14338,target,0.002100000000000213,0.7857142857141725,0.7142857142856083
SIMULATED,EURUSD,eurusd_swing3_choch_or_bos,2026-09-23T01:05:00+00:00,2026-09-23T01:05:00+00:00,2026-09-23T03:50:00+00:00,SHORT,1.14452,1.14555,1.14293,1.543689320388201,0.5,True,1.14293,target,0.0010300000000000864,1.543689320388201,1.3980582524270482
SIMULATED,EURUSD,eurusd_swing2_choch_or_bos,2026-09-21T02:00:00+00:00,2026-09-21T02:00:00+00:00,2026-09-21T11:55:00+00:00,SHORT,1.14832,1.14908,1.14549,3.7236842105260006,0.5,True,1.14908,stop,0.0007600000000000939,-1.0,-1.1973684210526072
SIMULATED,EURUSD,eurusd_swing2_choch_or_bos,2026-09-21T09:25:00+00:00,2026-09-21T09:25:00+00:00,2026-09-21T11:40:00+00:00,SHORT,1.1478,1.1486100000000001,1.14549,2.8518518518511917,0.5,True,1.1486100000000001,stop,0.0008100000000001994,-1.0,-1.1851851851851396
SIMULATED,EURUSD,eurusd_swing2_choch_or_bos,2026-09-22T12:40:00+00:00,2026-09-22T12:40:00+00:00,2026-09-22T15:35:00+00:00,SHORT,1.14608,1.1478700000000002,1.14338,1.5083798882679624,0.5,True,1.14338,target,0.0017900000000001803,1.5083798882679624,1.4245810055864065
SIMULATED,EURUSD,eurusd_swing2_choch_or_bos,2026-09-22T13:25:00+00:00,2026-09-22T13:25:00+00:00,2026-09-22T15:35:00+00:00,SHORT,1.14549,1.1471300000000002,1.14338,1.286585365853316,0.5,True,1.14338,target,0.0016400000000003079,1.286585365853316,1.1951219512191869
SIMULATED,EURUSD,eurusd_swing2_choch_or_bos,2026-09-22T22:50:00+00:00,2026-09-22T22:50:00+00:00,2026-09-23T03:50:00+00:00,SHORT,1.14461,1.14555,1.14293,1.7872340425527793,0.5,True,1.14293,target,0.0009400000000001629,1.7872340425527793,1.6276595744677007
SIMULATED,GBPUSD,gbpusd_swing2_choch_only,2026-09-22T21:05:00+00:00,2026-09-22T21:05:00+00:00,2026-09-23T03:15:00+00:00,SHORT,1.33411,1.33739,1.33214,0.6006097560974701,0.5,True,1.33214,target,0.0032800000000001717,0.6006097560974701,0.5548780487803994
SIMULATED,AUDUSD,config_default,2026-09-22T12:10:00+00:00,2026-09-22T12:10:00+00:00,2026-09-23T07:00:00+00:00,SHORT,0.71102,0.7126399999999999,0.70923,1.1049382716049434,0.5,True,0.70923,target,0.0016199999999999548,1.1049382716049434,1.0123456790123482
SIMULATED,AUDUSD,config_default,2026-09-22T20:45:00+00:00,2026-09-22T20:45:00+00:00,2026-09-23T06:15:00+00:00,SHORT,0.71149,0.71202,0.7097,3.377358490565765,0.5,True,0.7097,target,0.0005300000000000304,3.377358490565765,3.094339622641253
SIMULATED,USDCAD,config_default,2026-09-15T23:30:00+00:00,2026-09-15T23:30:00+00:00,2026-09-15T23:35:00+00:00,LONG,1.39233,1.39099,1.39249,0.11940298507456998,0.5,True,1.39249,target,0.0013400000000001189,0.11940298507456998,0.007462686567117216
SIMULATED,USDCAD,config_default,2026-09-16T16:45:00+00:00,2026-09-16T16:45:00+00:00,2026-09-16T17:05:00+00:00,LONG,1.39401,1.3923299999999998,1.39438,0.2202380952380677,0.5,True,1.39438,target,0.0016800000000001258,0.2202380952380677,0.1309523809523601
SIMULATED,USDCAD,config_default,2026-09-16T17:05:00+00:00,2026-09-16T17:05:00+00:00,2026-09-16T17:05:00+00:00,LONG,1.39425,1.39288,1.39438,0.09489051094887198,0.5,True,1.39438,target,0.0013700000000000934,0.09489051094887198,-0.014598540146011075
SIMULATED,USDCAD,config_default,2026-09-22T00:00:00+00:00,2026-09-22T00:00:00+00:00,2026-09-22T01:20:00+00:00,LONG,1.40336,1.40269,1.4039,0.8059701492537709,0.5,True,1.4039,target,0.0006699999999999484,0.8059701492537709,0.5820895522388283
SIMULATED,USDCAD,config_default,2026-09-23T11:20:00+00:00,2026-09-23T11:20:00+00:00,2026-09-23T11:35:00+00:00,LONG,1.4088,1.40773,1.40917,0.3457943925233063,0.5,True,1.40917,target,0.0010700000000001264,0.3457943925233063,0.20560747663547238
SIMULATED,EURUSD,eurusd_swing3_choch_or_bos,2026-09-21T02:50:00+00:00,2026-09-21T02:50:00+00:00,2026-09-21T12:00:00+00:00,SHORT,1.14791,1.14913,1.14549,1.9836065573771238,1.0,False,1.14913,stop,0.0012199999999999989,-1.0,-1.1229508196721312
SIMULATED,EURUSD,eurusd_swing3_choch_or_bos,2026-09-21T09:50:00+00:00,2026-09-21T09:50:00+00:00,2026-09-21T11:40:00+00:00,SHORT,1.14768,1.14866,1.14549,2.234693877551203,1.0,False,1.14866,stop,0.0009799999999999809,-1.0,-1.1530612244897989
SIMULATED,EURUSD,eurusd_swing3_choch_or_bos,2026-09-22T12:40:00+00:00,2026-09-22T12:40:00+00:00,2026-09-22T15:35:00+00:00,SHORT,1.14608,1.14792,1.14338,1.4673913043477342,1.0,False,1.14338,target,0.0018400000000000638,1.4673913043477342,1.3858695652173023
SIMULATED,EURUSD,eurusd_swing3_choch_or_bos,2026-09-22T14:15:00+00:00,2026-09-22T14:15:00+00:00,2026-09-22T15:35:00+00:00,SHORT,1.14503,1.14718,1.14338,0.767441860465049,1.0,False,1.14338,target,0.0021500000000000963,0.767441860465049,0.697674418604587
SIMULATED,EURUSD,eurusd_swing3_choch_or_bos,2026-09-23T01:05:00+00:00,2026-09-23T01:05:00+00:00,2026-09-23T03:50:00+00:00,SHORT,1.14452,1.1456,1.14293,1.472222222222245,1.0,False,1.14293,target,0.0010799999999999699,1.472222222222245,1.3333333333333524
SIMULATED,EURUSD,eurusd_swing2_choch_or_bos,2026-09-21T02:00:00+00:00,2026-09-21T02:00:00+00:00,2026-09-21T12:00:00+00:00,SHORT,1.14832,1.14913,1.14549,3.4938271604940607,1.0,False,1.14913,stop,0.0008099999999999774,-1.0,-1.1851851851851902
SIMULATED,EURUSD,eurusd_swing2_choch_or_bos,2026-09-21T09:25:00+00:00,2026-09-21T09:25:00+00:00,2026-09-21T11:40:00+00:00,SHORT,1.1478,1.14866,1.14549,2.686046511627688,1.0,False,1.14866,stop,0.0008600000000000829,-1.0,-1.174418604651146
SIMULATED,EURUSD,eurusd_swing2_choch_or_bos,2026-09-22T12:40:00+00:00,2026-09-22T12:40:00+00:00,2026-09-22T15:35:00+00:00,SHORT,1.14608,1.14792,1.14338,1.4673913043477342,1.0,False,1.14338,target,0.0018400000000000638,1.4673913043477342,1.3858695652173023
SIMULATED,EURUSD,eurusd_swing2_choch_or_bos,2026-09-22T13:25:00+00:00,2026-09-22T13:25:00+00:00,2026-09-22T15:35:00+00:00,SHORT,1.14549,1.14718,1.14338,1.2485207100589322,1.0,False,1.14338,target,0.0016900000000001913,1.2485207100589322,1.159763313609238
SIMULATED,EURUSD,eurusd_swing2_choch_or_bos,2026-09-22T22:50:00+00:00,2026-09-22T22:50:00+00:00,2026-09-23T00:00:00+00:00,SHORT,1.14461,1.1456,1.14293,1.6969696969695203,1.0,False,1.14479,overnight_close,0.0009900000000000464,-0.181818181818243,-0.33333333333338744
SIMULATED,GBPUSD,gbpusd_swing2_choch_only,2026-09-22T21:05:00+00:00,2026-09-22T21:05:00+00:00,2026-09-23T00:00:00+00:00,SHORT,1.33411,1.33744,1.33214,0.5915915915915233,1.0,False,1.33433,overnight_close,0.003330000000000055,-0.0660660660660977,-0.11111111111114201
SIMULATED,AUDUSD,config_default,2026-09-22T12:10:00+00:00,2026-09-22T12:10:00+00:00,2026-09-23T00:00:00+00:00,SHORT,0.71102,0.7126899999999999,0.70923,1.0718562874251574,1.0,False,0.71121,overnight_close,0.0016699999999999493,-0.11377245508983788,-0.20359281437127774
SIMULATED,AUDUSD,config_default,2026-09-22T20:45:00+00:00,2026-09-22T20:45:00+00:00,2026-09-23T00:00:00+00:00,SHORT,0.71149,0.71207,0.7097,3.0862068965515195,1.0,False,0.71121,overnight_close,0.0005800000000000249,0.48275862068954295,0.22413793103438165
SIMULATED,USDCAD,config_default,2026-09-15T23:30:00+00:00,2026-09-15T23:30:00+00:00,2026-09-15T23:35:00+00:00,LONG,1.39233,1.39094,1.39249,0.11510791366901993,1.0,False,1.39249,target,0.0013900000000000023,0.11510791366901993,0.007194244604271899
SIMULATED,USDCAD,config_default,2026-09-16T16:45:00+00:00,2026-09-16T16:45:00+00:00,2026-09-16T17:05:00+00:00,LONG,1.39401,1.39228,1.39438,0.21387283236993032,1.0,False,1.39438,target,0.0017300000000000093,0.21387283236993032,0.12716763005779205
SIMULATED,USDCAD,config_default,2026-09-16T17:05:00+00:00,2026-09-16T17:05:00+00:00,2026-09-16T17:05:00+00:00,LONG,1.39425,1.39283,1.39438,0.09154929577462366,1.0,False,1.39438,target,0.0014199999999999768,0.09154929577462366,-0.01408450704227948
SIMULATED,USDCAD,config_default,2026-09-22T00:00:00+00:00,2026-09-22T00:00:00+00:00,2026-09-22T01:20:00+00:00,LONG,1.40336,1.40264,1.4039,0.7500000000001542,1.0,False,1.4039,target,0.0007199999999998319,0.7500000000001542,0.5416666666667722
SIMULATED,USDCAD,config_default,2026-09-23T11:20:00+00:00,2026-09-23T11:20:00+00:00,2026-09-23T11:35:00+00:00,LONG,1.4088,1.40768,1.40917,0.33035714285712336,1.0,False,1.40917,target,0.0011200000000000099,0.33035714285712336,0.19642857142855313
SIMULATED,EURUSD,eurusd_swing3_choch_or_bos,2026-09-21T02:50:00+00:00,2026-09-21T02:50:00+00:00,2026-09-21T12:00:00+00:00,SHORT,1.14791,1.14913,1.14549,1.9836065573771238,1.0,True,1.14913,stop,0.0012199999999999989,-1.0,-1.1229508196721312
SIMULATED,EURUSD,eurusd_swing3_choch_or_bos,2026-09-21T09:50:00+00:00,2026-09-21T09:50:00+00:00,2026-09-21T11:40:00+00:00,SHORT,1.14768,1.14866,1.14549,2.234693877551203,1.0,True,1.14866,stop,0.0009799999999999809,-1.0,-1.1530612244897989
SIMULATED,EURUSD,eurusd_swing3_choch_or_bos,2026-09-22T12:40:00+00:00,2026-09-22T12:40:00+00:00,2026-09-22T15:35:00+00:00,SHORT,1.14608,1.14792,1.14338,1.4673913043477342,1.0,True,1.14338,target,0.0018400000000000638,1.4673913043477342,1.3858695652173023
SIMULATED,EURUSD,eurusd_swing3_choch_or_bos,2026-09-22T14:15:00+00:00,2026-09-22T14:15:00+00:00,2026-09-22T15:35:00+00:00,SHORT,1.14503,1.14718,1.14338,0.767441860465049,1.0,True,1.14338,target,0.0021500000000000963,0.767441860465049,0.697674418604587
SIMULATED,EURUSD,eurusd_swing3_choch_or_bos,2026-09-23T01:05:00+00:00,2026-09-23T01:05:00+00:00,2026-09-23T03:50:00+00:00,SHORT,1.14452,1.1456,1.14293,1.472222222222245,1.0,True,1.14293,target,0.0010799999999999699,1.472222222222245,1.3333333333333524
SIMULATED,EURUSD,eurusd_swing2_choch_or_bos,2026-09-21T02:00:00+00:00,2026-09-21T02:00:00+00:00,2026-09-21T12:00:00+00:00,SHORT,1.14832,1.14913,1.14549,3.4938271604940607,1.0,True,1.14913,stop,0.0008099999999999774,-1.0,-1.1851851851851902
SIMULATED,EURUSD,eurusd_swing2_choch_or_bos,2026-09-21T09:25:00+00:00,2026-09-21T09:25:00+00:00,2026-09-21T11:40:00+00:00,SHORT,1.1478,1.14866,1.14549,2.686046511627688,1.0,True,1.14866,stop,0.0008600000000000829,-1.0,-1.174418604651146
SIMULATED,EURUSD,eurusd_swing2_choch_or_bos,2026-09-22T12:40:00+00:00,2026-09-22T12:40:00+00:00,2026-09-22T15:35:00+00:00,SHORT,1.14608,1.14792,1.14338,1.4673913043477342,1.0,True,1.14338,target,0.0018400000000000638,1.4673913043477342,1.3858695652173023
SIMULATED,EURUSD,eurusd_swing2_choch_or_bos,2026-09-22T13:25:00+00:00,2026-09-22T13:25:00+00:00,2026-09-22T15:35:00+00:00,SHORT,1.14549,1.14718,1.14338,1.2485207100589322,1.0,True,1.14338,target,0.0016900000000001913,1.2485207100589322,1.159763313609238
SIMULATED,EURUSD,eurusd_swing2_choch_or_bos,2026-09-22T22:50:00+00:00,2026-09-22T22:50:00+00:00,2026-09-23T03:50:00+00:00,SHORT,1.14461,1.1456,1.14293,1.6969696969695203,1.0,True,1.14293,target,0.0009900000000000464,1.6969696969695203,1.545454545454376
SIMULATED,GBPUSD,gbpusd_swing2_choch_only,2026-09-22T21:05:00+00:00,2026-09-22T21:05:00+00:00,2026-09-23T03:15:00+00:00,SHORT,1.33411,1.33744,1.33214,0.5915915915915233,1.0,True,1.33214,target,0.003330000000000055,0.5915915915915233,0.546546546546479
SIMULATED,AUDUSD,config_default,2026-09-22T12:10:00+00:00,2026-09-22T12:10:00+00:00,2026-09-23T07:00:00+00:00,SHORT,0.71102,0.7126899999999999,0.70923,1.0718562874251574,1.0,True,0.70923,target,0.0016699999999999493,1.0718562874251574,0.9820359281437174
SIMULATED,AUDUSD,config_default,2026-09-22T20:45:00+00:00,2026-09-22T20:45:00+00:00,2026-09-23T06:15:00+00:00,SHORT,0.71149,0.71207,0.7097,3.0862068965515195,1.0,True,0.7097,target,0.0005800000000000249,3.0862068965515195,2.8275862068963584
SIMULATED,USDCAD,config_default,2026-09-15T23:30:00+00:00,2026-09-15T23:30:00+00:00,2026-09-15T23:35:00+00:00,LONG,1.39233,1.39094,1.39249,0.11510791366901993,1.0,True,1.39249,target,0.0013900000000000023,0.11510791366901993,0.007194244604271899
SIMULATED,USDCAD,config_default,2026-09-16T16:45:00+00:00,2026-09-16T16:45:00+00:00,2026-09-16T17:05:00+00:00,LONG,1.39401,1.39228,1.39438,0.21387283236993032,1.0,True,1.39438,target,0.0017300000000000093,0.21387283236993032,0.12716763005779205
SIMULATED,USDCAD,config_default,2026-09-16T17:05:00+00:00,2026-09-16T17:05:00+00:00,2026-09-16T17:05:00+00:00,LONG,1.39425,1.39283,1.39438,0.09154929577462366,1.0,True,1.39438,target,0.0014199999999999768,0.09154929577462366,-0.01408450704227948
SIMULATED,USDCAD,config_default,2026-09-22T00:00:00+00:00,2026-09-22T00:00:00+00:00,2026-09-22T01:20:00+00:00,LONG,1.40336,1.40264,1.4039,0.7500000000001542,1.0,True,1.4039,target,0.0007199999999998319,0.7500000000001542,0.5416666666667722
SIMULATED,USDCAD,config_default,2026-09-23T11:20:00+00:00,2026-09-23T11:20:00+00:00,2026-09-23T11:35:00+00:00,LONG,1.4088,1.40768,1.40917,0.33035714285712336,1.0,True,1.40917,target,0.0011200000000000099,0.33035714285712336,0.19642857142855313
SIMULATED,EURUSD,eurusd_swing3_choch_or_bos,2026-09-21T02:50:00+00:00,2026-09-21T02:50:00+00:00,2026-09-21T12:00:00+00:00,SHORT,1.14791,1.14918,1.14549,1.9055118110235354,1.5,False,1.14918,stop,0.0012700000000001044,-1.0,-1.1181102362204627
SIMULATED,EURUSD,eurusd_swing3_choch_or_bos,2026-09-21T09:50:00+00:00,2026-09-21T09:50:00+00:00,2026-09-21T11:40:00+00:00,SHORT,1.14768,1.1487100000000001,1.14549,2.1262135922329635,1.5,False,1.1487100000000001,stop,0.0010300000000000864,-1.0,-1.1456310679611528
SIMULATED,EURUSD,eurusd_swing3_choch_or_bos,2026-09-22T12:40:00+00:00,2026-09-22T12:40:00+00:00,2026-09-22T15:35:00+00:00,SHORT,1.14608,1.1479700000000002,1.14338,1.4285714285712607,1.5,False,1.14338,target,0.0018900000000001693,1.4285714285712607,1.3492063492061885
SIMULATED,EURUSD,eurusd_swing3_choch_or_bos,2026-09-22T14:15:00+00:00,2026-09-22T14:15:00+00:00,2026-09-22T15:35:00+00:00,SHORT,1.14503,1.1472300000000002,1.14338,0.7499999999998991,1.5,False,1.14338,target,0.002200000000000202,0.7499999999998991,0.6818181818180872
SIMULATED,EURUSD,eurusd_swing3_choch_or_bos,2026-09-23T01:05:00+00:00,2026-09-23T01:05:00+00:00,2026-09-23T03:50:00+00:00,SHORT,1.14452,1.14565,1.14293,1.4070796460175878,1.5,False,1.14293,target,0.0011300000000000754,1.4070796460175878,1.2743362831857383
SIMULATED,EURUSD,eurusd_swing2_choch_or_bos,2026-09-21T02:00:00+00:00,2026-09-21T02:00:00+00:00,2026-09-21T12:00:00+00:00,SHORT,1.14832,1.14918,1.14549,3.2906976744184155,1.5,False,1.14918,stop,0.0008600000000000829,-1.0,-1.174418604651146
SIMULATED,EURUSD,eurusd_swing2_choch_or_bos,2026-09-21T09:25:00+00:00,2026-09-21T09:25:00+00:00,2026-09-21T11:40:00+00:00,SHORT,1.1478,1.1487100000000001,1.14549,2.5384615384610503,1.5,False,1.1487100000000001,stop,0.0009100000000001884,-1.0,-1.1648351648351307
SIMULATED,EURUSD,eurusd_swing2_choch_or_bos,2026-09-22T12:40:00+00:00,2026-09-22T12:40:00+00:00,2026-09-22T15:35:00+00:00,SHORT,1.14608,1.1479700000000002,1.14338,1.4285714285712607,1.5,False,1.14338,target,0.0018900000000001693,1.4285714285712607,1.3492063492061885
SIMULATED,EURUSD,eurusd_swing2_choch_or_bos,2026-09-22T13:25:00+00:00,2026-09-22T13:25:00+00:00,2026-09-22T15:35:00+00:00,SHORT,1.14549,1.1472300000000002,1.14338,1.2126436781606174,1.5,False,1.14338,target,0.0017400000000002969,1.2126436781606174,1.126436781608908
SIMULATED,EURUSD,eurusd_swing2_choch_or_bos,2026-09-22T22:50:00+00:00,2026-09-22T22:50:00+00:00,2026-09-23T00:00:00+00:00,SHORT,1.14461,1.14565,1.14293,1.615384615384287,1.5,False,1.14479,overnight_close,0.001040000000000152,-0.17307692307696412,-0.31730769230771233
SIMULATED,GBPUSD,gbpusd_swing2_choch_only,2026-09-22T21:05:00+00:00,2026-09-22T21:05:00+00:00,2026-09-23T00:00:00+00:00,SHORT,1.33411,1.33749,1.33214,0.5828402366863052,1.5,False,1.33433,overnight_close,0.0033800000000001607,-0.06508875739647886,-0.10946745562132883
SIMULATED,AUDUSD,config_default,2026-09-22T12:10:00+00:00,2026-09-22T12:10:00+00:00,2026-09-23T00:00:00+00:00,SHORT,0.71102,0.7127399999999999,0.70923,1.0406976744186145,1.5,False,0.71121,overnight_close,0.0017199999999999438,-0.11046511627908703,-0.19767441860467128
SIMULATED,AUDUSD,config_default,2026-09-22T20:45:00+00:00,2026-09-22T20:45:00+00:00,2026-09-23T00:00:00+00:00,SHORT,0.71149,0.71212,0.7097,2.8412698412696873,1.5,False,0.71121,overnight_close,0.0006300000000000194,0.44444444444434655,0.20634920634911577
SIMULATED,USDCAD,config_default,2026-09-15T23:30:00+00:00,2026-09-15T23:30:00+00:00,2026-09-15T23:35:00+00:00,LONG,1.39233,1.39089,1.39249,0.11111111111105972,1.5,False,1.39249,target,0.0014400000000001079,0.11111111111105972,0.006944444444400838
SIMULATED,USDCAD,config_default,2026-09-16T16:45:00+00:00,2026-09-16T16:45:00+00:00,2026-09-16T17:05:00+00:00,LONG,1.39401,1.3922299999999999,1.39438,0.207865168539302,1.5,False,1.39438,target,0.0017800000000001148,0.207865168539302,0.12359550561795912
SIMULATED,USDCAD,config_default,2026-09-16T17:05:00+00:00,2026-09-16T17:05:00+00:00,2026-09-16T17:05:00+00:00,LONG,1.39425,1.39278,1.39438,0.08843537414963007,1.5,False,1.39438,target,0.0014700000000000824,0.08843537414963007,-0.01360544217689484
SIMULATED,USDCAD,config_default,2026-09-22T00:00:00+00:00,2026-09-22T00:00:00+00:00,2026-09-22T01:20:00+00:00,LONG,1.40336,1.40259,1.4039,0.7012987012987387,1.5,False,1.4039,target,0.0007699999999999374,0.7012987012987387,0.5064935064935281
SIMULATED,USDCAD,config_default,2026-09-23T11:20:00+00:00,2026-09-23T11:20:00+00:00,2026-09-23T11:35:00+00:00,LONG,1.4088,1.40763,1.40917,0.3162393162392692,1.5,False,1.40917,target,0.0011700000000001154,0.3162393162392692,0.18803418803415362
SIMULATED,EURUSD,eurusd_swing3_choch_or_bos,2026-09-21T02:50:00+00:00,2026-09-21T02:50:00+00:00,2026-09-21T12:00:00+00:00,SHORT,1.14791,1.14918,1.14549,1.9055118110235354,1.5,True,1.14918,stop,0.0012700000000001044,-1.0,-1.1181102362204627
SIMULATED,EURUSD,eurusd_swing3_choch_or_bos,2026-09-21T09:50:00+00:00,2026-09-21T09:50:00+00:00,2026-09-21T11:40:00+00:00,SHORT,1.14768,1.1487100000000001,1.14549,2.1262135922329635,1.5,True,1.1487100000000001,stop,0.0010300000000000864,-1.0,-1.1456310679611528
SIMULATED,EURUSD,eurusd_swing3_choch_or_bos,2026-09-22T12:40:00+00:00,2026-09-22T12:40:00+00:00,2026-09-22T15:35:00+00:00,SHORT,1.14608,1.1479700000000002,1.14338,1.4285714285712607,1.5,True,1.14338,target,0.0018900000000001693,1.4285714285712607,1.3492063492061885
SIMULATED,EURUSD,eurusd_swing3_choch_or_bos,2026-09-22T14:15:00+00:00,2026-09-22T14:15:00+00:00,2026-09-22T15:35:00+00:00,SHORT,1.14503,1.1472300000000002,1.14338,0.7499999999998991,1.5,True,1.14338,target,0.002200000000000202,0.7499999999998991,0.6818181818180872
SIMULATED,EURUSD,eurusd_swing3_choch_or_bos,2026-09-23T01:05:00+00:00,2026-09-23T01:05:00+00:00,2026-09-23T03:50:00+00:00,SHORT,1.14452,1.14565,1.14293,1.4070796460175878,1.5,True,1.14293,target,0.0011300000000000754,1.4070796460175878,1.2743362831857383
SIMULATED,EURUSD,eurusd_swing2_choch_or_bos,2026-09-21T02:00:00+00:00,2026-09-21T02:00:00+00:00,2026-09-21T12:00:00+00:00,SHORT,1.14832,1.14918,1.14549,3.2906976744184155,1.5,True,1.14918,stop,0.0008600000000000829,-1.0,-1.174418604651146
SIMULATED,EURUSD,eurusd_swing2_choch_or_bos,2026-09-21T09:25:00+00:00,2026-09-21T09:25:00+00:00,2026-09-21T11:40:00+00:00,SHORT,1.1478,1.1487100000000001,1.14549,2.5384615384610503,1.5,True,1.1487100000000001,stop,0.0009100000000001884,-1.0,-1.1648351648351307
SIMULATED,EURUSD,eurusd_swing2_choch_or_bos,2026-09-22T12:40:00+00:00,2026-09-22T12:40:00+00:00,2026-09-22T15:35:00+00:00,SHORT,1.14608,1.1479700000000002,1.14338,1.4285714285712607,1.5,True,1.14338,target,0.0018900000000001693,1.4285714285712607,1.3492063492061885
SIMULATED,EURUSD,eurusd_swing2_choch_or_bos,2026-09-22T13:25:00+00:00,2026-09-22T13:25:00+00:00,2026-09-22T15:35:00+00:00,SHORT,1.14549,1.1472300000000002,1.14338,1.2126436781606174,1.5,True,1.14338,target,0.0017400000000002969,1.2126436781606174,1.126436781608908
SIMULATED,EURUSD,eurusd_swing2_choch_or_bos,2026-09-22T22:50:00+00:00,2026-09-22T22:50:00+00:00,2026-09-23T03:50:00+00:00,SHORT,1.14461,1.14565,1.14293,1.615384615384287,1.5,True,1.14293,target,0.001040000000000152,1.615384615384287,1.4711538461535387
SIMULATED,GBPUSD,gbpusd_swing2_choch_only,2026-09-22T21:05:00+00:00,2026-09-22T21:05:00+00:00,2026-09-23T03:15:00+00:00,SHORT,1.33411,1.33749,1.33214,0.5828402366863052,1.5,True,1.33214,target,0.0033800000000001607,0.5828402366863052,0.5384615384614553
SIMULATED,AUDUSD,config_default,2026-09-22T12:10:00+00:00,2026-09-22T12:10:00+00:00,2026-09-23T07:00:00+00:00,SHORT,0.71102,0.7127399999999999,0.70923,1.0406976744186145,1.5,True,0.70923,target,0.0017199999999999438,1.0406976744186145,0.9534883720930302
SIMULATED,AUDUSD,config_default,2026-09-22T20:45:00+00:00,2026-09-22T20:45:00+00:00,2026-09-23T06:15:00+00:00,SHORT,0.71149,0.71212,0.7097,2.8412698412696873,1.5,True,0.7097,target,0.0006300000000000194,2.8412698412696873,2.6031746031744567
SIMULATED,USDCAD,config_default,2026-09-15T23:30:00+00:00,2026-09-15T23:30:00+00:00,2026-09-15T23:35:00+00:00,LONG,1.39233,1.39089,1.39249,0.11111111111105972,1.5,True,1.39249,target,0.0014400000000001079,0.11111111111105972,0.006944444444400838
SIMULATED,USDCAD,config_default,2026-09-16T16:45:00+00:00,2026-09-16T16:45:00+00:00,2026-09-16T17:05:00+00:00,LONG,1.39401,1.3922299999999999,1.39438,0.207865168539302,1.5,True,1.39438,target,0.0017800000000001148,0.207865168539302,0.12359550561795912
SIMULATED,USDCAD,config_default,2026-09-16T17:05:00+00:00,2026-09-16T17:05:00+00:00,2026-09-16T17:05:00+00:00,LONG,1.39425,1.39278,1.39438,0.08843537414963007,1.5,True,1.39438,target,0.0014700000000000824,0.08843537414963007,-0.01360544217689484
SIMULATED,USDCAD,config_default,2026-09-22T00:00:00+00:00,2026-09-22T00:00:00+00:00,2026-09-22T01:20:00+00:00,LONG,1.40336,1.40259,1.4039,0.7012987012987387,1.5,True,1.4039,target,0.0007699999999999374,0.7012987012987387,0.5064935064935281
SIMULATED,USDCAD,config_default,2026-09-23T11:20:00+00:00,2026-09-23T11:20:00+00:00,2026-09-23T11:35:00+00:00,LONG,1.4088,1.40763,1.40917,0.3162393162392692,1.5,True,1.40917,target,0.0011700000000001154,0.3162393162392692,0.18803418803415362
