instrument,entry_time,r_multiple,structural_stop_available,target_reason,target_used,htf_aligned,fvg_near_entry,ob_near_entry,baseline_r,hybrid_r,hybrid_htf025_r,hybrid_htf025_fvg075_r
USDCHF,2026-09-02T13:00:00+00:00,0.7132316773241991,True,CRT_BOUNDARY,0.81354,True,True,True,2.9183438757918503,0.7132316773241991,0.7132316773241991,0.7132316773241991
NZDUSD,2026-09-02T23:35:00+00:00,-1.0,True,CAUSAL_OPPOSING_SWING,0.58474,False,True,True,-1.0,-1.0,-0.25,-0.25
USDCHF,2026-09-03T02:55:00+00:00,-0.8927038626608003,True,CRT_BOUNDARY,0.81314,False,False,True,-1.0,-0.8927038626608003,-0.22317596566520007,-0.16738197424890006
GBPUSD,2026-09-03T02:55:00+00:00,-1.0,True,CRT_BOUNDARY,1.34802,False,True,True,-1.0,-1.0,-0.25,-0.25
EURUSD,2026-09-03T02:40:00+00:00,-1.0,True,CRT_BOUNDARY,1.15844,False,True,True,-1.0,-1.0,-0.25,-0.25
NZDUSD,2026-09-03T06:50:00+00:00,0.0023679848448598766,True,CRT_BOUNDARY,0.58525,True,True,True,0.0115683358120817,0.0023679848448598766,0.0023679848448598766,0.0023679848448598766
AUDUSD,2026-09-03T07:25:00+00:00,-1.0,True,CRT_BOUNDARY,0.71612,False,False,True,-1.0,-1.0,-0.25,-0.1875
USDCHF,2026-09-03T13:15:00+00:00,2.000000000000104,False,CRT_BOUNDARY,0.81002,False,False,True,1.5048470540959669,2.000000000000104,0.500000000000026,0.3750000000000195
AUDUSD,2026-09-03T15:30:00+00:00,-1.0,True,CRT_BOUNDARY,0.71784,False,False,True,-1.0,-1.0,-0.25,-0.1875
NZDUSD,2026-09-03T22:50:00+00:00,0.09211283822679865,True,CAUSAL_OPPOSING_SWING,0.58837,False,True,True,0.3930632202881414,0.09211283822679865,0.023028209556699663,0.023028209556699663
USDCAD,2026-09-03T23:30:00+00:00,0.035410764872433935,True,CAUSAL_OPPOSING_SWING,1.37891,False,False,True,0.0549255955910471,0.035410764872433935,0.008852691218108484,0.006639518413581362
GBPUSD,2026-09-04T04:40:00+00:00,0.7708333333320612,True,CRT_BOUNDARY,1.35249,False,True,True,0.7279830383896552,0.7708333333320612,0.1927083333330153,0.1927083333330153
AUDUSD,2026-09-04T11:10:00+00:00,1.3230519480522522,True,CAUSAL_OPPOSING_SWING,0.72056,True,True,True,0.828549567722542,1.3230519480522522,1.3230519480522522,1.3230519480522522
NZDUSD,2026-09-04T14:45:00+00:00,-1.0,True,CRT_BOUNDARY,0.58772,False,False,True,-1.0,-1.0,-0.25,-0.1875
EURUSD,2026-09-04T15:20:00+00:00,0.4249291784686726,True,CRT_BOUNDARY,1.16167,False,False,True,0.2046474061623785,0.4249291784686726,0.10623229461716815,0.07967422096287612
NZDUSD,2026-09-06T23:00:00+00:00,-0.19417475728145572,True,CAUSAL_OPPOSING_SWING,0.58871,False,True,True,-1.0,-0.19417475728145572,-0.04854368932036393,-0.04854368932036393
USDCHF,2026-09-06T22:40:00+00:00,-0.10978956999116275,True,CAUSAL_OPPOSING_SWING,0.80953,False,False,True,-1.0,-0.10978956999116275,-0.027447392497790688,-0.020585544373343017
USDCAD,2026-09-07T03:10:00+00:00,6.351039260968686,True,CRT_BOUNDARY,1.38322,False,False,True,5.842094350470554,6.351039260968686,1.5877598152421715,1.1908198614316285
USDCAD,2026-09-07T04:40:00+00:00,1.543756145527406,True,CAUSAL_OPPOSING_SWING,1.38325,True,True,True,3.345501869675197,1.543756145527406,1.543756145527406,1.543756145527406
EURUSD,2026-09-07T11:40:00+00:00,0.11469534050130376,True,CAUSAL_OPPOSING_SWING,1.16171,False,False,True,-1.0,0.11469534050130376,0.02867383512532594,0.021505376343994454
NZDUSD,2026-09-07T14:55:00+00:00,0.06557377049174758,True,CRT_BOUNDARY,0.58842,True,True,True,0.1834673868371139,0.06557377049174758,0.06557377049174758,0.06557377049174758
USDCHF,2026-09-07T15:55:00+00:00,-1.0,True,CRT_BOUNDARY,0.80847,False,False,True,-1.0,-1.0,-0.25,-0.1875
USDCAD,2026-09-07T18:45:00+00:00,-0.266990291262217,True,CAUSAL_OPPOSING_SWING,1.38072,False,False,True,-1.0,-0.266990291262217,-0.06674757281555425,-0.05006067961166569
USDCAD,2026-09-07T22:40:00+00:00,-0.5373134328357615,True,CRT_BOUNDARY,1.38178,False,True,True,-1.0,-0.5373134328357615,-0.13432835820894037,-0.13432835820894037
USDJPY,2026-09-08T07:15:00+00:00,-1.0,True,CAUSAL_OPPOSING_SWING,153.121,False,False,True,-1.0,-1.0,-0.25,-0.1875
USDCHF,2026-09-08T07:55:00+00:00,-1.0,True,CAUSAL_OPPOSING_SWING,0.80877,False,False,True,-1.0,-1.0,-0.25,-0.1875
EURUSD,2026-09-08T07:55:00+00:00,-1.0,True,CAUSAL_OPPOSING_SWING,1.16289,False,False,True,-1.0,-1.0,-0.25,-0.1875
USDCHF,2026-09-08T11:00:00+00:00,-0.059701492537377734,True,CAUSAL_OPPOSING_SWING,0.80945,True,True,True,-1.0,-0.059701492537377734,-0.059701492537377734,-0.059701492537377734
USDJPY,2026-09-08T11:55:00+00:00,-0.4706620646377291,True,CAUSAL_OPPOSING_SWING,153.528,False,True,True,-1.0,-0.4706620646377291,-0.11766551615943227,-0.11766551615943227
USDCAD,2026-09-08T18:50:00+00:00,-1.0,True,CAUSAL_OPPOSING_SWING,1.37685,True,False,True,-1.0,-1.0,-1.0,-0.75
USDCAD,2026-09-08T21:05:00+00:00,0.7014028056113295,True,CRT_BOUNDARY,1.37934,True,True,True,1.0443621155553466,0.7014028056113295,0.7014028056113295,0.7014028056113295
USDCAD,2026-09-08T22:45:00+00:00,-0.21505376344086535,True,CAUSAL_OPPOSING_SWING,1.37808,False,False,True,-1.0,-0.21505376344086535,-0.05376344086021634,-0.040322580645162254
EURUSD,2026-09-08T22:45:00+00:00,0.06386861313832087,True,CRT_BOUNDARY,1.16305,True,False,True,0.2102056652215208,0.06386861313832087,0.06386861313832087,0.047901459853740655
NZDUSD,2026-09-08T22:45:00+00:00,0.35490035490027555,True,CRT_BOUNDARY,0.58611,True,True,True,3.912295786757121,0.35490035490027555,0.35490035490027555,0.35490035490027555
AUDUSD,2026-09-08T22:45:00+00:00,0.4299297230261552,True,CAUSAL_OPPOSING_SWING,0.7221,True,True,True,6.158466825997049,0.4299297230261552,0.4299297230261552,0.4299297230261552
USDCAD,2026-09-09T03:50:00+00:00,-1.0,True,CAUSAL_OPPOSING_SWING,1.37818,False,False,True,-1.0,-1.0,-0.25,-0.1875
GBPUSD,2026-09-09T05:30:00+00:00,-1.0,True,CAUSAL_OPPOSING_SWING,1.35443,False,False,True,-1.0,-1.0,-0.25,-0.1875
USDCAD,2026-09-09T07:20:00+00:00,0.3867102396517286,True,CRT_BOUNDARY,1.37818,False,True,True,0.2343086469263989,0.3867102396517286,0.09667755991293216,0.09667755991293216
EURUSD,2026-09-09T15:00:00+00:00,0.4084872979214985,True,CRT_BOUNDARY,1.16219,False,False,False,0.5428646711652289,0.4084872979214985,0.10212182448037463,0.07659136836028096
NZDUSD,2026-09-09T19:30:00+00:00,-1.0,True,CAUSAL_OPPOSING_SWING,0.5847,False,False,True,-1.0,-1.0,-0.25,-0.1875
USDJPY,2026-09-09T21:20:00+00:00,0.6496471564964186,True,CRT_BOUNDARY,153.425,True,True,True,2.055350793877333,0.6496471564964186,0.6496471564964186,0.6496471564964186
USDCAD,2026-09-10T03:15:00+00:00,-0.07962840079620853,True,CAUSAL_OPPOSING_SWING,1.38022,False,True,True,-1.0,-0.07962840079620853,-0.019907100199052133,-0.019907100199052133
EURUSD,2026-09-10T05:35:00+00:00,-1.0,True,CAUSAL_OPPOSING_SWING,1.16345,False,True,True,-1.0,-1.0,-0.25,-0.25
USDCHF,2026-09-10T05:35:00+00:00,-1.0,True,CAUSAL_OPPOSING_SWING,0.80958,False,True,True,-1.0,-1.0,-0.25,-0.25
GBPUSD,2026-09-10T05:35:00+00:00,-1.0,True,CRT_BOUNDARY,1.35445,False,True,True,-1.0,-1.0,-0.25,-0.25
GBPUSD,2026-09-09T21:05:00+00:00,1.594756963408888,True,CAUSAL_OPPOSING_SWING,1.35535,True,True,True,0.6306073790935809,1.594756963408888,1.594756963408888,1.594756963408888
USDCAD,2026-09-10T11:35:00+00:00,-1.0,True,CAUSAL_OPPOSING_SWING,1.38069,False,False,True,-1.0,-1.0,-0.25,-0.1875
USDJPY,2026-09-10T14:45:00+00:00,0.06824247045366771,True,CRT_BOUNDARY,153.658,True,True,True,1.021522908853474,0.06824247045366771,0.06824247045366771,0.06824247045366771
USDJPY,2026-09-10T17:15:00+00:00,-0.11088651458273704,True,CAUSAL_OPPOSING_SWING,154.325,True,True,True,-1.0,-0.11088651458273704,-0.11088651458273704,-0.11088651458273704
NZDUSD,2026-09-10T18:50:00+00:00,-1.0,True,CAUSAL_OPPOSING_SWING,0.58081,False,False,True,-1.0,-1.0,-0.25,-0.1875
USDCHF,2026-09-10T18:50:00+00:00,-0.43715846994532426,True,CAUSAL_OPPOSING_SWING,0.81167,False,False,True,-1.0,-0.43715846994532426,-0.10928961748633106,-0.0819672131147483
EURUSD,2026-09-10T23:10:00+00:00,-0.6896551724138591,True,CAUSAL_OPPOSING_SWING,1.16144,False,False,True,-1.0,-0.6896551724138591,-0.17241379310346477,-0.12931034482759857
GBPUSD,2026-09-10T23:10:00+00:00,-0.4608294930872228,True,CAUSAL_OPPOSING_SWING,1.35144,True,True,True,-1.0,-0.4608294930872228,-0.4608294930872228,-0.4608294930872228
USDCAD,2026-09-10T23:25:00+00:00,-0.06379585326923135,True,CAUSAL_OPPOSING_SWING,1.38284,False,False,True,-1.0,-0.06379585326923135,-0.015948963317307836,-0.011961722487980877
USDJPY,2026-09-11T00:55:00+00:00,1.9422776911079418,True,CRT_BOUNDARY,154.337,False,True,True,1.2953329369801918,1.9422776911079418,0.48556942277698545,0.48556942277698545
AUDUSD,2026-09-11T01:20:00+00:00,1.4428357463806354,True,CRT_BOUNDARY,0.71551,False,False,True,2.1610604720056266,1.4428357463806354,0.36070893659515885,0.27053170244636915
USDCAD,2026-09-11T03:10:00+00:00,-1.0,True,CAUSAL_OPPOSING_SWING,1.38325,False,True,True,-1.0,-1.0,-0.25,-0.25
USDJPY,2026-09-11T09:55:00+00:00,-1.0,True,CRT_BOUNDARY,154.414,False,True,True,-1.0,-1.0,-0.25,-0.25
NZDUSD,2026-09-11T13:45:00+00:00,0.8945686900962214,True,CRT_BOUNDARY,0.58313,False,True,True,0.4625914562192025,0.8945686900962214,0.22364217252405535,0.22364217252405535
USDCHF,2026-09-11T15:35:00+00:00,-0.2949517867272712,True,CRT_BOUNDARY,0.81428,False,False,True,-1.0,-0.2949517867272712,-0.0737379466818178,-0.055303460011363346
EURUSD,2026-09-11T17:25:00+00:00,0.012449424214209422,True,CAUSAL_OPPOSING_SWING,1.15908,True,False,True,-1.0,0.012449424214209422,0.012449424214209422,0.009337068160657066
GBPUSD,2026-09-11T19:40:00+00:00,0.03392385978143989,True,CRT_BOUNDARY,1.35343,True,False,True,0.114183637738636,0.03392385978143989,0.03392385978143989,0.02544289483607992
USDCHF,2026-09-11T20:15:00+00:00,-0.7397622192865424,True,CAUSAL_OPPOSING_SWING,0.81496,False,True,True,-1.0,-0.7397622192865424,-0.1849405548216356,-0.1849405548216356
USDJPY,2026-09-11T19:50:00+00:00,-0.29445951181719476,True,CAUSAL_OPPOSING_SWING,153.556,False,True,True,-1.0,-0.29445951181719476,-0.07361487795429869,-0.07361487795429869
USDCAD,2026-09-13T23:40:00+00:00,-0.6983511154217751,True,CRT_BOUNDARY,1.38602,False,True,True,-1.0,-0.6983511154217751,-0.17458777885544377,-0.17458777885544377
USDCHF,2026-09-14T01:55:00+00:00,0.04548038658332399,True,CAUSAL_OPPOSING_SWING,0.81653,False,True,True,-1.0,0.04548038658332399,0.011370096645830998,0.011370096645830998
EURUSD,2026-09-14T01:35:00+00:00,-1.0,True,CRT_BOUNDARY,1.15997,False,False,True,-1.0,-1.0,-0.25,-0.1875
USDCAD,2026-09-14T01:35:00+00:00,-1.0,True,CRT_BOUNDARY,1.38615,True,True,True,-1.0,-1.0,-1.0,-1.0
USDCHF,2026-09-14T06:55:00+00:00,0.39344262295099275,False,CRT_BOUNDARY,0.81712,False,False,True,-1.0,0.39344262295099275,0.09836065573774819,0.07377049180331113
GBPUSD,2026-09-14T07:45:00+00:00,-0.5267938237964669,True,CAUSAL_OPPOSING_SWING,1.35114,False,True,True,-1.0,-0.5267938237964669,-0.13169845594911672,-0.13169845594911672
EURUSD,2026-09-14T15:45:00+00:00,-1.0,True,CRT_BOUNDARY,1.1537,False,False,True,-1.0,-1.0,-0.25,-0.1875
USDCHF,2026-09-14T23:55:00+00:00,-1.0,True,CAUSAL_OPPOSING_SWING,0.81672,False,False,True,-1.0,-1.0,-0.25,-0.1875
EURUSD,2026-09-14T23:55:00+00:00,-1.0,True,CAUSAL_OPPOSING_SWING,1.15577,False,False,True,-1.0,-1.0,-0.25,-0.1875
AUDUSD,2026-09-14T23:55:00+00:00,-0.37128712871286723,True,CAUSAL_OPPOSING_SWING,0.71428,False,False,True,-1.0,-0.37128712871286723,-0.09282178217821681,-0.06961633663366261
EURUSD,2026-09-15T05:10:00+00:00,-1.0,True,CAUSAL_OPPOSING_SWING,1.15455,False,True,True,-1.0,-1.0,-0.25,-0.25
USDJPY,2026-09-15T07:25:00+00:00,-1.0,True,CRT_BOUNDARY,154.628,False,True,True,-1.0,-1.0,-0.25,-0.25
USDJPY,2026-09-15T09:25:00+00:00,1.992271361099415,True,CRT_BOUNDARY,154.626,False,True,True,1.9126133553179816,1.992271361099415,0.49806784027485373,0.49806784027485373
USDJPY,2026-09-15T17:10:00+00:00,-1.0,True,CAUSAL_OPPOSING_SWING,154.911,True,True,True,-1.0,-1.0,-1.0,-1.0
NZDUSD,2026-09-15T15:50:00+00:00,3.1074766355139913,True,CAUSAL_OPPOSING_SWING,0.57654,False,False,True,4.75845410627869,3.1074766355139913,0.7768691588784978,0.5826518691588733
USDJPY,2026-09-15T18:40:00+00:00,0.6653746770027856,True,CAUSAL_OPPOSING_SWING,155.001,False,True,True,1.710812267089801,0.6653746770027856,0.1663436692506964,0.1663436692506964
NZDUSD,2026-09-16T10:45:00+00:00,-0.5607476635512435,True,CRT_BOUNDARY,0.57505,False,True,True,-1.0,-0.5607476635512435,-0.14018691588781088,-0.14018691588781088
NZDUSD,2026-09-16T15:35:00+00:00,0.07306889352844646,True,CRT_BOUNDARY,0.57655,True,True,True,0.1330596107059935,0.07306889352844646,0.07306889352844646,0.07306889352844646
USDCHF,2026-09-16T15:10:00+00:00,0.7890961262549419,True,CRT_BOUNDARY,0.81948,False,True,True,0.3858329980092266,0.7890961262549419,0.19727403156373546,0.19727403156373546
AUDUSD,2026-09-16T16:40:00+00:00,0.5797101449277445,True,CRT_BOUNDARY,0.71253,True,True,True,1.43865296046069,0.5797101449277445,0.5797101449277445,0.5797101449277445
EURUSD,2026-09-16T16:45:00+00:00,0.8300395256924072,True,CRT_BOUNDARY,1.15279,True,True,True,2.497106527358931,0.8300395256924072,0.8300395256924072,0.8300395256924072
GBPUSD,2026-09-16T19:00:00+00:00,-0.4710743801652817,False,CAUSAL_OPPOSING_SWING,1.34589,False,False,True,-1.0,-0.4710743801652817,-0.11776859504132042,-0.08832644628099032
NZDUSD,2026-09-16T19:00:00+00:00,-1.0,True,CRT_BOUNDARY,0.57639,False,False,True,-1.0,-1.0,-0.25,-0.1875
USDCAD,2026-09-16T19:00:00+00:00,-0.6763285024153066,False,CRT_BOUNDARY,1.39293,False,False,True,-1.0,-0.6763285024153066,-0.16908212560382666,-0.12681159420287
AUDUSD,2026-09-17T00:45:00+00:00,1.2135176651307533,True,CRT_BOUNDARY,0.7083,False,False,True,0.5140784616482974,1.2135176651307533,0.30337941628268833,0.22753456221201623
USDJPY,2026-09-17T03:40:00+00:00,-0.5399489237505933,True,CRT_BOUNDARY,156.315,False,True,True,-1.0,-0.5399489237505933,-0.13498723093764833,-0.13498723093764833
EURUSD,2026-09-17T05:35:00+00:00,0.06767515923577463,True,CRT_BOUNDARY,1.14731,True,True,True,0.3763433242900799,0.06767515923577463,0.06767515923577463,0.06767515923577463
USDJPY,2026-09-17T08:55:00+00:00,-0.42716099133584695,True,CAUSAL_OPPOSING_SWING,155.896,True,True,True,-1.0,-0.42716099133584695,-0.42716099133584695,-0.42716099133584695
NZDUSD,2026-09-17T13:20:00+00:00,-0.3190717911529827,True,CRT_BOUNDARY,0.57255,False,True,True,-1.0,-0.3190717911529827,-0.07976794778824567,-0.07976794778824567
USDCAD,2026-09-17T19:20:00+00:00,0.2640264026400254,True,CAUSAL_OPPOSING_SWING,1.39849,False,False,True,-1.0,0.2640264026400254,0.06600660066000635,0.049504950495004765
EURUSD,2026-09-17T21:45:00+00:00,0.037878787879093725,True,CRT_BOUNDARY,1.14738,True,True,True,0.0342684508194531,0.037878787879093725,0.037878787879093725,0.037878787879093725
GBPUSD,2026-09-17T23:25:00+00:00,-1.0,True,CAUSAL_OPPOSING_SWING,1.33527,False,False,True,-1.0,-1.0,-0.25,-0.1875
EURUSD,2026-09-18T07:05:00+00:00,1.00719424460211,True,CRT_BOUNDARY,1.14766,True,False,True,0.3825801423415916,1.00719424460211,1.00719424460211,0.7553956834515825
USDJPY,2026-09-18T15:35:00+00:00,-1.0,True,CAUSAL_OPPOSING_SWING,157.871,False,False,True,-1.0,-1.0,-0.25,-0.1875
EURUSD,2026-09-18T15:05:00+00:00,3.145817912655919,True,CAUSAL_OPPOSING_SWING,1.14731,False,False,True,5.038699616007174,3.145817912655919,0.7864544781639797,0.5898408586229849
USDCAD,2026-09-21T00:40:00+00:00,3.4572490706424093,True,CRT_BOUNDARY,1.39965,True,True,True,1.4716698800787091,3.4572490706424093,3.4572490706424093,3.4572490706424093
USDCHF,2026-09-21T03:45:00+00:00,-0.39785768936479465,True,CAUSAL_OPPOSING_SWING,0.82212,False,True,True,-1.0,-0.39785768936479465,-0.09946442234119866,-0.09946442234119866
AUDUSD,2026-09-21T07:55:00+00:00,-1.0,True,CRT_BOUNDARY,0.71208,False,True,True,-1.0,-1.0,-0.25,-0.25
EURUSD,2026-09-21T09:40:00+00:00,-0.2123009678427063,True,CRT_BOUNDARY,1.14719,False,False,True,-1.0,-0.2123009678427063,-0.053075241960676575,-0.03980643147050743
USDCHF,2026-09-21T15:00:00+00:00,-0.8655737704919025,True,CRT_BOUNDARY,0.82279,False,False,True,-1.0,-0.8655737704919025,-0.21639344262297563,-0.16229508196723172
USDCHF,2026-09-21T23:50:00+00:00,-1.0,True,CAUSAL_OPPOSING_SWING,0.82119,True,True,True,-1.0,-1.0,-1.0,-1.0
GBPUSD,2026-09-22T02:45:00+00:00,-1.0,True,CRT_BOUNDARY,1.3365,False,False,True,-1.0,-1.0,-0.25,-0.1875
AUDUSD,2026-09-22T05:10:00+00:00,0.2018745493871721,True,CAUSAL_OPPOSING_SWING,0.71113,False,False,True,-1.0,0.2018745493871721,0.05046863734679302,0.037851478010094766
AUDUSD,2026-09-22T11:35:00+00:00,0.013106159895235394,True,CRT_BOUNDARY,0.71223,True,False,True,0.0116700276346996,0.013106159895235394,0.013106159895235394,0.009829619921426546
USDCHF,2026-09-22T18:55:00+00:00,-0.0967741935484256,True,CRT_BOUNDARY,0.82001,True,True,True,-1.0,-0.0967741935484256,-0.0967741935484256,-0.0967741935484256
USDJPY,2026-09-22T20:40:00+00:00,-0.1961779130728879,True,CAUSAL_OPPOSING_SWING,157.485,False,True,True,-1.0,-0.1961779130728879,-0.049044478268221975,-0.049044478268221975
USDCHF,2026-09-23T19:40:00+00:00,0.47895500725717327,True,CRT_BOUNDARY,0.82371,False,False,True,1.0785187819153654,0.47895500725717327,0.11973875181429332,0.08980406386071998
NZDUSD,2026-09-23T19:55:00+00:00,-0.6075949367090244,True,CAUSAL_OPPOSING_SWING,0.56767,False,True,True,-1.0,-0.6075949367090244,-0.1518987341772561,-0.1518987341772561
GBPUSD,2026-09-23T19:20:00+00:00,-1.0,True,CAUSAL_OPPOSING_SWING,1.32661,True,False,True,-1.0,-1.0,-1.0,-0.75
GBPUSD,2026-09-23T21:50:00+00:00,1.2948517940718045,True,CAUSAL_OPPOSING_SWING,1.32382,False,False,True,0.8830606883457152,1.2948517940718045,0.3237129485179511,0.24278471138846336
AUDUSD,2026-09-23T21:05:00+00:00,1.0646823125361924,True,CAUSAL_OPPOSING_SWING,0.70336,True,False,True,0.5305642751502263,1.0646823125361924,1.0646823125361924,0.7985117344021443
NZDUSD,2026-09-24T01:35:00+00:00,-1.0,True,CRT_BOUNDARY,0.56686,False,False,True,0.2804394515117085,-1.0,-0.25,-0.1875
NZDUSD,2026-09-24T03:35:00+00:00,0.08241758241768297,True,CRT_BOUNDARY,0.56711,True,True,True,0.1474719101125435,0.08241758241768297,0.08241758241768297,0.08241758241768297
EURUSD,2026-09-24T07:10:00+00:00,-1.0,True,CRT_BOUNDARY,1.13688,False,False,True,-1.0,-1.0,-0.25,-0.1875
USDCHF,2026-09-24T11:20:00+00:00,-0.45755568934372715,True,CAUSAL_OPPOSING_SWING,0.82536,True,True,True,-1.0,-0.45755568934372715,-0.45755568934372715,-0.45755568934372715
USDCAD,2026-09-24T11:05:00+00:00,-0.5714285714290749,False,CRT_BOUNDARY,1.40988,False,False,True,-1.0,-0.5714285714290749,-0.14285714285726872,-0.10714285714295155
USDCHF,2026-09-24T19:25:00+00:00,-0.27194066749084395,True,CRT_BOUNDARY,0.82965,False,True,True,-1.0,-0.27194066749084395,-0.06798516687271099,-0.06798516687271099
NZDUSD,2026-09-24T21:10:00+00:00,-0.47274113610361074,True,CAUSAL_OPPOSING_SWING,0.56679,True,False,True,-1.0,-0.47274113610361074,-0.47274113610361074,-0.35455585207770807
NZDUSD,2026-09-24T23:05:00+00:00,1.1633514165159116,True,CAUSAL_OPPOSING_SWING,0.56552,False,True,True,1.0053280125500117,1.1633514165159116,0.2908378541289779,0.2908378541289779
EURUSD,2026-09-24T23:40:00+00:00,-1.0,True,CAUSAL_OPPOSING_SWING,1.13688,True,True,True,-1.0,-1.0,-1.0,-1.0
NZDUSD,2026-09-25T00:40:00+00:00,0.6673785371063068,True,CRT_BOUNDARY,0.56651,False,True,True,1.9371555737396973,0.6673785371063068,0.1668446342765767,0.1668446342765767
USDJPY,2026-09-25T01:15:00+00:00,-1.0,True,CAUSAL_OPPOSING_SWING,158.865,False,False,True,-1.0,-1.0,-0.25,-0.1875
GBPUSD,2026-09-25T06:50:00+00:00,0.26041666666652813,True,CRT_BOUNDARY,1.32102,False,False,True,-1.0,0.26041666666652813,0.06510416666663203,0.04882812499997402
USDCAD,2026-09-25T13:10:00+00:00,0.1798330122030394,True,CRT_BOUNDARY,1.41503,False,True,True,0.1776007859089272,0.1798330122030394,0.04495825305075985,0.04495825305075985
USDCHF,2026-09-25T13:10:00+00:00,0.44583987441126555,True,CRT_BOUNDARY,0.8298,False,False,True,0.9137709137708664,0.44583987441126555,0.11145996860281639,0.0835949764521123
USDCAD,2026-09-25T15:20:00+00:00,0.05664877757898645,True,CRT_BOUNDARY,1.41333,True,True,True,0.252281956687759,0.05664877757898645,0.05664877757898645,0.05664877757898645
NZDUSD,2026-09-25T15:50:00+00:00,7.352185089974741,True,CRT_BOUNDARY,0.56756,False,False,True,4.5474162407728445,7.352185089974741,1.8380462724936852,1.378534704370264
USDCAD,2026-09-25T17:30:00+00:00,-1.0,True,CAUSAL_OPPOSING_SWING,1.41415,False,False,True,-1.0,-1.0,-0.25,-0.1875
