signal_id,pair,signal_close_utc,regime_state,quality_score,allocation_multiplier
AUDUSD:2026-09-22T12:10:00+00:00:config_default,AUDUSD,2026-09-22T12:10:00+00:00,OTHER,0.43007653909082755,1.0005267886817897
AUDUSD:2026-09-22T20:45:00+00:00:config_default,AUDUSD,2026-09-22T20:45:00+00:00,RANGE_CONTRACTION,0.7502067669172934,1.1125723684210527
EURUSD:2026-09-21T02:00:00+00:00:eurusd_swing2_choch_or_bos,EURUSD,2026-09-21T02:00:00+00:00,RANGE_CONTRACTION,0.8086122881357249,1.1330143008475038
EURUSD:2026-09-21T02:50:00+00:00:eurusd_swing3_choch_or_bos,EURUSD,2026-09-21T02:50:00+00:00,RANGE_CONTRACTION,0.877262214137203,1.157041774948021
EURUSD:2026-09-21T09:25:00+00:00:eurusd_swing2_choch_or_bos,EURUSD,2026-09-21T09:25:00+00:00,OTHER,0.5421775089346278,1.0397621281271197
EURUSD:2026-09-21T09:50:00+00:00:eurusd_swing3_choch_or_bos,EURUSD,2026-09-21T09:50:00+00:00,OTHER,0.48337327968595173,1.0191806478900831
EURUSD:2026-09-22T12:40:00+00:00:eurusd_swing2_choch_or_bos,EURUSD,2026-09-22T12:40:00+00:00,OTHER,0.42209632256675544,0.9977337128983643
EURUSD:2026-09-22T13:25:00+00:00:eurusd_swing2_choch_or_bos,EURUSD,2026-09-22T13:25:00+00:00,OTHER,0.34101562499999694,0.9693554687499989
EURUSD:2026-09-22T14:15:00+00:00:eurusd_swing3_choch_or_bos,EURUSD,2026-09-22T14:15:00+00:00,OTHER,0.30484756097560434,0.9566966463414615
EURUSD:2026-09-22T22:50:00+00:00:eurusd_swing2_choch_or_bos,EURUSD,2026-09-22T22:50:00+00:00,RANGE_CONTRACTION,0.8279472508748402,1.139781537806194
EURUSD:2026-09-23T01:05:00+00:00:eurusd_swing3_choch_or_bos,EURUSD,2026-09-23T01:05:00+00:00,RANGE_CONTRACTION,0.7252794860672314,1.1038478201235309
GBPUSD:2026-09-22T21:05:00+00:00:gbpusd_swing2_choch_only,GBPUSD,2026-09-22T21:05:00+00:00,RANGE_CONTRACTION,0.6097025900908661,1.063395906531803
USDCAD:2026-09-15T23:30:00+00:00:config_default,USDCAD,2026-09-15T23:30:00+00:00,RANGE_CONTRACTION,0.6906080201296958,1.0917128070453934
USDCAD:2026-09-16T16:45:00+00:00:config_default,USDCAD,2026-09-16T16:45:00+00:00,OTHER,0.2796759259259275,0.9478865740740746
USDCAD:2026-09-16T17:05:00+00:00:config_default,USDCAD,2026-09-16T17:05:00+00:00,OTHER,0.3235069444445128,0.9632274305555795
USDCAD:2026-09-22T00:00:00+00:00:config_default,USDCAD,2026-09-22T00:00:00+00:00,RANGE_CONTRACTION,0.6813007703085059,1.088455269607977
USDCAD:2026-09-23T11:20:00+00:00:config_default,USDCAD,2026-09-23T11:20:00+00:00,OTHER,0.3540352301917599,0.9739123305671159
