portfolio,pair,variant,signal_id,signal_close_utc,entry_time_utc,exit_time_utc,side,fill,stop,dynamic_stop_at_exit,target,exit_price,exit_reason,risk_distance,gross_R,net_R,allocation_weight,weighted_R,account_return_pct,equity_after
bos_regime_trail_1r,USDCAD,config_default,USDCAD:2026-09-15T23:30:00+00:00:config_default,2026-09-15T23:30:00+00:00,2026-09-15T23:30:00+00:00,2026-09-15T23:35:00+00:00,LONG,1.39233,1.39104,1.39104,1.39249,1.39249,target,0.0012900000000000134,0.12403100775188862,0.007751937984447947,0.3301997721656045,0.0025596881563066075,0.0012798440781533037,1.0000127984407816
bos_regime_trail_1r,USDCAD,config_default,USDCAD:2026-09-16T16:45:00+00:00:config_default,2026-09-16T16:45:00+00:00,2026-09-16T16:45:00+00:00,2026-09-16T17:05:00+00:00,LONG,1.39401,1.39238,1.39238,1.39438,1.39438,target,0.0016300000000000203,0.22699386503066063,0.13496932515336116,0.3019630695022359,0.04075575171195427,0.020377875855977137,1.0002165798073919
bos_regime_trail_1r,USDCAD,config_default,USDCAD:2026-09-16T17:05:00+00:00:config_default,2026-09-16T17:05:00+00:00,2026-09-16T17:05:00+00:00,2026-09-16T17:50:00+00:00,LONG,1.39425,1.39293,1.39293,1.39438,1.39438,target,0.0013199999999999878,0.09848484848482172,-0.01515151515154297,0.30685012269894724,-0.004649244283325919,-0.0023246221416629593,1.0001933285513132
bos_regime_trail_1r,EURUSD,eurusd_swing2_choch_or_bos,EURUSD:2026-09-21T02:00:00+00:00:eurusd_swing2_choch_or_bos,2026-09-21T02:00:00+00:00,2026-09-21T02:00:00+00:00,2026-09-21T03:15:00+00:00,SHORT,1.14832,1.14903,1.1477875,1.14549,1.1477875,stop,0.0007099999999999884,0.7500000000000782,0.5387323943662718,0.23683577941498432,0.1275911065158367,0.06379555325791834,1.0008314074189113
bos_regime_trail_1r,EURUSD,eurusd_swing2_choch_or_bos,EURUSD:2026-09-21T09:25:00+00:00:eurusd_swing2_choch_or_bos,2026-09-21T09:25:00+00:00,2026-09-21T09:25:00+00:00,2026-09-21T11:40:00+00:00,SHORT,1.1478,1.14856,1.14856,1.14549,1.14856,stop,0.0007600000000000939,-1.0,-1.1973684210526072,0.18905568412034668,-0.22636930598619998,-0.11318465299309999,0.9996986198633782
bos_regime_trail_1r,USDCAD,config_default,USDCAD:2026-09-22T00:00:00+00:00:config_default,2026-09-22T00:00:00+00:00,2026-09-22T00:00:00+00:00,2026-09-22T01:20:00+00:00,LONG,1.40336,1.40274,1.40274,1.4039,1.4039,target,0.0006199999999998429,0.8709677419356803,0.6290322580646512,0.4353821078431908,0.2738693904175498,0.1369346952087749,1.0010675541214944
bos_regime_trail_1r,AUDUSD,config_default,AUDUSD:2026-09-22T20:45:00+00:00:config_default,2026-09-22T20:45:00+00:00,2026-09-22T20:45:00+00:00,2026-09-22T21:30:00+00:00,SHORT,0.71149,0.71197,0.7111299999999999,0.7097,0.71114,stop_gap,0.00048000000000003595,0.7291666666665317,0.4166666666665551,0.2830776205672479,0.11794900856965504,0.05897450428482752,1.0016579287490939
bos_regime_trail_1r,GBPUSD,gbpusd_swing2_choch_only,GBPUSD:2026-09-22T21:05:00+00:00:gbpusd_swing2_choch_only,2026-09-22T21:05:00+00:00,2026-09-22T21:05:00+00:00,2026-09-23T03:15:00+00:00,SHORT,1.33411,1.33734,1.33734,1.33214,1.33214,target,0.003230000000000066,0.6099071207429613,0.56346749225999,0.1661298886858616,0.09360879176725373,0.046804395883626865,1.0021267486914653
bos_regime_trail_1r,USDCAD,config_default,USDCAD:2026-09-23T11:20:00+00:00:config_default,2026-09-23T11:20:00+00:00,2026-09-23T11:20:00+00:00,2026-09-23T11:35:00+00:00,LONG,1.4088,1.40778,1.40778,1.40917,1.40917,target,0.0010200000000000209,0.3627450980391901,0.2156862745097813,0.3895649322268464,0.08402380891166394,0.04201190445583197,1.002547761223652
