portfolio,pair,variant,signal_id,signal_close_utc,entry_time_utc,exit_time_utc,side,fill,stop,target,exit_price,exit_reason,risk_distance,gross_R,net_R,allocation_weight,weighted_R,account_return_pct,equity_after
adaptive,GBPUSD,gbpusd_swing2_choch_only,GBPUSD:2026-09-03T23:10:00+00:00:gbpusd_swing2_choch_only,2026-09-03T23:10:00+00:00,2026-09-03T23:10:00+00:00,2026-09-04T07:30:00+00:00,LONG,1.35255,1.35223,1.3548,1.3548,target,0.00031999999999987594,7.031250000002992,6.562500000002811,0.4,2.6250000000011244,1.3125000000005622,1.0131250000000056
adaptive,USDCAD,config_default,USDCAD:2026-09-04T18:25:00+00:00:config_default,2026-09-04T18:25:00+00:00,2026-09-04T18:25:00+00:00,2026-09-04T19:30:00+00:00,LONG,1.38403,1.38306,1.3872,1.38306,stop,0.0009700000000001374,-1.0,-1.15463917525771,0.4,-0.46185567010308404,-0.23092783505154202,1.0107854123711397
adaptive,EURUSD,eurusd_swing2_choch_or_bos,EURUSD:2026-09-04T20:50:00+00:00:eurusd_swing2_choch_or_bos,2026-09-04T20:50:00+00:00,2026-09-04T20:50:00+00:00,2026-09-07T08:00:00+00:00,SHORT,1.1612,1.16247,1.1585,1.16247,stop,0.0012699999999998823,-1.0,-1.1181102362204833,0.039999999999999994,-0.04472440944881933,-0.022362204724409664,1.0105593784679008
adaptive,AUDUSD,config_default,AUDUSD:2026-09-09T17:10:00+00:00:config_default,2026-09-09T17:10:00+00:00,2026-09-09T17:10:00+00:00,2026-09-10T01:25:00+00:00,LONG,0.7222,0.72116,0.72337,0.72116,stop,0.0010399999999999299,-1.0,-1.144230769230779,0.039999999999999994,-0.04576923076923115,-0.022884615384615576,1.0103281158409052
adaptive,USDCHF,config_default,USDCHF:2026-09-14T20:45:00+00:00:config_default,2026-09-14T20:45:00+00:00,2026-09-14T20:45:00+00:00,2026-09-15T14:25:00+00:00,SHORT,0.81739,0.81918,0.81531,0.81918,stop,0.0017900000000000693,-1.0,-1.083798882681561,0.039999999999999994,-0.043351955307262435,-0.021675977653631218,1.010109117344287
adaptive,USDCAD,config_default,USDCAD:2026-09-15T17:25:00+00:00:config_default,2026-09-15T17:25:00+00:00,2026-09-15T17:25:00+00:00,2026-09-16T00:35:00+00:00,LONG,1.39146,1.39069,1.39292,1.39292,target,0.0007699999999999374,1.8961038961040722,1.7012987012988616,0.18964011638153408,0.3226344837140689,0.16131724185703444,1.0117385975121334
adaptive,EURUSD,eurusd_swing2_choch_or_bos,EURUSD:2026-09-21T02:00:00+00:00:eurusd_swing2_choch_or_bos,2026-09-21T02:00:00+00:00,2026-09-21T02:00:00+00:00,2026-09-21T11:55:00+00:00,SHORT,1.14832,1.14903,1.14549,1.14903,stop,0.0007099999999999884,-1.0,-1.2112676056338063,0.13866953831349169,-0.16796591964732843,-0.08398295982366422,1.0108889094922642
adaptive,EURUSD,eurusd_swing2_choch_or_bos,EURUSD:2026-09-22T12:40:00+00:00:eurusd_swing2_choch_or_bos,2026-09-22T12:40:00+00:00,2026-09-22T12:40:00+00:00,2026-09-22T15:35:00+00:00,SHORT,1.14608,1.14782,1.14338,1.14338,target,0.0017400000000000748,1.5517241379309246,1.4655172413792041,0.15363872888522448,0.22516020612488163,0.11258010306244082,1.0120269692684172
adaptive,USDJPY,config_default,USDJPY:2026-09-22T19:35:00+00:00:config_default,2026-09-22T19:35:00+00:00,2026-09-22T19:35:00+00:00,2026-09-23T01:00:00+00:00,SHORT,157.274,157.602,156.824,157.602,stop,0.32800000000000296,-1.0,-1.0004573170731708,0.039999999999999994,-0.04001829268292682,-0.02000914634146341,1.0118244713111213
adaptive,EURUSD,eurusd_swing2_choch_or_bos,EURUSD:2026-09-22T22:50:00+00:00:eurusd_swing2_choch_or_bos,2026-09-22T22:50:00+00:00,2026-09-22T22:50:00+00:00,2026-09-23T03:50:00+00:00,SHORT,1.14461,1.1455,1.14293,1.14293,target,0.0008900000000000574,1.8876404494379724,1.7191011235952867,0.039999999999999994,0.06876404494381146,0.03438202247190573,1.0121723570282237
adaptive,AUDUSD,config_default,AUDUSD:2026-09-22T11:10:00+00:00:config_default,2026-09-22T11:10:00+00:00,2026-09-22T11:10:00+00:00,2026-09-23T07:00:00+00:00,SHORT,0.71116,0.71259,0.70923,0.70923,target,0.0014299999999999313,1.3496503496504055,1.2447552447552956,0.10733751012488382,0.13360892868692378,0.06680446434346189,1.012848533349569
