record_type,pair,variant,signal_id,signal_close_utc,side,reason_equal_weight,reason_adaptive,counterfactual_status,counterfactual_exit_reason,counterfactual_outcome,counterfactual_net_R
HYPOTHETICAL_NOT_EXECUTED,AUDUSD,config_default,AUDUSD:2026-09-22T11:10:00+00:00:config_default,2026-09-22T11:10:00+00:00,SHORT,SKIPPED_POSITION_OPEN,SKIPPED_ZERO_ALLOCATOR_WEIGHT,VALID_COUNTERFACTUAL,target,WIN,1.2447552447552956
HYPOTHETICAL_NOT_EXECUTED,AUDUSD,config_default,AUDUSD:2026-09-22T20:30:00+00:00:config_default,2026-09-22T20:30:00+00:00,SHORT,SKIPPED_POSITION_OPEN,SKIPPED_POSITION_OPEN,VALID_COUNTERFACTUAL,target,WIN,4.435897435897401
HYPOTHETICAL_NOT_EXECUTED,EURUSD,eurusd_swing3_choch_or_bos,EURUSD:2026-09-21T02:50:00+00:00:eurusd_swing3_choch_or_bos,2026-09-21T02:50:00+00:00,SHORT,SKIPPED_POSITION_OPEN,SKIPPED_POSITION_OPEN,VALID_COUNTERFACTUAL,stop,LOSS,-1.1339285714285703
HYPOTHETICAL_NOT_EXECUTED,EURUSD,eurusd_swing2_choch_or_bos,EURUSD:2026-09-21T09:25:00+00:00:eurusd_swing2_choch_or_bos,2026-09-21T09:25:00+00:00,SHORT,SKIPPED_POSITION_OPEN,SKIPPED_POSITION_OPEN,VALID_COUNTERFACTUAL,stop,LOSS,-1.1973684210526072
HYPOTHETICAL_NOT_EXECUTED,EURUSD,eurusd_swing3_choch_or_bos,EURUSD:2026-09-21T09:50:00+00:00:eurusd_swing3_choch_or_bos,2026-09-21T09:50:00+00:00,SHORT,SKIPPED_POSITION_OPEN,SKIPPED_POSITION_OPEN,VALID_COUNTERFACTUAL,stop,LOSS,-1.170454545454547
HYPOTHETICAL_NOT_EXECUTED,EURUSD,eurusd_swing2_choch_or_bos,EURUSD:2026-09-22T12:40:00+00:00:eurusd_swing2_choch_or_bos,2026-09-22T12:40:00+00:00,SHORT,SKIPPED_POSITION_OPEN,SKIPPED_ZERO_ALLOCATOR_WEIGHT,VALID_COUNTERFACTUAL,target,WIN,1.4655172413792041
HYPOTHETICAL_NOT_EXECUTED,EURUSD,eurusd_swing2_choch_or_bos,EURUSD:2026-09-22T13:25:00+00:00:eurusd_swing2_choch_or_bos,2026-09-22T13:25:00+00:00,SHORT,SKIPPED_POSITION_OPEN,SKIPPED_POSITION_OPEN,VALID_COUNTERFACTUAL,target,WIN,1.232704402515462
HYPOTHETICAL_NOT_EXECUTED,EURUSD,eurusd_swing3_choch_or_bos,EURUSD:2026-09-22T14:15:00+00:00:eurusd_swing3_choch_or_bos,2026-09-22T14:15:00+00:00,SHORT,SKIPPED_POSITION_OPEN,SKIPPED_POSITION_OPEN,VALID_COUNTERFACTUAL,target,WIN,0.731707317073098
HYPOTHETICAL_NOT_EXECUTED,EURUSD,eurusd_swing2_choch_or_bos,EURUSD:2026-09-22T22:50:00+00:00:eurusd_swing2_choch_or_bos,2026-09-22T22:50:00+00:00,SHORT,SKIPPED_MAX_OPEN_POSITIONS,SKIPPED_MAX_OPEN_POSITIONS,VALID_COUNTERFACTUAL,target,WIN,1.7191011235952867
HYPOTHETICAL_NOT_EXECUTED,EURUSD,eurusd_swing3_choch_or_bos,EURUSD:2026-09-23T01:05:00+00:00:eurusd_swing3_choch_or_bos,2026-09-23T01:05:00+00:00,SHORT,SKIPPED_MAX_OPEN_POSITIONS,SKIPPED_MAX_OPEN_POSITIONS,VALID_COUNTERFACTUAL,target,WIN,1.4693877551020493
HYPOTHETICAL_NOT_EXECUTED,USDJPY,config_default,USDJPY:2026-09-22T19:35:00+00:00:config_default,2026-09-22T19:35:00+00:00,SHORT,SKIPPED_POSITION_OPEN,SKIPPED_POSITION_OPEN,VALID_COUNTERFACTUAL,stop,LOSS,-1.0004573170731708
