instrument,symbol,side,signal_time,entry_time,entry,stop,equilibrium,target,exit_time,exit_price,exit_reason,r_multiple,htf_purge_time,liquidity_level,candles_between,sweep_size_atr,stop_distance_atr,target_distance_atr,equilibrium_distance_atr,entry_body_ratio,entry_wick_ratio,reentry_penetration_atr,session,range_ratio,volume_ratio,volatility_regime,execution_mode
AUDUSD,AUDUSD,SHORT,2026-09-03T09:30:00+00:00,2026-09-03T09:30:00+00:00,0.71848,0.7187276428571429,0.7165900000000001,0.71612,2026-09-03T10:45:00+00:00,0.7187276428571429,STOP,-1.0,2026-09-03T04:00:00+00:00,0.71851,2,0.34366925064603376,0.4479328165374485,4.268733850129207,3.41860465116266,0.5102040816326068,0.48979591836739317,0.05426356589142617,london,1.3466666666667042,1.5074701195219125,RANGE_EXPANSION,m15_4h
AUDUSD,AUDUSD,SHORT,2026-09-04T06:15:00+00:00,2026-09-04T06:15:00+00:00,0.7207,0.7211949285714286,0.72068,0.71994,2026-09-04T07:45:00+00:00,0.71994,TARGET,0.7879924953094747,2026-09-04T02:00:00+00:00,0.72101,3,0.5693779904305785,1.6576555023923873,2.545454545454241,0.06698564593307485,0.6612903225806105,0.3387096774193895,1.0382775119617305,other,1.1929824561404603,1.1552706552706553,RANGE_EXPANSION,m15_4h
AUDUSD,AUDUSD,LONG,2026-09-08T20:30:00+00:00,2026-09-08T20:30:00+00:00,0.7217,0.7214551785714285,0.72241,0.72308,2026-09-08T21:30:00+00:00,0.7214551785714285,STOP,-1.0,2026-09-08T16:00:00+00:00,0.72163,2,0.539759036144702,0.8259036144580686,4.655421686746416,2.3951807228913427,0.6153846153849767,0.3846153846150233,0.2361445783132837,new_york,0.6385542168673748,0.5979680696661829,RANGE_CONTRACTION,m15_4h
AUDUSD,AUDUSD,SHORT,2026-09-15T14:00:00+00:00,2026-09-15T14:00:00+00:00,0.71278,0.71349675,0.712435,0.71181,2026-09-15T14:30:00+00:00,0.71278,BREAKEVEN,0.2406696895709157,2026-09-15T10:00:00+00:00,0.71285,4,1.8805970149253088,2.1395522388059613,2.8955223880592604,1.0298507462683768,0.9322033898306264,0.06779661016937352,0.20895522388062668,overlap,0.9577464788732747,1.367741935483871,RANGE_CONTRACTION,m15_4h
AUDUSD,AUDUSD,LONG,2026-09-15T16:15:00+00:00,2026-09-15T16:15:00+00:00,0.71286,0.7124786071428572,0.712865,0.71324,2026-09-15T16:45:00+00:00,0.71324,TARGET,0.5047289072008153,2026-09-15T12:00:00+00:00,0.71264,3,0.32721202003345395,0.8914023372287899,0.8881469115190415,0.01168614357243801,0.8620689655174922,0.1379310344825078,0.5141903171953165,new_york,1.3030303030302723,1.4820415879017013,RANGE_EXPANSION,m15_4h
AUDUSD,AUDUSD,SHORT,2026-09-17T02:15:00+00:00,2026-09-17T02:15:00+00:00,0.70951,0.709804,0.708735,0.7083,2026-09-17T02:30:00+00:00,0.709804,STOP,-1.0,2026-09-16T22:00:00+00:00,0.70952,3,0.5416666666665098,0.6125000000000289,2.5208333333331723,1.6145833333332569,0.5238095238096748,0.4761904761903251,0.020833333333469633,other,1.3012048192772099,1.5365691489361701,TREND_EXPANSION,m15_4h
AUDUSD,AUDUSD,LONG,2026-09-23T08:15:00+00:00,2026-09-23T08:15:00+00:00,0.70853,0.7080366071428572,0.710325,0.71083,2026-09-23T09:45:00+00:00,0.7080366071428572,STOP,-1.0,2026-09-23T04:00:00+00:00,0.70829,2,0.49160305343502536,1.0545801526716232,4.916030534351203,3.836641221374124,0.6166666666665895,0.3833333333334104,0.5129770992366927,london,1.719298245614124,1.7612752721617417,RANGE_EXPANSION,m15_4h
AUDUSD,AUDUSD,LONG,2026-09-23T21:15:00+00:00,2026-09-23T21:15:00+00:00,0.70407,0.7036929999999999,0.70411,0.70499,2026-09-23T21:45:00+00:00,0.7036929999999999,STOP,-1.0,2026-09-23T16:00:00+00:00,0.70389,3,0.5294117647060744,1.1088235294119528,2.705882352941215,0.11764705882364467,0.5116279069768223,0.48837209302317774,0.5294117647057479,other,0.5871559633026495,0.38109860116001365,RANGE_CONTRACTION,m15_4h
AUDUSD,AUDUSD,LONG,2026-09-24T23:30:00+00:00,2026-09-24T23:30:00+00:00,0.70091,0.7007859818,0.70219,0.70331,2026-09-24T23:45:00+00:00,0.7007859818,STOP,-1.0,2026-09-24T18:00:00+00:00,0.70089,2,0.35897435897446117,0.4946594871797399,9.57264957264846,5.105413105412394,0.16129032258066828,0.8387096774193318,0.07977207977215169,other,0.4375000000001084,0.18402483770815692,RANGE_CONTRACTION,m15_4h
EURUSD,EURUSD,SHORT,2026-09-03T04:45:00+00:00,2026-09-03T04:45:00+00:00,1.15954,1.1600531907999998,1.15868,1.15844,2026-09-03T06:30:00+00:00,1.1600531907999998,STOP,-1.0,2026-09-03T00:00:00+00:00,1.15979,2,0.6339622641503679,1.3555983396219966,2.9056603773585903,2.2716981132076355,0.7777777777779605,0.22222222222203947,0.6603773584907486,other,1.2222222222215369,1.6132167152575316,RANGE_EXPANSION,m15_4h
EURUSD,EURUSD,SHORT,2026-09-07T12:45:00+00:00,2026-09-07T12:45:00+00:00,1.1625,1.1628432499999999,1.161715,1.16103,2026-09-07T13:45:00+00:00,1.1628432499999999,STOP,-1.0,2026-09-07T08:00:00+00:00,1.1627,6,0.347107438016221,0.9928719008258171,4.252066115702561,2.270661157024813,0.736842105262635,0.26315789473736495,0.5785123966941299,overlap,0.94202898550782,1.1767881241565452,RANGE_CONTRACTION,m15_4h
EURUSD,EURUSD,SHORT,2026-09-10T07:45:00+00:00,2026-09-10T07:45:00+00:00,1.16399,1.1642032798,1.163475,1.16294,2026-09-10T09:00:00+00:00,1.16399,BREAKEVEN,1.2073342154306077,2026-09-10T02:00:00+00:00,1.16401,5,0.697947214076233,0.8756355425213633,4.3108504398825085,2.1143695014663693,0.38461538461512185,0.6153846153848782,0.08211143694976968,london,1.0408163265313428,2.08187134502924,TRANSITION,m15_4h
EURUSD,EURUSD,SHORT,2026-09-15T15:30:00+00:00,2026-09-15T15:30:00+00:00,1.15404,1.15463725,1.1536499999999998,1.15323,2026-09-15T18:15:00+00:00,1.15404,BREAKEVEN,0.32649644202604994,2026-09-15T10:00:00+00:00,1.15448,6,0.23853211009168226,1.0958715596330442,1.4862385321100886,0.7155963302754542,0.8518518518521108,0.14814814814788924,0.8073394495412978,overlap,1.4459459459458892,1.7662983425414365,RANGE_EXPANSION,m15_4h
EURUSD,EURUSD,LONG,2026-09-15T23:45:00+00:00,2026-09-15T23:45:00+00:00,1.15366,1.1534069268,1.15402,1.15437,2026-09-16T00:45:00+00:00,1.1534069268,STOP,-1.0,2026-09-15T18:00:00+00:00,1.15363,6,0.6451612903225411,0.8163651612900337,2.2903225806452356,1.1612903225811468,0.25,0.75,0.09677419354830953,other,0.7042253521127024,0.2712275594371664,RANGE_CONTRACTION,m15_4h
EURUSD,EURUSD,SHORT,2026-09-17T14:15:00+00:00,2026-09-17T14:15:00+00:00,1.14903,1.149806857142857,1.147275,1.14673,2026-09-18T11:15:00+00:00,1.14673,TARGET,2.609874954027565,2026-09-17T10:00:00+00:00,1.14912,2,0.8817829457365354,1.0538759689921435,3.1201550387598167,2.3808139534884347,0.7796610169488719,0.22033898305112812,0.12209302325571675,overlap,1.8076923076916727,2.2039800995024876,RANGE_EXPANSION,m15_4h
EURUSD,EURUSD,SHORT,2026-09-24T20:00:00+00:00,2026-09-24T20:00:00+00:00,1.13744,1.13787025,1.13713,1.13641,2026-09-24T20:30:00+00:00,1.13744,BREAKEVEN,0.3602556653109325,2026-09-24T16:00:00+00:00,1.13764,2,0.33057851239665,0.7111570247933144,1.702479338843078,0.5123966942149176,0.7857142857137193,0.21428571428628074,0.33057851239665,new_york,0.777777777777796,0.8308181096108023,RANGE_CONTRACTION,m15_4h
GBPUSD,GBPUSD,LONG,2026-09-02T23:45:00+00:00,2026-09-02T23:45:00+00:00,1.34825,1.347993035,1.34943,1.35036,2026-09-03T07:45:00+00:00,1.35036,TARGET,6.401650030161214,2026-09-02T18:00:00+00:00,1.34812,4,0.30905077262687247,0.7941523178805523,6.520971302427902,3.64679911699737,0.5,0.5,0.4017660044148656,other,0.4341085271318683,0.23460246360582307,RANGE_CONTRACTION,m15_4h
GBPUSD,GBPUSD,SHORT,2026-09-03T04:45:00+00:00,2026-09-03T04:45:00+00:00,1.34935,1.3498569870000001,1.348245,1.34802,2026-09-03T06:45:00+00:00,1.3498569870000001,STOP,-1.0,2026-09-03T00:00:00+00:00,1.3496,2,0.5070866141736247,1.1177666141734077,2.9322834645671136,2.436220472441295,0.6981132075472409,0.30188679245275907,0.5511811023619118,other,1.1343283582091828,1.2251103482099068,RANGE_EXPANSION,m15_4h
GBPUSD,GBPUSD,SHORT,2026-09-08T22:30:00+00:00,2026-09-08T22:30:00+00:00,1.35401,1.3541970802,1.353625,1.35303,2026-09-08T23:15:00+00:00,1.3541970802,STOP,-1.0,2026-09-08T18:00:00+00:00,1.35413,5,0.1031307550645632,0.48234305709059977,2.5267034990792223,0.9926335174950612,0.9500000000007771,0.04999999999922285,0.3093922651936896,other,0.6525423728814485,0.2386942198262953,RANGE_CONTRACTION,m15_4h
GBPUSD,GBPUSD,SHORT,2026-09-10T06:00:00+00:00,2026-09-10T06:00:00+00:00,1.35547,1.3558671093999999,1.355115,1.35445,2026-09-10T07:15:00+00:00,1.35547,BREAKEVEN,0.4469801017049042,2026-09-10T02:00:00+00:00,1.35563,4,0.6475770925112122,1.2245664317179645,3.1453744493395868,1.0947136563874147,0.6734693877548431,0.3265306122451569,0.49339207048443967,other,0.6805555555553371,0.8777227722772277,RANGE_CONTRACTION,m15_4h
GBPUSD,GBPUSD,LONG,2026-09-13T22:30:00+00:00,2026-09-13T22:30:00+00:00,1.35222,1.3517429556,1.352595,1.35343,2026-09-14T00:15:00+00:00,1.35222,BREAKEVEN,0.39304517566923114,2026-09-11T16:00:00+00:00,1.35215,6,0.7940298507463226,0.9968091940297109,2.528358208954944,0.783582089552225,0.7567567567569514,0.2432432432430486,0.14626865671644007,other,0.8090909090908486,0.3833036396029524,RANGE_CONTRACTION,m15_4h
GBPUSD,GBPUSD,LONG,2026-09-14T09:15:00+00:00,2026-09-14T09:15:00+00:00,1.34836,1.3476320714285714,1.3511250000000001,1.35196,2026-09-14T12:30:00+00:00,1.3476320714285714,STOP,-1.0,2026-09-14T04:00:00+00:00,1.34796,2,0.38229755178923736,0.9596045197739894,4.745762711864437,3.6450094161960007,0.5909090909090725,0.40909090909092743,0.5273069679848723,london,2.175675675675635,1.617911615174032,RANGE_EXPANSION,m15_4h
GBPUSD,GBPUSD,LONG,2026-09-15T21:30:00+00:00,2026-09-15T21:30:00+00:00,1.34714,1.3470030572,1.3484850000000002,1.34959,2026-09-15T21:45:00+00:00,1.3470030572,STOP,-1.0,2026-09-15T16:00:00+00:00,1.34709,3,0.15328467153272457,0.34985386861311635,6.259124087591737,3.436131386861885,0.04000000000024869,0.9599999999997513,0.12773722627764866,other,0.5370370370370751,0.3193637197919853,RANGE_CONTRACTION,m15_4h
GBPUSD,GBPUSD,LONG,2026-09-16T20:30:00+00:00,2026-09-16T20:30:00+00:00,1.33806,1.3373810357142857,1.3453849999999998,1.34631,2026-09-17T00:45:00+00:00,1.3373810357142857,STOP,-1.0,2026-09-16T16:00:00+00:00,1.33793,4,0.3480062143966968,0.4922578974624767,5.9813568099426835,5.310719834282385,0.6190476190476694,0.3809523809523306,0.09425168306573851,new_york,2.3063063063058666,2.544323979591837,RANGE_EXPANSION,m15_4h
GBPUSD,GBPUSD,SHORT,2026-09-18T00:15:00+00:00,2026-09-18T00:15:00+00:00,1.33589,1.3361367177999999,1.3353899999999999,1.33487,2026-09-18T00:45:00+00:00,1.3361367177999999,STOP,-1.0,2026-09-17T20:00:00+00:00,1.33591,6,0.5374280230325081,0.6629652975043228,2.7408829174661498,1.343570057581867,0.5483870967741473,0.4516129032258527,0.05374280230301215,other,0.5338983050848749,0.30092592592592593,RANGE_CONTRACTION,m15_4h
GBPUSD,GBPUSD,SHORT,2026-09-21T01:45:00+00:00,2026-09-21T01:45:00+00:00,1.3389,1.3393167780000002,1.33816,1.33692,2026-09-21T07:00:00+00:00,1.33692,TARGET,3.2631280921722166,2026-09-18T18:00:00+00:00,1.3392,2,0.32061068702340195,1.4847053435119872,7.053435114502977,2.6361323155213547,0.8409090909090565,0.1590909090909435,1.0687022900761607,other,0.6288659793815825,0.8449319213313162,RANGE_CONTRACTION,m15_4h
GBPUSD,GBPUSD,SHORT,2026-09-22T05:00:00+00:00,2026-09-22T05:00:00+00:00,1.33847,1.3387267694,1.3367900000000001,1.3365,2026-09-22T07:30:00+00:00,1.3365,TARGET,7.107544746376304,2026-09-22T00:00:00+00:00,1.33851,2,0.47415329768251885,0.6407792513368552,4.9162210338684496,4.192513368983963,0.8461538461536491,0.15384615384635092,0.0998217468806761,other,0.9999999999996418,1.0424959655728887,TRANSITION,m15_4h
GBPUSD,GBPUSD,LONG,2026-09-22T13:00:00+00:00,2026-09-22T13:00:00+00:00,1.33612,1.3352623928571428,1.33676,1.33809,2026-09-22T14:15:00+00:00,1.3352623928571428,STOP,-1.0,2026-09-22T08:00:00+00:00,1.33571,3,0.5451092117759222,1.140218423551876,2.619183285850062,0.8509021842355067,0.6813186813186116,0.3186813186813884,0.5451092117759222,overlap,1.2912621359222736,1.256326287585591,RANGE_EXPANSION,m15_4h
NZDUSD,NZDUSD,LONG,2026-09-08T21:00:00+00:00,2026-09-08T21:00:00+00:00,0.58542,0.5852358571428572,0.585825,0.58633,2026-09-08T21:30:00+00:00,0.5852358571428572,STOP,-1.0,2026-09-08T16:00:00+00:00,0.58532,2,0.24747474747442239,0.6510101010101358,3.2171717171718086,1.4318181818182354,0.2773109243697863,0.7226890756302137,0.35353535353573023,other,0.6666666666666192,0.5753370340999207,RANGE_CONTRACTION,m15_4h
NZDUSD,NZDUSD,SHORT,2026-09-08T22:30:00+00:00,2026-09-08T22:30:00+00:00,0.58551,0.5857125000000001,0.585385,0.58492,2026-09-08T23:15:00+00:00,0.5857125000000001,STOP,-1.0,2026-09-08T18:00:00+00:00,0.58557,3,0.26666666666667843,0.4500000000002203,1.311111111111025,0.27777777777761525,0.850000000000111,0.14999999999988897,0.13333333333346256,other,0.666666666666864,0.33083645443196,RANGE_CONTRACTION,m15_4h
NZDUSD,NZDUSD,LONG,2026-09-11T15:15:00+00:00,2026-09-11T15:15:00+00:00,0.58167,0.5809804285714285,0.5825400000000001,0.58313,2026-09-13T21:00:00+00:00,0.5809804285714285,STOP,-1.0,2026-09-11T10:00:00+00:00,0.58166,5,0.8086642599277584,0.8712996389892675,1.8447653429602953,1.0992779783393887,0.7058823529412149,0.2941176470587851,0.012635379061454517,overlap,2.230769230769176,2.0769864141622065,RANGE_EXPANSION,m15_4h
NZDUSD,NZDUSD,LONG,2026-09-11T17:15:00+00:00,2026-09-11T17:15:00+00:00,0.58187,0.58137475,0.582165,0.58253,2026-09-11T18:15:00+00:00,0.58137475,STOP,-1.0,2026-09-11T12:00:00+00:00,0.58157,2,0.3366336633663426,0.9806930693068232,1.3069306930692912,0.584158415841672,0.7045454545455349,0.29545454545446515,0.594059405940527,new_york,0.9425287356321854,1.2111416781292985,RANGE_CONTRACTION,m15_4h
NZDUSD,NZDUSD,LONG,2026-09-16T17:15:00+00:00,2026-09-16T17:15:00+00:00,0.57574,0.5754535000000001,0.5760350000000001,0.57655,2026-09-16T18:00:00+00:00,0.57574,BREAKEVEN,0.51483420593382,2026-09-16T12:00:00+00:00,0.57573,4,0.7878787878785549,0.8681818181817064,2.45454545454535,0.8939393939395178,0.7727272727272957,0.22727272727270434,0.030303030303228378,new_york,0.7887323943660937,0.9819308208569953,RANGE_CONTRACTION,m15_4h
NZDUSD,NZDUSD,LONG,2026-09-16T21:15:00+00:00,2026-09-16T21:15:00+00:00,0.57159,0.5708802500000001,0.575985,0.57639,2026-09-16T21:45:00+00:00,0.5708802500000001,STOP,-1.0,2026-09-16T16:00:00+00:00,0.57113,3,0.20100502512561083,0.7133165829145433,4.824120603015106,4.417085427135711,0.3928571428571358,0.6071428571428642,0.4623115577889718,other,1.6376811594203131,1.3695316520844056,RANGE_EXPANSION,m15_4h
NZDUSD,NZDUSD,SHORT,2026-09-17T14:15:00+00:00,2026-09-17T14:15:00+00:00,0.57395,0.5745783214285715,0.573205,0.57255,2026-09-17T21:00:00+00:00,0.57255,TARGET,1.7069288921727945,2026-09-17T10:00:00+00:00,0.57435,2,0.35308953341736865,1.1092686002523473,2.4716267339217763,1.3152585119798355,0.8636363636364783,0.13636363636352167,0.7061790668349333,overlap,1.6029411764707058,1.8370179948586118,RANGE_EXPANSION,m15_4h
NZDUSD,NZDUSD,LONG,2026-09-21T07:15:00+00:00,2026-09-21T07:15:00+00:00,0.57186,0.5713279285714286,0.572005,0.57234,2026-09-21T07:45:00+00:00,0.57234,TARGET,0.5873271580076138,2026-09-21T02:00:00+00:00,0.5717,4,1.4911242603550703,2.2038461538462575,1.9881656804729673,0.6005917159760987,0.7500000000001261,0.24999999999987385,0.6627218934912956,london,0.9215686274511041,1.088,RANGE_CONTRACTION,m15_4h
NZDUSD,NZDUSD,SHORT,2026-09-25T13:45:00+00:00,2026-09-25T13:45:00+00:00,0.5668,0.5672138928571429,0.566465,0.56603,2026-09-25T14:00:00+00:00,0.56603,TARGET,1.3348865303302941,2026-09-25T08:00:00+00:00,0.56697,3,0.4603886397608499,0.8661434977579349,1.6113602391628585,0.7010463378176104,0.558139534883853,0.44186046511614696,0.355754857997031,overlap,1.5714285714285967,1.670287887017925,RANGE_EXPANSION,m15_4h
USDCAD,USDCAD,LONG,2026-09-03T20:15:00+00:00,2026-09-03T20:15:00+00:00,1.37905,1.378262419,1.3792900000000001,1.38033,2026-09-03T21:15:00+00:00,1.37905,BREAKEVEN,0.1523652805234991,2026-09-03T16:00:00+00:00,1.37864,4,0.7814992025520516,1.7585540669862259,2.858054226475366,0.5358851674641931,0.914285714285805,0.08571428571419508,0.9154704944179759,new_york,0.6126760563380821,0.5456122095039889,RANGE_CONTRACTION,m15_4h
USDCAD,USDCAD,SHORT,2026-09-04T00:30:00+00:00,2026-09-04T00:30:00+00:00,1.3791,1.379427582,1.379005,1.37843,2026-09-04T01:00:00+00:00,1.3791,BREAKEVEN,0.1450018621291377,2026-09-03T20:00:00+00:00,1.37923,2,0.6086956521740168,1.1729278772378033,2.3989769820973614,0.34015345268531627,0.7837837837835567,0.2162162162164433,0.46547314577999016,other,0.5229357798162558,0.3393854748603352,RANGE_CONTRACTION,m15_4h
USDCAD,USDCAD,SHORT,2026-09-04T14:15:00+00:00,2026-09-04T14:15:00+00:00,1.38527,1.3860975357142857,1.38028,1.37996,2026-09-08T05:30:00+00:00,1.37996,TARGET,6.223296361831451,2026-09-04T10:00:00+00:00,1.38581,2,0.13542146476280945,0.5336480884385162,3.424228466144567,3.217871948410885,0.5504587155962518,0.44954128440374824,0.3482266236757139,overlap,3.5714285714288887,3.7123098201936378,RANGE_EXPANSION,m15_4h
USDCAD,USDCAD,LONG,2026-09-07T14:15:00+00:00,2026-09-07T14:15:00+00:00,1.38094,1.3804623812,1.38252,1.38314,2026-09-07T23:45:00+00:00,1.3804623812,STOP,-1.0,2026-09-07T10:00:00+00:00,1.38092,4,0.9162861491626253,1.0177569558598039,4.687975646879263,3.366818873667684,0.9230769230770106,0.07692307692298933,0.04261796042645471,overlap,1.1911764705877887,0.8638297872340426,RANGE_EXPANSION,m15_4h
USDCAD,USDCAD,SHORT,2026-09-08T20:30:00+00:00,2026-09-08T20:30:00+00:00,1.3783,1.378767566,1.37729,1.37596,2026-09-08T21:30:00+00:00,1.378767566,STOP,-1.0,2026-09-08T16:00:00+00:00,1.37837,4,0.7719821162442201,0.9755475409833613,4.882265275706952,2.1073025335319953,0.2315789473683005,0.7684210526316995,0.14605067064083596,new_york,0.7954545454547175,0.6237446197991392,RANGE_CONTRACTION,m15_4h
USDCAD,USDCAD,LONG,2026-09-09T04:30:00+00:00,2026-09-09T04:30:00+00:00,1.37746,1.3772424508,1.378075,1.37854,2026-09-09T05:00:00+00:00,1.3772424508,STOP,-1.0,2026-09-09T00:00:00+00:00,1.37739,2,0.37668161434944447,0.6828898654703096,3.3901345291484852,1.9304932735426454,0.695652173912246,0.304347826087754,0.21973094170407492,other,0.7083333333333848,0.8480565371024735,RANGE_CONTRACTION,m15_4h
USDCAD,USDCAD,LONG,2026-09-14T22:30:00+00:00,2026-09-14T22:30:00+00:00,1.38998,1.3898622004,1.39054,1.39129,2026-09-14T22:45:00+00:00,1.3898622004,STOP,-1.0,2026-09-14T18:00:00+00:00,1.38994,2,0.19662921348267512,0.4632568539322108,5.1516853932577895,2.20224719101155,1.0,0.0,0.157303370786664,other,0.40517241379306057,0.19923918212077985,RANGE_CONTRACTION,m15_4h
USDCAD,USDCAD,SHORT,2026-09-17T10:00:00+00:00,2026-09-17T10:00:00+00:00,1.39905,1.399467981,1.3990200000000002,1.39869,2026-09-17T10:30:00+00:00,1.39905,BREAKEVEN,0.03588679868193962,2026-09-17T06:00:00+00:00,1.39908,3,0.7789799072640643,0.9044411128284056,0.7789799072640643,0.06491499227148485,0.5416666666669494,0.45833333333305065,0.06491499227244579,london,1.372881355932331,1.1730295566502462,RANGE_EXPANSION,m15_4h
USDCAD,USDCAD,SHORT,2026-09-17T21:45:00+00:00,2026-09-17T21:45:00+00:00,1.39926,1.3993779852000001,1.39852,1.39738,2026-09-18T05:45:00+00:00,1.39926,BREAKEVEN,3.135986547460594,2026-09-17T16:00:00+00:00,1.3993,2,0.18469656992122524,0.43582923482910385,6.944591029022977,2.7335092348282277,0.4000000000004441,0.5999999999995559,0.14775725593681613,other,0.4455445544553062,0.4850985786336543,RANGE_CONTRACTION,m15_4h
USDCAD,USDCAD,SHORT,2026-09-23T12:30:00+00:00,2026-09-23T12:30:00+00:00,1.40914,1.4093481827999998,1.408535,1.40808,2026-09-23T12:45:00+00:00,1.4093481827999998,STOP,-1.0,2026-09-23T08:00:00+00:00,1.4092,2,0.2568807339447361,0.44565125382218074,2.2691131498472283,1.2951070336390742,0.3777777777777339,0.6222222222222661,0.12844036697236805,overlap,1.3055555555553757,1.131396083385976,RANGE_EXPANSION,m15_4h
USDCAD,USDCAD,LONG,2026-09-24T21:15:00+00:00,2026-09-24T21:15:00+00:00,1.41364,1.4129117272,1.41405,1.41495,2026-09-25T04:45:00+00:00,1.41495,TARGET,1.180876177168761,2026-09-24T16:00:00+00:00,1.41361,4,1.5685618729096111,1.704986488294315,3.066889632106906,0.9598662207358564,0.9375000000009541,0.0624999999990459,0.07023411371231635,other,0.7592592592593201,0.5934504792332268,RANGE_CONTRACTION,m15_4h
USDCAD,USDCAD,LONG,2026-09-25T13:45:00+00:00,2026-09-25T13:45:00+00:00,1.41416,1.4137115714285715,1.41487,1.41544,2026-09-25T14:45:00+00:00,1.41416,BREAKEVEN,0.7916533928002412,2026-09-25T08:00:00+00:00,1.41405,5,0.5452261306533561,0.7886934673367313,2.2512562814070782,1.2487437185930192,0.5384615384616173,0.4615384615383827,0.1934673366835245,overlap,1.8382352941175701,1.342400946185689,RANGE_EXPANSION,m15_4h
USDCHF,USDCHF,LONG,2026-09-03T04:45:00+00:00,2026-09-03T04:45:00+00:00,0.81181,0.811453,0.8128949999999999,0.81314,2026-09-03T05:15:00+00:00,0.811453,STOP,-1.0,2026-09-03T00:00:00+00:00,0.81176,5,0.852941176470687,1.0500000000002285,3.9117647058824683,3.191176470588149,0.6250000000002776,0.37499999999972244,0.14705882352940627,other,1.033333333332988,1.5469208211143695,TRANSITION,m15_4h
USDCHF,USDCHF,LONG,2026-09-03T15:30:00+00:00,2026-09-03T15:30:00+00:00,0.80771,0.8073687142857143,0.8091999999999999,0.81002,2026-09-03T15:45:00+00:00,0.8073687142857143,STOP,-1.0,2026-09-03T10:00:00+00:00,0.80768,3,0.25348189415034983,0.3327298050139283,2.2520891364902047,1.4526462395542195,0.35555555555553636,0.6444444444444636,0.029247910863593494,overlap,1.729729729729846,1.6568627450980393,RANGE_EXPANSION,m15_4h
USDCHF,USDCHF,LONG,2026-09-07T14:15:00+00:00,2026-09-07T14:15:00+00:00,0.80891,0.8086503214285714,0.8092699999999999,0.81006,2026-09-07T23:15:00+00:00,0.80891,BREAKEVEN,0.6931646265985469,2026-09-07T10:00:00+00:00,0.80884,2,0.4319419237749536,0.6598003629764947,2.9219600725951747,0.9147005444643753,0.475000000000111,0.524999999999889,0.17785843920148467,overlap,1.242857142857136,1.2003841229193342,RANGE_EXPANSION,m15_4h
USDCHF,USDCHF,SHORT,2026-09-11T17:15:00+00:00,2026-09-11T17:15:00+00:00,0.81595,0.8163800714285715,0.8150999999999999,0.81428,2026-09-11T18:15:00+00:00,0.8163800714285715,STOP,-1.0,2026-09-11T12:00:00+00:00,0.81616,4,0.3159144893111911,0.7150831353920882,2.776722090261094,1.4133016627078143,0.47916666666676305,0.520833333333237,0.3491686460808193,new_york,1.0210526315789683,0.9707070707070707,TRANSITION,m15_4h
USDCHF,USDCHF,SHORT,2026-09-14T02:15:00+00:00,2026-09-14T02:15:00+00:00,0.81733,0.8173878214285715,0.8165549999999999,0.81607,2026-09-14T02:30:00+00:00,0.8173878214285715,STOP,-1.0,2026-09-13T22:00:00+00:00,0.81734,5,0.08416833667358578,0.16222444889790893,3.535070140280635,2.1743486973949957,0.18181818181845708,0.8181818181815429,0.028056112224320934,other,0.8961038961039429,1.182875264270613,RANGE_CONTRACTION,m15_4h
USDCHF,USDCHF,SHORT,2026-09-15T18:00:00+00:00,2026-09-15T18:00:00+00:00,0.81893,0.8191905357142857,0.818445,0.81789,2026-09-15T20:00:00+00:00,0.81893,BREAKEVEN,0.9307745030847129,2026-09-15T14:00:00+00:00,0.81905,4,0.2921739130434985,0.6343478260867643,2.532173913043563,1.1808695652175518,0.4864864864863973,0.5135135135136027,0.29217391304322815,new_york,0.7444444444444691,0.7067545304777595,RANGE_CONTRACTION,m15_4h
USDCHF,USDCHF,SHORT,2026-09-16T15:45:00+00:00,2026-09-16T15:45:00+00:00,0.81911,0.8192348571428572,0.8188150000000001,0.81837,2026-09-16T16:00:00+00:00,0.8192348571428572,STOP,-1.0,2026-09-16T10:00:00+00:00,0.81912,2,0.18103448275868808,0.25114942528736545,1.4885057471263456,0.5933908045975622,0.15686274509797518,0.8431372549020248,0.020114942528643865,overlap,1.4507042253518747,1.411592505854801,RANGE_EXPANSION,m15_4h
USDCHF,USDCHF,SHORT,2026-09-17T01:45:00+00:00,2026-09-17T01:45:00+00:00,0.82581,0.8259979642857144,0.821655,0.81758,2026-09-17T02:45:00+00:00,0.8259979642857144,STOP,-1.0,2026-09-16T20:00:00+00:00,0.82586,2,0.3339960238568705,0.5231610337973079,22.906560636182185,11.564612326043331,0.4482758620688203,0.5517241379311797,0.13916500994033695,other,0.7857142857143504,1.2197569994717379,RANGE_CONTRACTION,m15_4h
USDCHF,USDCHF,SHORT,2026-09-24T17:45:00+00:00,2026-09-24T17:45:00+00:00,0.8283,0.8286181428571429,0.8272999999999999,0.82656,2026-09-24T18:00:00+00:00,0.8286181428571429,STOP,-1.0,2026-09-24T12:00:00+00:00,0.82847,4,0.14419475655423422,0.4170411985018306,2.280898876404611,1.3108614232211313,0.32835820895519174,0.6716417910448083,0.22284644194757194,new_york,1.0381679389313805,0.9577340769004989,TRANSITION,m15_4h
USDCHF,USDCHF,LONG,2026-09-24T20:00:00+00:00,2026-09-24T20:00:00+00:00,0.82815,0.8278592857142857,0.828465,0.82965,2026-09-24T20:30:00+00:00,0.82815,BREAKEVEN,0.5417690417688128,2026-09-24T16:00:00+00:00,0.82807,2,0.29302325581388705,0.47325581395362276,2.4418604651162075,0.5127906976743475,0.6562500000001626,0.34374999999983735,0.130232558139666,new_york,0.84920634920641,0.8351553509781358,RANGE_CONTRACTION,m15_4h
USDCHF,USDCHF,SHORT,2026-09-25T10:00:00+00:00,2026-09-25T10:00:00+00:00,0.8293,0.8298292857142857,0.82908,0.82883,2026-09-25T10:45:00+00:00,0.8293,BREAKEVEN,0.20782726045885228,2026-09-25T06:00:00+00:00,0.82944,6,0.6146341463415023,0.9036585365852909,0.8024390243903735,0.3756097560975531,0.4222222222220742,0.5777777777779258,0.23902439024375957,london,1.4918032786881994,1.5718201754385965,RANGE_EXPANSION,m15_4h
USDJPY,USDJPY,SHORT,2026-09-04T08:15:00+00:00,2026-09-04T08:15:00+00:00,156.32,156.4079357142857,156.11,155.777,2026-09-04T08:45:00+00:00,156.4079357142857,STOP,-1.0,2026-09-04T04:00:00+00:00,156.348,6,0.3820803295571309,0.6339340885685173,3.9145211122553807,1.5139031925847886,0.646341463414651,0.35365853658534896,0.20185375901146907,london,1.0266159695817676,2.0321495327102803,TRANSITION,m15_4h
USDJPY,USDJPY,LONG,2026-09-04T11:45:00+00:00,2026-09-04T11:45:00+00:00,156.266,156.24400357142858,156.34,156.445,2026-09-04T12:00:00+00:00,156.24400357142858,STOP,-1.0,2026-09-04T06:00:00+00:00,156.261,2,0.12008577555396671,0.22012151536795224,1.7912794853466227,0.7405289492495561,0.15957446808497128,0.8404255319150287,0.05003573981410539,london,0.7142857142856994,0.9823870220162225,RANGE_CONTRACTION,m15_4h
USDJPY,USDJPY,LONG,2026-09-07T19:00:00+00:00,2026-09-07T19:00:00+00:00,154.362,154.33391275999998,154.527,154.806,2026-09-07T19:15:00+00:00,154.33391275999998,STOP,-1.0,2026-09-07T14:00:00+00:00,154.344,2,0.1351724137931905,0.5423742896555043,8.573793103447995,3.1862068965513455,0.9199999999996362,0.0800000000003638,0.34758620689654035,new_york,0.18210862619814225,0.20222999562745955,RANGE_CONTRACTION,m15_4h
USDJPY,USDJPY,SHORT,2026-09-08T08:15:00+00:00,2026-09-08T08:15:00+00:00,153.893,154.0815107142857,153.125,152.888,2026-09-08T08:30:00+00:00,154.0815107142857,STOP,-1.0,2026-09-08T04:00:00+00:00,153.926,5,0.6897723411485471,0.8967550118926307,4.780835881753364,3.6534148827727395,0.2066115702479892,0.7933884297520107,0.15698267074407937,london,1.140957446808426,1.958005249343832,RANGE_EXPANSION,m15_4h
USDJPY,USDJPY,LONG,2026-09-09T05:30:00+00:00,2026-09-09T05:30:00+00:00,153.367,153.2887964285714,153.69850000000002,153.972,2026-09-09T05:45:00+00:00,153.2887964285714,STOP,-1.0,2026-09-09T00:00:00+00:00,153.326,4,0.24985607369031898,0.630310880829153,4.876223373632861,2.6718480138172067,0.6082474226803338,0.3917525773196662,0.33045480713872033,other,0.9803921568627626,1.1798727588201272,TRANSITION,m15_4h
USDJPY,USDJPY,SHORT,2026-09-10T17:45:00+00:00,2026-09-10T17:45:00+00:00,154.256,154.34932142857141,153.92849999999999,153.658,2026-09-10T18:00:00+00:00,154.34932142857141,STOP,-1.0,2026-09-10T12:00:00+00:00,154.31,4,0.2610169491524425,0.7381355932202339,4.729943502825011,2.590395480226132,0.6785714285712594,0.3214285714287406,0.42711864406781713,new_york,0.7619047619047669,0.7787175452399685,RANGE_CONTRACTION,m15_4h
USDJPY,USDJPY,SHORT,2026-09-10T23:45:00+00:00,2026-09-10T23:45:00+00:00,154.464,154.61756428571428,154.221,154.049,2026-09-11T02:00:00+00:00,154.464,BREAKEVEN,0.79119959067864,2026-09-10T18:00:00+00:00,154.547,5,0.9398797595192294,2.1542084168338174,5.821643286573588,3.4088176352707946,0.9345794392522893,0.06542056074771072,1.1643286573147176,other,0.6857142857141504,0.28878335594753507,RANGE_CONTRACTION,m15_4h
USDJPY,USDJPY,LONG,2026-09-11T11:45:00+00:00,2026-09-11T11:45:00+00:00,154.029,153.88857857142858,154.2135,154.414,2026-09-11T12:30:00+00:00,153.88857857142858,STOP,-1.0,2026-09-11T06:00:00+00:00,153.952,2,0.44382647385975,1.0933815350388232,2.9977753058953653,1.4365962180201306,0.8653846153845243,0.1346153846154757,0.5995550611790731,london,1.0762711864405545,1.0467603271126023,RANGE_EXPANSION,m15_4h
USDJPY,USDJPY,SHORT,2026-09-14T14:00:00+00:00,2026-09-14T14:00:00+00:00,154.764,155.004525,154.483,154.357,2026-09-14T15:30:00+00:00,154.357,TARGET,1.4302047604200028,2026-09-14T10:00:00+00:00,154.898,2,0.9140271493212605,2.176696832579108,3.68325791855214,2.542986425339425,0.7317073170731166,0.26829268292688335,1.2126696832577952,overlap,1.0656565656565895,1.244294364229157,RANGE_EXPANSION,m15_4h
USDJPY,USDJPY,SHORT,2026-09-15T07:00:00+00:00,2026-09-15T07:00:00+00:00,154.886,154.95815714285715,154.5845,154.402,2026-09-15T08:00:00+00:00,154.95815714285715,STOP,-1.0,2026-09-15T02:00:00+00:00,154.911,4,0.4072022160665007,0.6995844875347087,4.692520775623392,2.9231301939058825,0.20000000000004736,0.7999999999999526,0.2423822714682011,london,1.602836879432517,1.6188541243396992,RANGE_EXPANSION,m15_4h
USDJPY,USDJPY,SHORT,2026-09-15T08:15:00+00:00,2026-09-15T08:15:00+00:00,154.887,155.24458928571428,154.7595,154.628,2026-09-15T11:45:00+00:00,154.887,BREAKEVEN,0.17827715355805046,2026-09-15T04:00:00+00:00,154.926,3,2.367479674796912,2.713414634146408,1.9653116531167032,0.9674796747967611,0.6656716417911248,0.3343283582088752,0.29593495934950614,london,1.443786982248256,1.8150630914826498,RANGE_EXPANSION,m15_4h
USDJPY,USDJPY,SHORT,2026-09-15T20:15:00+00:00,2026-09-15T20:15:00+00:00,155.132,155.15211785714285,155.03,154.893,2026-09-15T21:15:00+00:00,155.132,BREAKEVEN,2.535061246228587,2026-09-15T16:00:00+00:00,155.135,4,0.22451317296695142,0.32262313860241904,3.8327605956474295,1.6357388316152532,0.22222222222210525,0.7777777777778947,0.048109965635514854,new_york,0.47685185185180495,0.48752282410225195,RANGE_CONTRACTION,m15_4h
USDJPY,USDJPY,SHORT,2026-09-16T04:00:00+00:00,2026-09-16T04:00:00+00:00,155.352,155.4055285714286,155.224,155.022,2026-09-16T06:15:00+00:00,155.022,TARGET,4.278089137976115,2026-09-16T00:00:00+00:00,155.359,4,0.463722397476358,0.5910094637225608,3.643533123028527,1.4132492113566242,0.34482758620711623,0.6551724137928838,0.07728706624611197,other,1.1406249999995144,1.121904761904762,RANGE_EXPANSION,m15_4h
USDJPY,USDJPY,LONG,2026-09-17T10:45:00+00:00,2026-09-17T10:45:00+00:00,155.648,155.5753214285714,155.89499999999998,156.134,2026-09-17T12:00:00+00:00,155.648,BREAKEVEN,1.6992628992625425,2026-09-17T06:00:00+00:00,155.617,2,0.3169811320754717,0.639937106918312,4.279245283018618,2.174842767295389,0.6947368421052978,0.3052631578947022,0.272955974842809,london,0.8565217391306084,1.1744427164333853,RANGE_CONTRACTION,m15_4h
USDJPY,USDJPY,LONG,2026-09-18T17:15:00+00:00,2026-09-18T17:15:00+00:00,156.712,156.59156071428572,157.845,158.01,2026-09-21T01:15:00+00:00,156.59156071428572,STOP,-1.0,2026-09-18T12:00:00+00:00,156.68,2,0.30548377835196855,0.4841085271317165,5.217341372380133,4.554120011484386,0.741071428571261,0.2589285714287391,0.1286247487797161,new_york,1.3426791277258128,1.3782736997417926,RANGE_EXPANSION,m15_4h
USDJPY,USDJPY,SHORT,2026-09-22T03:15:00+00:00,2026-09-22T03:15:00+00:00,157.466,157.527575,157.34,157.24,2026-09-22T04:00:00+00:00,157.527575,STOP,-1.0,2026-09-21T22:00:00+00:00,157.502,2,0.3076923076921941,0.8611888111888989,3.1608391608392226,1.7622377622378707,0.5781249999997154,0.4218750000002845,0.5034965034965344,other,1.258620689655523,1.5464015151515151,RANGE_EXPANSION,m15_4h
USDJPY,USDJPY,SHORT,2026-09-22T08:15:00+00:00,2026-09-22T08:15:00+00:00,157.691,157.77879285714286,157.459,157.392,2026-09-22T08:30:00+00:00,157.392,TARGET,3.024164022455448,2026-09-22T04:00:00+00:00,157.74,2,0.46139359698674254,1.1573446327683026,3.9416195856872145,3.058380414312411,0.4800000000000455,0.5199999999999545,0.6459510357815894,london,1.1937984496124612,1.912303664921466,RANGE_EXPANSION,m15_4h
USDJPY,USDJPY,SHORT,2026-09-23T12:15:00+00:00,2026-09-23T12:15:00+00:00,157.937,157.96415874000002,157.73950000000002,157.622,2026-09-23T12:30:00+00:00,157.96415874000002,STOP,-1.0,2026-09-23T08:00:00+00:00,157.946,2,0.25735294117673235,0.4659587745098942,5.404411764706015,3.388480392156814,0.40909090909108525,0.5909090909089147,0.1544117647056493,overlap,1.0442477876105793,1.0113065326633166,TRANSITION,m15_4h
USDJPY,USDJPY,SHORT,2026-09-23T20:00:00+00:00,2026-09-23T20:00:00+00:00,158.322,158.37157499999998,158.20850000000002,158.02,2026-09-23T23:15:00+00:00,158.322,BREAKEVEN,1.14473020675787,2026-09-23T16:00:00+00:00,158.33,3,0.40437158469920814,0.5418032786882592,3.300546448087334,1.2404371584698053,0.40845070422531266,0.5915492957746874,0.08743169398917748,new_york,0.9929577464790396,1.0387462981243831,TRANSITION,m15_4h
