pair,cycle_id,start_time,end_time,start_index,end_index,bars,volume,target_volume,return_pct
AUDUSD,0,2026-09-17T05:55:00+00:00,2026-09-17T12:15:00+00:00,96,172,77,29746.0,29280.0,0.0017444886819262262
AUDUSD,1,2026-09-17T12:20:00+00:00,2026-09-17T18:45:00+00:00,173,250,78,32256.0,32160.0,-0.0012499122252650485
AUDUSD,2,2026-09-17T18:50:00+00:00,2026-09-18T08:35:00+00:00,251,416,166,42866.0,42528.0,0.0019126643695943635
AUDUSD,3,2026-09-18T08:40:00+00:00,2026-09-18T14:35:00+00:00,417,488,72,30912.0,30768.0,-0.0017826562982511396
AUDUSD,4,2026-09-18T14:40:00+00:00,2026-09-21T04:15:00+00:00,489,647,159,39863.0,39744.0,0.0027706674917724605
AUDUSD,5,2026-09-21T04:20:00+00:00,2026-09-21T10:10:00+00:00,648,718,71,17542.0,17376.0,-0.0001823281907432639
AUDUSD,6,2026-09-21T10:15:00+00:00,2026-09-21T14:40:00+00:00,719,772,54,20667.0,20496.0,-0.0005470306056610807
AUDUSD,7,2026-09-21T14:45:00+00:00,2026-09-22T02:15:00+00:00,773,911,139,28287.0,28224.0,-0.0016844232955741667
AUDUSD,8,2026-09-22T02:20:00+00:00,2026-09-22T05:30:00+00:00,912,950,39,13103.0,12768.0,0.0009697003766373502
AUDUSD,9,2026-09-22T05:35:00+00:00,2026-09-22T09:35:00+00:00,951,999,49,27506.0,27216.0,-0.001727188474176411
AUDUSD,10,2026-09-22T09:40:00+00:00,2026-09-22T15:15:00+00:00,1000,1067,68,38890.0,38832.0,-0.0007593975446146262
AUDUSD,11,2026-09-22T15:20:00+00:00,2026-09-23T08:20:00+00:00,1068,1272,205,56791.0,56448.0,-0.0032080144079243977
AUDUSD,12,2026-09-23T08:25:00+00:00,2026-09-23T13:50:00+00:00,1273,1338,66,28886.0,28272.0,-0.006365291519060623
AUDUSD,13,2026-09-23T13:55:00+00:00,2026-09-23T19:05:00+00:00,1339,1401,63,36921.0,36912.0,-1.4201721248552346e-05
AUDUSD,14,2026-09-23T19:10:00+00:00,2026-09-24T08:05:00+00:00,1402,1557,156,50913.0,50400.0,0.0003408897221748308
AUDUSD,15,2026-09-24T08:10:00+00:00,2026-09-24T13:50:00+00:00,1558,1626,69,40414.0,39840.0,-0.0017615638140697776
AUDUSD,16,2026-09-24T13:55:00+00:00,2026-09-25T00:20:00+00:00,1627,1752,126,52685.0,52656.0,-0.0030727647770111277
AUDUSD,17,2026-09-25T00:25:00+00:00,2026-09-25T07:30:00+00:00,1753,1838,86,26091.0,26016.0,0.0015839267112829347
AUDUSD,18,2026-09-25T07:35:00+00:00,2026-09-25T12:45:00+00:00,1839,1901,63,27537.0,26592.0,0.001068436947974094
AUDUSD,19,2026-09-25T12:50:00+00:00,2026-09-25T17:40:00+00:00,1902,1960,59,39919.0,39552.0,-4.268639726801027e-05
EURUSD,0,2026-09-17T06:15:00+00:00,2026-09-17T10:45:00+00:00,96,150,55,19247.0,19104.0,0.0005666364460561457
EURUSD,1,2026-09-17T10:50:00+00:00,2026-09-17T14:40:00+00:00,151,197,47,28707.0,28416.0,0.0012197565714386904
EURUSD,2,2026-09-17T14:45:00+00:00,2026-09-18T06:05:00+00:00,198,382,185,41208.0,41136.0,-0.0008701932699253234
EURUSD,3,2026-09-18T06:10:00+00:00,2026-09-18T09:45:00+00:00,383,426,44,18857.0,18528.0,0.0002787140828999224
EURUSD,4,2026-09-18T09:50:00+00:00,2026-09-18T15:00:00+00:00,427,489,63,30394.0,29808.0,-0.002385471261165506
EURUSD,5,2026-09-18T15:05:00+00:00,2026-09-21T06:40:00+00:00,490,676,187,42774.0,42672.0,0.001273818664060844
EURUSD,6,2026-09-21T06:45:00+00:00,2026-09-21T11:20:00+00:00,677,732,56,16572.0,16464.0,0.00045303665240759017
EURUSD,7,2026-09-21T11:25:00+00:00,2026-09-21T16:25:00+00:00,733,793,61,24623.0,24528.0,-0.001279963777895854
EURUSD,8,2026-09-21T16:30:00+00:00,2026-09-22T07:30:00+00:00,794,974,181,32528.0,32304.0,-0.001220458369293298
EURUSD,9,2026-09-22T07:35:00+00:00,2026-09-22T09:50:00+00:00,975,1002,28,19881.0,18960.0,0.0006457918804760876
EURUSD,10,2026-09-22T09:55:00+00:00,2026-09-22T14:25:00+00:00,1003,1057,55,27791.0,27552.0,-0.0015173845174454303
EURUSD,11,2026-09-22T14:30:00+00:00,2026-09-23T05:50:00+00:00,1058,1242,185,47203.0,47136.0,-0.0020091196561784486
EURUSD,12,2026-09-23T05:55:00+00:00,2026-09-23T09:40:00+00:00,1243,1288,46,16321.0,16080.0,-0.0013565789704003128
EURUSD,13,2026-09-23T09:45:00+00:00,2026-09-23T13:40:00+00:00,1289,1336,48,21806.0,21696.0,-0.00014898819487652037
EURUSD,14,2026-09-23T13:45:00+00:00,2026-09-23T18:45:00+00:00,1337,1397,61,36875.0,36720.0,-0.0008863847787548007
EURUSD,15,2026-09-23T18:50:00+00:00,2026-09-24T08:00:00+00:00,1398,1556,159,45680.0,45072.0,0.0010363149343519673
EURUSD,16,2026-09-24T08:05:00+00:00,2026-09-24T12:45:00+00:00,1557,1613,57,33900.0,33696.0,-0.00247437877298895
EURUSD,17,2026-09-24T12:50:00+00:00,2026-09-24T19:20:00+00:00,1614,1692,79,53814.0,53664.0,0.00040456632249230573
EURUSD,18,2026-09-24T19:25:00+00:00,2026-09-25T11:35:00+00:00,1693,1887,195,58647.0,58464.0,0.002637780044314697
EURUSD,19,2026-09-25T11:40:00+00:00,2026-09-25T16:30:00+00:00,1888,1946,59,40775.0,40224.0,-0.0009557546954738205
GBPUSD,0,2026-09-17T06:10:00+00:00,2026-09-17T11:05:00+00:00,96,155,60,32129.0,31440.0,-0.0016659445083597735
GBPUSD,1,2026-09-17T11:10:00+00:00,2026-09-17T15:05:00+00:00,156,203,48,42735.0,42048.0,-0.0008230329512464163
GBPUSD,2,2026-09-17T15:10:00+00:00,2026-09-18T06:05:00+00:00,204,383,180,62311.0,61872.0,0.0008461630623615157
GBPUSD,3,2026-09-18T06:10:00+00:00,2026-09-18T11:00:00+00:00,384,442,59,32173.0,31872.0,-0.00042640414135663995
GBPUSD,4,2026-09-18T11:05:00+00:00,2026-09-18T16:15:00+00:00,443,505,63,47874.0,47328.0,0.0012573909138535733
GBPUSD,5,2026-09-18T16:20:00+00:00,2026-09-21T08:00:00+00:00,506,692,187,65317.0,65088.0,0.0003887501682091621
GBPUSD,6,2026-09-21T08:05:00+00:00,2026-09-21T13:45:00+00:00,693,761,69,33647.0,33264.0,-3.736306436896708e-05
GBPUSD,7,2026-09-21T13:50:00+00:00,2026-09-22T00:10:00+00:00,762,886,125,44334.0,44112.0,-0.0005978626410583221
GBPUSD,8,2026-09-22T00:15:00+00:00,2026-09-22T05:55:00+00:00,887,955,69,26091.0,25872.0,0.0007104503507380233
GBPUSD,9,2026-09-22T06:00:00+00:00,2026-09-22T09:05:00+00:00,956,993,38,29353.0,29280.0,-0.0016297603205693845
GBPUSD,10,2026-09-22T09:10:00+00:00,2026-09-22T13:55:00+00:00,994,1051,58,45589.0,44976.0,0.000284546148892284
GBPUSD,11,2026-09-22T14:00:00+00:00,2026-09-23T03:35:00+00:00,1052,1215,164,70317.0,70080.0,-0.0032107413893754932
GBPUSD,12,2026-09-23T03:40:00+00:00,2026-09-23T08:00:00+00:00,1216,1268,53,23642.0,23472.0,-0.001359001696875084
GBPUSD,13,2026-09-23T08:05:00+00:00,2026-09-23T13:10:00+00:00,1269,1330,62,38589.0,38016.0,-0.002548929675105449
GBPUSD,14,2026-09-23T13:15:00+00:00,2026-09-23T18:40:00+00:00,1331,1396,66,57758.0,57552.0,-0.002042462108936327
GBPUSD,15,2026-09-23T18:45:00+00:00,2026-09-24T08:35:00+00:00,1397,1563,167,72252.0,71664.0,6.041702853964992e-05
GBPUSD,16,2026-09-24T08:40:00+00:00,2026-09-24T14:00:00+00:00,1564,1628,65,49175.0,48480.0,-0.0006347143407661182
GBPUSD,17,2026-09-24T14:05:00+00:00,2026-09-25T00:35:00+00:00,1629,1755,127,71981.0,71808.0,-0.0010510873839266743
GBPUSD,18,2026-09-25T00:40:00+00:00,2026-09-25T08:45:00+00:00,1756,1853,98,41296.0,40992.0,0.0019604429541377755
GBPUSD,19,2026-09-25T08:50:00+00:00,2026-09-25T13:25:00+00:00,1854,1909,56,36929.0,36672.0,0.0010274697047536474
GBPUSD,20,2026-09-25T13:30:00+00:00,2026-09-25T20:35:00+00:00,1910,1995,86,58282.0,58272.0,-0.0005281344781278285
NZDUSD,0,2026-09-17T06:15:00+00:00,2026-09-17T12:10:00+00:00,96,167,72,27756.0,27696.0,0.0018662248190459696
NZDUSD,1,2026-09-17T12:15:00+00:00,2026-09-17T18:10:00+00:00,168,239,72,31879.0,31728.0,-0.0026449502331732377
NZDUSD,2,2026-09-17T18:15:00+00:00,2026-09-18T07:50:00+00:00,240,403,164,41592.0,41184.0,-0.002058941564446526
NZDUSD,3,2026-09-18T07:55:00+00:00,2026-09-18T14:10:00+00:00,404,479,76,31020.0,30672.0,-0.0013814569999651694
NZDUSD,4,2026-09-18T14:15:00+00:00,2026-09-21T03:15:00+00:00,480,635,156,40551.0,40464.0,0.0030132618559590707
NZDUSD,5,2026-09-21T03:20:00+00:00,2026-09-21T09:45:00+00:00,636,713,78,16406.0,16368.0,-6.986899563321547e-05
NZDUSD,6,2026-09-21T09:50:00+00:00,2026-09-21T14:35:00+00:00,714,771,58,18990.0,18960.0,-0.00031437204184647793
NZDUSD,7,2026-09-21T14:40:00+00:00,2026-09-22T01:40:00+00:00,772,904,133,26176.0,25824.0,-0.00443768890752505
NZDUSD,8,2026-09-22T01:45:00+00:00,2026-09-22T04:40:00+00:00,905,940,36,12870.0,12816.0,0.006757586927141013
NZDUSD,9,2026-09-22T04:45:00+00:00,2026-09-22T08:50:00+00:00,941,990,50,23109.0,23040.0,0.0014820497620002815
NZDUSD,10,2026-09-22T08:55:00+00:00,2026-09-22T13:55:00+00:00,991,1051,61,36412.0,35952.0,-0.0011149631539519866
NZDUSD,11,2026-09-22T14:00:00+00:00,2026-09-23T03:55:00+00:00,1052,1219,168,50104.0,49920.0,-0.005772886617716355
NZDUSD,12,2026-09-23T04:00:00+00:00,2026-09-23T09:20:00+00:00,1220,1284,65,18791.0,18480.0,0.00029813577453929874
NZDUSD,13,2026-09-23T09:25:00+00:00,2026-09-23T14:15:00+00:00,1285,1343,59,26031.0,26016.0,-0.005609803130971369
NZDUSD,14,2026-09-23T14:20:00+00:00,2026-09-23T23:45:00+00:00,1344,1457,114,36810.0,36720.0,0.0003172644751916476
NZDUSD,15,2026-09-23T23:50:00+00:00,2026-09-24T03:30:00+00:00,1458,1502,45,16859.0,16752.0,0.0005111212943706978
NZDUSD,16,2026-09-24T03:35:00+00:00,2026-09-24T07:35:00+00:00,1503,1551,49,18327.0,18000.0,0.0009867145928039722
NZDUSD,17,2026-09-24T07:40:00+00:00,2026-09-24T12:50:00+00:00,1552,1614,63,32759.0,32640.0,-0.0021821381434228293
NZDUSD,18,2026-09-24T12:55:00+00:00,2026-09-24T18:35:00+00:00,1615,1683,69,46239.0,45648.0,-0.002256341553702579
NZDUSD,19,2026-09-24T18:40:00+00:00,2026-09-25T11:55:00+00:00,1684,1891,208,58111.0,57936.0,0.0021740283153930395
NZDUSD,20,2026-09-25T12:00:00+00:00,2026-09-25T16:10:00+00:00,1892,1942,51,33691.0,32976.0,0.0008818653215278971
USDCAD,0,2026-09-17T06:15:00+00:00,2026-09-17T12:05:00+00:00,96,166,71,23272.0,23040.0,0.00014292452156006163
USDCAD,1,2026-09-17T12:10:00+00:00,2026-09-17T18:15:00+00:00,167,240,74,29024.0,28800.0,-0.00027158958525419497
USDCAD,2,2026-09-17T18:20:00+00:00,2026-09-18T07:30:00+00:00,241,399,159,34501.0,34128.0,0.000872107569464875
USDCAD,3,2026-09-18T07:35:00+00:00,2026-09-18T13:40:00+00:00,400,473,74,24631.0,24240.0,0.00021426428785686902
USDCAD,4,2026-09-18T13:45:00+00:00,2026-09-21T00:30:00+00:00,474,602,129,32936.0,32832.0,-0.0007355881848825074
USDCAD,5,2026-09-21T00:35:00+00:00,2026-09-21T07:10:00+00:00,603,682,80,16181.0,15984.0,0.002058377883873197
USDCAD,6,2026-09-21T07:15:00+00:00,2026-09-21T12:45:00+00:00,683,749,67,17868.0,17568.0,-0.000977342769090228
USDCAD,7,2026-09-21T12:50:00+00:00,2026-09-21T20:20:00+00:00,750,840,91,24098.0,24048.0,0.0025567776031996114
USDCAD,8,2026-09-21T20:25:00+00:00,2026-09-22T06:40:00+00:00,841,964,124,22270.0,21888.0,-0.0005414609471292575
USDCAD,9,2026-09-22T06:45:00+00:00,2026-09-22T09:55:00+00:00,965,1003,39,20288.0,20256.0,0.00012831754314657218
USDCAD,10,2026-09-22T10:00:00+00:00,2026-09-22T16:00:00+00:00,1004,1076,73,29317.0,29280.0,0.0030434565683779002
USDCAD,11,2026-09-22T16:05:00+00:00,2026-09-23T06:35:00+00:00,1077,1251,175,41261.0,41088.0,0.0004262635161056405
USDCAD,12,2026-09-23T06:40:00+00:00,2026-09-23T12:10:00+00:00,1252,1318,67,21745.0,21600.0,0.0004402846227045121
USDCAD,13,2026-09-23T12:15:00+00:00,2026-09-23T17:00:00+00:00,1319,1376,58,29869.0,29424.0,0.0014410653945537977
USDCAD,14,2026-09-23T17:05:00+00:00,2026-09-24T05:35:00+00:00,1377,1527,151,36927.0,36672.0,-0.00019143369658469744
USDCAD,15,2026-09-24T05:40:00+00:00,2026-09-24T09:15:00+00:00,1528,1571,44,18919.0,18912.0,0.00046798221667576634
USDCAD,16,2026-09-24T09:20:00+00:00,2026-09-24T15:30:00+00:00,1572,1646,75,30199.0,29760.0,0.002771202177271892
USDCAD,17,2026-09-24T15:35:00+00:00,2026-09-25T03:55:00+00:00,1647,1795,149,38837.0,38736.0,0.0
USDCAD,18,2026-09-25T04:00:00+00:00,2026-09-25T08:40:00+00:00,1796,1852,57,15956.0,15696.0,0.0001201634222540715
USDCAD,19,2026-09-25T08:45:00+00:00,2026-09-25T13:45:00+00:00,1853,1913,61,22924.0,22800.0,-0.0005937906463835407
USDCHF,0,2026-09-17T04:05:00+00:00,2026-09-17T10:45:00+00:00,96,176,81,26898.0,26784.0,-0.0003754754003052474
USDCHF,1,2026-09-17T10:50:00+00:00,2026-09-17T15:00:00+00:00,177,227,51,30314.0,29808.0,-0.0021562950490010557
USDCHF,2,2026-09-17T15:05:00+00:00,2026-09-18T04:10:00+00:00,228,378,151,41394.0,41328.0,-0.0012988904804679402
USDCHF,3,2026-09-18T04:15:00+00:00,2026-09-18T09:10:00+00:00,379,438,60,25305.0,25104.0,0.0026743818531034247
USDCHF,4,2026-09-18T09:15:00+00:00,2026-09-18T15:20:00+00:00,439,512,74,35210.0,34800.0,-0.002036585809361058
USDCHF,5,2026-09-18T15:25:00+00:00,2026-09-21T06:05:00+00:00,513,680,168,42396.0,42336.0,-7.287301876490737e-05
USDCHF,6,2026-09-21T06:10:00+00:00,2026-09-21T11:45:00+00:00,681,748,68,19046.0,18816.0,-0.002538811010422415
USDCHF,7,2026-09-21T11:50:00+00:00,2026-09-21T15:40:00+00:00,749,795,47,22473.0,22464.0,4.87186982365273e-05
USDCHF,8,2026-09-21T15:45:00+00:00,2026-09-22T05:35:00+00:00,796,961,166,33535.0,33360.0,-0.0009132308891216523
USDCHF,9,2026-09-22T05:40:00+00:00,2026-09-22T08:55:00+00:00,962,1001,40,19576.0,18864.0,0.00032907165230522395
USDCHF,10,2026-09-22T09:00:00+00:00,2026-09-22T13:15:00+00:00,1002,1053,52,27849.0,27744.0,-0.0020083987584444962
USDCHF,11,2026-09-22T13:20:00+00:00,2026-09-23T00:10:00+00:00,1054,1182,129,42934.0,42768.0,0.0011828402799796134
USDCHF,12,2026-09-23T00:15:00+00:00,2026-09-23T07:00:00+00:00,1183,1264,82,21077.0,20784.0,0.0013762697001435953
USDCHF,13,2026-09-23T07:05:00+00:00,2026-09-23T12:35:00+00:00,1265,1331,67,22835.0,22752.0,0.0014714287451509378
USDCHF,14,2026-09-23T12:40:00+00:00,2026-09-23T16:35:00+00:00,1332,1379,48,29941.0,29904.0,0.001432699545907079
USDCHF,15,2026-09-23T16:40:00+00:00,2026-09-24T02:30:00+00:00,1380,1496,117,37674.0,37632.0,-0.0004484848484848092
USDCHF,16,2026-09-24T02:35:00+00:00,2026-09-24T07:35:00+00:00,1497,1557,61,24177.0,22992.0,0.002073833317163043
USDCHF,17,2026-09-24T07:40:00+00:00,2026-09-24T12:20:00+00:00,1558,1614,57,35869.0,35856.0,0.00025392986698924425
USDCHF,18,2026-09-24T12:25:00+00:00,2026-09-24T19:15:00+00:00,1615,1697,83,51033.0,50928.0,0.0013175389822313033
USDCHF,19,2026-09-24T19:20:00+00:00,2026-09-25T09:15:00+00:00,1698,1859,162,53109.0,52944.0,0.00038637543618169623
USDCHF,20,2026-09-25T09:20:00+00:00,2026-09-25T14:20:00+00:00,1860,1920,61,34438.0,33792.0,0.00031371034882177184
USDJPY,0,2026-09-17T06:15:00+00:00,2026-09-17T10:55:00+00:00,96,152,57,49795.0,49680.0,0.0002184893390053677
USDJPY,1,2026-09-17T11:00:00+00:00,2026-09-17T17:45:00+00:00,153,234,82,70133.0,70032.0,0.0019140476970409548
USDJPY,2,2026-09-17T17:50:00+00:00,2026-09-18T06:30:00+00:00,235,387,153,77819.0,77808.0,0.007147435897435939
USDJPY,3,2026-09-18T06:35:00+00:00,2026-09-18T12:10:00+00:00,388,455,68,62430.0,62256.0,0.004887765947291012
USDJPY,4,2026-09-18T12:15:00+00:00,2026-09-18T17:45:00+00:00,456,522,67,75960.0,75552.0,-0.0073860577075348655
USDJPY,5,2026-09-18T17:50:00+00:00,2026-09-21T06:40:00+00:00,523,676,154,92881.0,92784.0,0.0022147758097972314
USDJPY,6,2026-09-21T06:45:00+00:00,2026-09-21T14:40:00+00:00,677,772,96,62251.0,62016.0,0.0022413957782800864
USDJPY,7,2026-09-21T14:45:00+00:00,2026-09-22T03:00:00+00:00,773,920,148,61259.0,61152.0,0.00040012956576407355
USDJPY,8,2026-09-22T03:05:00+00:00,2026-09-22T08:20:00+00:00,921,984,64,36132.0,36000.0,0.0011745658867972075
USDJPY,9,2026-09-22T08:25:00+00:00,2026-09-22T13:05:00+00:00,985,1041,57,51185.0,51024.0,-0.002872706749275533
USDJPY,10,2026-09-22T13:10:00+00:00,2026-09-23T00:10:00+00:00,1042,1174,133,71625.0,71184.0,0.0016025131476029575
USDJPY,11,2026-09-23T00:15:00+00:00,2026-09-23T06:35:00+00:00,1175,1251,77,36585.0,36096.0,0.0007997410362359236
USDJPY,12,2026-09-23T06:40:00+00:00,2026-09-23T12:35:00+00:00,1252,1323,72,42796.0,42528.0,0.001839214591948135
USDJPY,13,2026-09-23T12:40:00+00:00,2026-09-23T17:15:00+00:00,1324,1379,56,54015.0,53760.0,0.0026209664655572062
USDJPY,14,2026-09-23T17:20:00+00:00,2026-09-24T03:05:00+00:00,1380,1497,118,66162.0,66000.0,-0.002829193742934777
USDJPY,15,2026-09-24T03:10:00+00:00,2026-09-24T07:50:00+00:00,1498,1554,57,42957.0,42240.0,0.0012346538853607036
USDJPY,16,2026-09-24T07:55:00+00:00,2026-09-24T15:15:00+00:00,1555,1643,89,73986.0,73248.0,0.0047784892136351065
USDJPY,17,2026-09-24T15:20:00+00:00,2026-09-25T02:25:00+00:00,1644,1777,134,81035.0,80160.0,-0.0035730461476523034
USDJPY,18,2026-09-25T02:30:00+00:00,2026-09-25T07:30:00+00:00,1778,1838,61,44472.0,43536.0,-0.0021204758448771788
USDJPY,19,2026-09-25T07:35:00+00:00,2026-09-25T12:55:00+00:00,1839,1903,65,60470.0,58848.0,-0.003895750722547997
