pair,variant,signal_close_utc,side,planned_rr,regime_state,regime_score,liquidity_score,quality_score,net_R_counterfactual,outcome,exit_reason
USDCAD,config_default,2026-09-14T18:45:00+00:00,LONG,1.5438596491227021,RANGE_CONTRACTION,0.057988357050443404,0.6782618144460943,0.430152431487834,1.4561403508770934,WIN,target
USDCHF,config_default,2026-09-14T20:45:00+00:00,SHORT,1.1620111731842961,RANGE_CONTRACTION,0.14153333333331866,0.6575839918565183,0.4511637284472384,-1.083798882681561,LOSS,stop
USDCAD,config_default,2026-09-15T15:15:00+00:00,LONG,0.36725663716806684,RANGE_CONTRACTION,0.4332460059187197,0.6000000000000001,0.5332984023674879,0.2951541850220461,WIN,target
USDCAD,config_default,2026-09-15T17:25:00+00:00,LONG,1.9342105263153666,RANGE_CONTRACTION,0.013461538461540853,0.6789473684210245,0.41275303643723105,1.7012987012988616,WIN,target
USDCAD,config_default,2026-09-15T23:05:00+00:00,LONG,0.2608695652173661,RANGE_CONTRACTION,0.2951219512195189,0.8500000000000001,0.6280487804878075,0.12068965517232366,WIN,target
USDCAD,config_default,2026-09-16T16:35:00+00:00,LONG,0.3888888888887861,RANGE_CONTRACTION,0.023399687743954026,0.6000000000000001,0.36935987509758167,0.29370629370625667,WIN,target
USDCAD,config_default,2026-09-16T17:05:00+00:00,LONG,0.09848484848482172,RANGE_CONTRACTION,0.28478527607361703,0.6555555555556336,0.5072474437628269,-0.01515151515154295,LOSS,target
EURUSD,eurusd_swing2_choch_or_bos,2026-09-21T02:00:00+00:00,SHORT,3.9166666666664356,RANGE_EXPANSION,0.6322786906973195,0.784957627118792,0.723886052550203,-1.2112676056338063,LOSS,stop
EURUSD,eurusd_swing3_choch_or_bos,2026-09-21T02:50:00+00:00,SHORT,2.1891891891894377,TRANSITION,0.4308033033949091,0.8353690228690184,0.6735427350793747,-1.1339285714285703,LOSS,stop
EURUSD,eurusd_swing2_choch_or_bos,2026-09-21T09:25:00+00:00,SHORT,3.0394736842101957,RANGE_EXPANSION,0.36305518225599875,0.7500000000000001,0.5952220729023996,-1.1973684210526072,LOSS,stop
EURUSD,eurusd_swing3_choch_or_bos,2026-09-21T09:50:00+00:00,SHORT,2.4494382022471126,RANGE_CONTRACTION,0.14500749716805622,0.720877847362884,0.4905297072849529,-1.170454545454547,LOSS,stop
USDCAD,config_default,2026-09-22T00:00:00+00:00,LONG,0.8412698412698357,RANGE_CONTRACTION,0.06224755150283398,0.6244670090262625,0.39957922601689105,0.6290322580646512,WIN,target
AUDUSD,config_default,2026-09-22T11:10:00+00:00,SHORT,1.333333333333282,RANGE_CONTRACTION,0.2830882352941182,0.7359417344174426,0.5548003347681129,1.2447552447552956,WIN,target
EURUSD,eurusd_swing2_choch_or_bos,2026-09-22T12:40:00+00:00,SHORT,1.5664739884392922,RANGE_CONTRACTION,0.12671750459733308,0.725201319330922,0.4858077934374865,1.4655172413792041,WIN,target
EURUSD,eurusd_swing2_choch_or_bos,2026-09-22T13:25:00+00:00,SHORT,1.3124999999999567,TRANSITION,0.49488230943932887,0.6374999999999972,0.5804529237757299,1.232704402515462,WIN,target
USDJPY,config_default,2026-09-22T13:45:00+00:00,SHORT,0.6742957746478402,RANGE_EXPANSION,0.3937089869871673,0.8185773480663683,0.6486300036346879,-1.0002645502645502,LOSS,stop
EURUSD,eurusd_swing3_choch_or_bos,2026-09-22T14:15:00+00:00,SHORT,0.8048780487804111,RANGE_EXPANSION,0.6921859169198554,0.6036585365853608,0.6390694887191587,0.731707317073098,WIN,target
USDJPY,config_default,2026-09-22T19:35:00+00:00,SHORT,1.3647416413373048,RANGE_CONTRACTION,0.367731919846633,0.8909827760891538,0.6816824335921454,-1.0004573170731708,LOSS,stop
AUDUSD,config_default,2026-09-22T20:30:00+00:00,SHORT,4.820512820512784,TRANSITION,0.17409684717564922,0.7500000000000001,0.5196387388702598,4.435897435897401,WIN,target
GBPUSD,gbpusd_swing2_choch_only,2026-09-22T21:05:00+00:00,SHORT,0.6507936507936172,RANGE_CONTRACTION,0.06644000000000648,0.6000000000000001,0.38657600000000264,0.56346749225999,WIN,target
EURUSD,eurusd_swing2_choch_or_bos,2026-09-22T22:50:00+00:00,SHORT,1.8876404494379724,RANGE_CONTRACTION,0.03251231527093263,0.775227942530754,0.47814169162682546,1.7191011235952867,WIN,target
EURUSD,eurusd_swing3_choch_or_bos,2026-09-23T01:05:00+00:00,SHORT,1.6494845360826653,RANGE_EXPANSION,0.7614457831325319,0.663059695144846,0.7024141303399203,1.4693877551020493,WIN,target
USDCAD,config_default,2026-09-23T11:20:00+00:00,LONG,0.37623762376243935,TRANSITION,0.44409472494975666,0.6769836272039992,0.5838280663023022,0.21568627450978134,WIN,target
USDCAD,config_default,2026-09-24T21:50:00+00:00,LONG,0.6774193548387212,RANGE_CONTRACTION,0.009151831389358586,0.7280737704917859,0.44050499485081496,0.5564516129032284,WIN,target
