instrument,symbol,side,signal_time,entry_time,entry,stop,equilibrium,target,exit_time,exit_price,exit_reason,r_multiple,htf_purge_time,liquidity_level,candles_between
EURUSD,EURUSD=X,SHORT,2026-09-24T05:10:00+00:00,2026-09-24T05:10:00+00:00,1.1386927366256714,1.1389749098944664,1.1381098628044128,1.1375269889831543,2026-09-24T06:05:00+00:00,1.1386927366256714,BREAKEVEN,1.032829622287929,2026-09-24T02:00:00+00:00,1.1388224363327026,2
EURUSD,EURUSD=X,SHORT,2026-09-24T14:40:00+00:00,2026-09-24T14:40:00+00:00,1.1376564502716064,1.137938125977516,1.137204110622406,1.1364928483963013,2026-09-24T14:50:00+00:00,1.137938125977516,STOP,-1.0,2026-09-24T12:00:00+00:00,1.1377859115600586,2
GBPUSD,GBPUSD=X,SHORT,2026-09-21T10:45:00+00:00,2026-09-21T10:45:00+00:00,1.3382940292358398,1.3385357294654847,1.3376498818397522,1.3369520902633667,2026-09-21T11:15:00+00:00,1.3385357294654847,STOP,-1.0,2026-09-21T08:00:00+00:00,1.3384193181991577,3
GBPUSD,GBPUSD=X,LONG,2026-09-21T20:55:00+00:00,2026-09-21T20:55:00+00:00,1.3369340896606445,1.3367286562538148,1.3371755480766296,1.337524175643921,2026-09-21T21:00:00+00:00,1.3367286562538148,STOP,-1.0,2026-09-21T18:00:00+00:00,1.336844801902771,4
GBPUSD,GBPUSD=X,SHORT,2026-09-22T03:05:00+00:00,2026-09-22T03:05:00+00:00,1.3374348878860474,1.3376404505181312,1.336952030658722,1.3367732763290405,2026-09-22T03:15:00+00:00,1.3376404505181312,STOP,-1.0,2026-09-22T00:00:00+00:00,1.3374885320663452,4
GBPUSD,GBPUSD=X,LONG,2026-09-22T19:00:00+00:00,2026-09-22T19:00:00+00:00,1.3335288763046265,1.3332710589146615,1.3343591690063477,1.3363088369369507,2026-09-23T01:10:00+00:00,1.3335288763046265,BREAKEVEN,1.6102340921105311,2026-09-22T16:00:00+00:00,1.3334933519363403,2
GBPUSD,GBPUSD=X,LONG,2026-09-23T23:10:00+00:00,2026-09-23T23:10:00+00:00,1.3242402076721191,1.3241435085964204,1.3246791362762451,1.325398564338684,2026-09-23T23:15:00+00:00,1.3241435085964204,STOP,-1.0,2026-09-23T20:00:00+00:00,1.3242051601409912,2
GBPUSD,GBPUSD=X,SHORT,2026-09-24T07:20:00+00:00,2026-09-24T07:20:00+00:00,1.3244507312774658,1.3246175296258926,1.3235310912132263,1.322558879852295,2026-09-24T07:25:00+00:00,1.3246175296258926,STOP,-1.0,2026-09-24T04:00:00+00:00,1.3245735168457031,3
GBPUSD,GBPUSD=X,LONG,2026-09-24T09:20:00+00:00,2026-09-24T09:20:00+00:00,1.3234690427780151,1.3229348610329628,1.323942482471466,1.3245209455490112,2026-09-24T09:35:00+00:00,1.3229348610329628,STOP,-1.0,2026-09-24T06:00:00+00:00,1.3231364488601685,3
GBPUSD,GBPUSD=X,SHORT,2026-09-25T02:45:00+00:00,2026-09-25T02:45:00+00:00,1.3215800523757935,1.3218335776734351,1.3214929103851318,1.321038842201233,2026-09-25T05:05:00+00:00,1.3215800523757935,BREAKEVEN,0.17186054305473714,2026-09-25T00:00:00+00:00,1.3217896223068237,4
GBPUSD,GBPUSD=X,SHORT,2026-09-25T19:15:00+00:00,2026-09-25T19:15:00+00:00,1.3253107070922852,1.3254427135276794,1.3241974711418152,1.3229963779449463,2026-09-25T19:35:00+00:00,1.3254427135276794,STOP,-1.0,2026-09-25T16:00:00+00:00,1.3253283500671387,2
GBPUSD,GBPUSD=X,LONG,2026-09-28T02:50:00+00:00,2026-09-28T02:50:00+00:00,1.3243980407714844,1.3242312434768677,1.324863314628601,1.325468897819519,2026-09-28T03:35:00+00:00,1.3242312434768677,STOP,-1.0,2026-09-28T00:00:00+00:00,1.3243454694747925,5
GBPUSD,GBPUSD=X,SHORT,2026-09-29T23:20:00+00:00,2026-09-29T23:20:00+00:00,1.3227863311767578,1.322952738609314,1.3225071430206299,1.321562647819519,2026-09-29T23:45:00+00:00,1.322952738609314,STOP,-1.0,2026-09-29T20:00:00+00:00,1.3228563070297241,3
GBPUSD,GBPUSD=X,LONG,2026-09-30T00:55:00+00:00,2026-09-30T00:55:00+00:00,1.3229438066482544,1.3226199205946922,1.323040246963501,1.3234690427780151,2026-09-30T01:00:00+00:00,1.3226199205946922,STOP,-1.0,2026-09-29T22:00:00+00:00,1.3227338790893555,4
GBPUSD,GBPUSD=X,SHORT,2026-09-30T03:05:00+00:00,2026-09-30T03:05:00+00:00,1.323328971862793,1.3235130331230163,1.3228476643562317,1.322558879852295,2026-09-30T04:10:00+00:00,1.322558879852295,TARGET,3.3994103798407824,2026-09-30T00:00:00+00:00,1.3234516382217407,2
GBPUSD,GBPUSD=X,LONG,2026-09-30T18:50:00+00:00,2026-09-30T18:50:00+00:00,1.326189637184143,1.3259871604800224,1.327961027622223,1.3293806314468384,2026-09-30T19:05:00+00:00,1.3259871604800224,STOP,-1.0,2026-09-30T16:00:00+00:00,1.326119303703308,2
GBPUSD,GBPUSD=X,SHORT,2026-10-01T22:40:00+00:00,2026-10-01T22:40:00+00:00,1.3194352388381958,1.3196531968712806,1.3190529942512512,1.3181308507919312,2026-10-01T22:45:00+00:00,1.3196531968712806,STOP,-1.0,2026-10-01T20:00:00+00:00,1.319487452507019,2
GBPUSD,GBPUSD=X,SHORT,2026-10-02T07:40:00+00:00,2026-10-02T07:40:00+00:00,1.321038842201233,1.3214143077778817,1.3200194239616394,1.3190349340438843,2026-10-02T07:55:00+00:00,1.3214143077778817,STOP,-1.0,2026-10-02T04:00:00+00:00,1.3213706016540527,2
USDJPY,USDJPY=X,LONG,2026-09-21T01:50:00+00:00,2026-09-21T01:50:00+00:00,156.66400146484375,156.61094033377512,156.76050567626953,156.92300415039062,2026-09-21T01:55:00+00:00,156.61094033377512,STOP,-1.0,2026-09-18T18:00:00+00:00,156.64500427246094,5
USDJPY,USDJPY=X,SHORT,2026-09-21T03:55:00+00:00,2026-09-21T03:55:00+00:00,156.94400024414062,156.97713790344238,156.69249725341797,156.59500122070312,2026-09-21T04:00:00+00:00,156.97713790344238,STOP,-1.0,2026-09-21T00:00:00+00:00,156.95599365234375,3
USDJPY,USDJPY=X,LONG,2026-09-22T20:40:00+00:00,2026-09-22T20:40:00+00:00,157.3719940185547,157.34084670074463,157.47949981689453,157.60400390625,2026-09-22T21:00:00+00:00,157.34084670074463,STOP,-1.0,2026-09-22T18:00:00+00:00,157.36599731445312,2
USDJPY,USDJPY=X,SHORT,2026-09-24T09:45:00+00:00,2026-09-24T09:45:00+00:00,158.7449951171875,158.77808767046247,158.04149627685547,157.83799743652344,2026-09-24T09:55:00+00:00,158.77808767046247,STOP,-1.0,2026-09-24T06:00:00+00:00,158.7469940185547,2
USDJPY,USDJPY=X,LONG,2026-09-24T23:50:00+00:00,2026-09-24T23:50:00+00:00,158.81300354003906,158.76182312957764,158.89350128173828,159.02999877929688,2026-09-25T00:00:00+00:00,158.76182312957764,STOP,-1.0,2026-09-24T20:00:00+00:00,158.79100036621094,2
USDJPY,USDJPY=X,LONG,2026-09-25T00:50:00+00:00,2026-09-25T00:50:00+00:00,158.697998046875,158.6768187158203,158.8404998779297,158.947998046875,2026-09-25T00:55:00+00:00,158.6768187158203,STOP,-1.0,2026-09-24T22:00:00+00:00,158.6959991455078,2
USDJPY,USDJPY=X,LONG,2026-09-25T19:15:00+00:00,2026-09-25T19:15:00+00:00,157.1820068359375,157.11186185302734,157.2354965209961,157.4720001220703,2026-09-27T23:00:00+00:00,157.4720001220703,TARGET,2.44837875027575,2026-09-25T16:00:00+00:00,157.12399291992188,4
USDJPY,USDJPY=X,SHORT,2026-09-28T20:45:00+00:00,2026-09-28T20:45:00+00:00,157.39500427246094,157.41315156219483,157.21749877929688,156.98899841308594,2026-09-28T21:00:00+00:00,157.41315156219483,STOP,-1.0,2026-09-28T18:00:00+00:00,157.40899658203125,4
USDJPY,USDJPY=X,LONG,2026-09-29T03:20:00+00:00,2026-09-29T03:20:00+00:00,157.28900146484375,157.19583004542758,157.3665008544922,157.4409942626953,2026-09-29T04:00:00+00:00,157.4409942626953,TARGET,1.2315589315803748,2026-09-29T00:00:00+00:00,157.27499389648438,6
USDJPY,USDJPY=X,LONG,2026-09-29T08:40:00+00:00,2026-09-29T08:40:00+00:00,157.4199981689453,157.37944564819335,157.43499755859375,157.55599975585938,2026-09-29T08:50:00+00:00,157.4199981689453,BREAKEVEN,0.18493782100725495,2026-09-29T06:00:00+00:00,157.4029998779297,4
USDJPY,USDJPY=X,SHORT,2026-09-30T06:40:00+00:00,2026-09-30T06:40:00+00:00,156.90199279785156,157.05158636910573,156.63150024414062,156.3699951171875,2026-09-30T09:05:00+00:00,157.05158636910573,STOP,-1.0,2026-09-30T04:00:00+00:00,156.97900390625,5
USDJPY,USDJPY=X,SHORT,2026-10-01T08:55:00+00:00,2026-10-01T08:55:00+00:00,158.37899780273438,158.43780228751046,158.25049591064453,158.0989990234375,2026-10-01T09:50:00+00:00,158.43780228751046,STOP,-1.0,2026-10-01T06:00:00+00:00,158.38999938964844,4
GOLD,GC=F,LONG,2026-09-23T17:05:00+00:00,2026-09-23T17:05:00+00:00,4319.7998046875,4311.290356445313,4336.449951171875,4355.60009765625,2026-09-23T17:40:00+00:00,4311.290356445313,STOP,-1.0,2026-09-23T14:00:00+00:00,4318.10009765625,6
GOLD,GC=F,LONG,2026-09-23T20:35:00+00:00,2026-09-23T20:35:00+00:00,4320.2998046875,4318.442239815849,4324.14990234375,4335.0,2026-09-23T23:40:00+00:00,4320.2998046875,BREAKEVEN,1.0363292596147968,2026-09-23T16:00:00+00:00,4319.5,5
GOLD,GC=F,SHORT,2026-09-23T23:55:00+00:00,2026-09-23T23:55:00+00:00,4323.7998046875,4327.035618373326,4320.35009765625,4310.7001953125,2026-09-24T00:00:00+00:00,4327.035618373326,STOP,-1.0,2026-09-23T18:00:00+00:00,4325.10009765625,4
GOLD,GC=F,SHORT,2026-09-24T18:55:00+00:00,2026-09-24T18:55:00+00:00,4307.10009765625,4312.699543108259,4293.949951171875,4279.5,2026-09-24T22:00:00+00:00,4312.699543108259,STOP,-1.0,2026-09-24T16:00:00+00:00,4308.10009765625,6
GOLD,GC=F,LONG,2026-09-25T16:50:00+00:00,2026-09-25T16:50:00+00:00,4320.2001953125,4316.911226981027,4326.949951171875,4345.2998046875,2026-09-25T17:25:00+00:00,4320.2001953125,BREAKEVEN,1.026120530681925,2026-09-25T14:00:00+00:00,4319.7998046875,4
GOLD,GC=F,SHORT,2026-09-25T19:15:00+00:00,2026-09-25T19:15:00+00:00,4327.7998046875,4332.619541713169,4307.900146484375,4289.2001953125,2026-09-28T00:00:00+00:00,4289.2001953125,TARGET,6.0687198561419855,2026-09-25T16:00:00+00:00,4330.10009765625,2
GOLD,GC=F,SHORT,2026-09-29T05:10:00+00:00,2026-09-29T05:10:00+00:00,4159.7998046875,4161.732245744977,4156.900146484375,4145.2001953125,2026-09-29T05:15:00+00:00,4161.732245744977,STOP,-1.0,2026-09-29T02:00:00+00:00,4160.2001953125,2
GOLD,GC=F,SHORT,2026-09-29T10:50:00+00:00,2026-09-29T10:50:00+00:00,4183.39990234375,4184.86733921596,4174.14990234375,4167.39990234375,2026-09-29T10:55:00+00:00,4184.86733921596,STOP,-1.0,2026-09-29T08:00:00+00:00,4183.5,2
GOLD,GC=F,SHORT,2026-09-29T15:00:00+00:00,2026-09-29T15:00:00+00:00,4199.89990234375,4204.197403390067,4184.349853515625,4175.39990234375,2026-09-29T17:45:00+00:00,4175.39990234375,TARGET,4.659690410366375,2026-09-29T12:00:00+00:00,4201.10009765625,3
GOLD,GC=F,SHORT,2026-09-30T07:25:00+00:00,2026-09-30T07:25:00+00:00,4226.7998046875,4233.43733782087,4209.35009765625,4202.7001953125,2026-09-30T08:20:00+00:00,4233.43733782087,STOP,-1.0,2026-09-30T04:00:00+00:00,4229.7998046875,2
GOLD,GC=F,LONG,2026-09-30T18:50:00+00:00,2026-09-30T18:50:00+00:00,4183.2001953125,4181.346067592076,4198.550048828125,4215.0,2026-09-30T18:55:00+00:00,4181.346067592076,STOP,-1.0,2026-09-30T16:00:00+00:00,4182.60009765625,3
GOLD,GC=F,SHORT,2026-10-01T19:20:00+00:00,2026-10-01T19:20:00+00:00,4208.39990234375,4209.623474121094,4192.14990234375,4179.5,2026-10-01T19:50:00+00:00,4209.623474121094,STOP,-1.0,2026-10-01T16:00:00+00:00,4208.60009765625,2
