portfolio,cycle_event_id,cycle_end_utc,trigger_pair,trigger_cycle_id,equity,cycle_return_pct
adaptive,1,2026-09-03T04:15:00+00:00,USDCHF,0,1.0,0.0
adaptive,2,2026-09-03T05:45:00+00:00,USDJPY,0,1.0,0.0
adaptive,3,2026-09-03T06:50:00+00:00,NZDUSD,0,1.0,0.0
adaptive,4,2026-09-03T07:45:00+00:00,AUDUSD,0,1.0,0.0
adaptive,5,2026-09-03T08:00:00+00:00,USDCHF,1,1.0,0.0
adaptive,6,2026-09-03T08:05:00+00:00,EURUSD,0,1.0,0.0
adaptive,7,2026-09-03T08:35:00+00:00,GBPUSD,0,1.0,0.0
adaptive,8,2026-09-03T08:50:00+00:00,USDCAD,0,1.0,0.0
adaptive,9,2026-09-03T11:05:00+00:00,USDJPY,1,1.0,0.0
adaptive,10,2026-09-03T12:30:00+00:00,NZDUSD,1,1.0,0.0
adaptive,11,2026-09-03T12:55:00+00:00,EURUSD,1,1.0,0.0
adaptive,12,2026-09-03T13:20:00+00:00,AUDUSD,1,1.0,0.0
adaptive,13,2026-09-03T13:20:00+00:00,USDCHF,2,1.0,0.0
adaptive,14,2026-09-03T13:45:00+00:00,GBPUSD,1,1.0,0.0
adaptive,15,2026-09-03T14:20:00+00:00,USDCAD,1,1.0,0.0
adaptive,16,2026-09-03T15:30:00+00:00,USDJPY,2,1.0,0.0
adaptive,17,2026-09-03T21:20:00+00:00,NZDUSD,2,1.0,0.0
adaptive,18,2026-09-03T23:30:00+00:00,EURUSD,2,1.0,0.0
adaptive,19,2026-09-04T00:10:00+00:00,AUDUSD,2,1.0,0.0
adaptive,20,2026-09-04T01:25:00+00:00,USDCHF,3,1.0,0.0
adaptive,21,2026-09-04T01:55:00+00:00,GBPUSD,2,1.0,0.0
adaptive,22,2026-09-04T05:55:00+00:00,NZDUSD,3,1.0,0.0
adaptive,23,2026-09-04T05:55:00+00:00,USDJPY,3,1.0,0.0
adaptive,24,2026-09-04T06:05:00+00:00,AUDUSD,3,1.0,0.0
adaptive,25,2026-09-04T06:05:00+00:00,USDCAD,2,1.0,0.0
adaptive,26,2026-09-04T06:25:00+00:00,EURUSD,3,1.0,0.0
adaptive,27,2026-09-04T07:45:00+00:00,USDCHF,4,1.0131250000000056,1.3125000000005604
adaptive,28,2026-09-04T08:20:00+00:00,GBPUSD,3,1.0131250000000056,0.0
adaptive,29,2026-09-04T10:35:00+00:00,USDJPY,4,1.0131250000000056,0.0
adaptive,30,2026-09-04T11:30:00+00:00,EURUSD,4,1.0131250000000056,0.0
adaptive,31,2026-09-04T12:00:00+00:00,USDCAD,3,1.0131250000000056,0.0
adaptive,32,2026-09-04T12:20:00+00:00,AUDUSD,4,1.0131250000000056,0.0
adaptive,33,2026-09-04T12:25:00+00:00,NZDUSD,4,1.0131250000000056,0.0
adaptive,34,2026-09-04T13:00:00+00:00,GBPUSD,4,1.0131250000000056,0.0
adaptive,35,2026-09-04T13:05:00+00:00,USDCHF,5,1.0131250000000056,0.0
adaptive,36,2026-09-04T14:05:00+00:00,EURUSD,5,1.0131250000000056,0.0
adaptive,37,2026-09-04T14:05:00+00:00,USDCAD,4,1.0131250000000056,0.0
adaptive,38,2026-09-04T14:50:00+00:00,AUDUSD,5,1.0131250000000056,0.0
adaptive,39,2026-09-04T14:50:00+00:00,USDJPY,5,1.0131250000000056,0.0
adaptive,40,2026-09-04T15:05:00+00:00,NZDUSD,5,1.0131250000000056,0.0
adaptive,41,2026-09-04T17:25:00+00:00,USDCHF,6,1.0131250000000056,0.0
adaptive,42,2026-09-04T18:50:00+00:00,GBPUSD,5,1.0131250000000056,0.0
adaptive,43,2026-09-06T21:30:00+00:00,USDCAD,5,1.0107854123711397,-0.23092783505153092
adaptive,44,2026-09-06T23:35:00+00:00,EURUSD,6,1.0107854123711397,0.0
adaptive,45,2026-09-07T01:45:00+00:00,NZDUSD,6,1.0107854123711397,0.0
adaptive,46,2026-09-07T01:55:00+00:00,AUDUSD,6,1.0107854123711397,0.0
adaptive,47,2026-09-07T04:55:00+00:00,USDJPY,6,1.010969465834288,0.018208955223886214
adaptive,48,2026-09-07T06:50:00+00:00,EURUSD,7,1.010969465834288,0.0
adaptive,49,2026-09-07T07:10:00+00:00,NZDUSD,7,1.010969465834288,0.0
adaptive,50,2026-09-07T07:30:00+00:00,AUDUSD,7,1.010969465834288,0.0
adaptive,51,2026-09-07T08:30:00+00:00,USDJPY,7,1.0104672852610113,-0.04967316919530784
adaptive,52,2026-09-07T08:35:00+00:00,USDCAD,6,1.0104672852610113,0.0
adaptive,53,2026-09-07T08:40:00+00:00,USDCHF,7,1.0104672852610113,0.0
adaptive,54,2026-09-07T10:05:00+00:00,GBPUSD,6,1.0104672852610113,0.0
adaptive,55,2026-09-07T10:15:00+00:00,EURUSD,8,1.0104672852610113,0.0
adaptive,56,2026-09-07T13:15:00+00:00,NZDUSD,8,1.0104672852610113,0.0
adaptive,57,2026-09-07T14:15:00+00:00,AUDUSD,8,1.0104672852610113,0.0
adaptive,58,2026-09-07T15:10:00+00:00,USDJPY,8,1.0104672852610113,0.0
adaptive,59,2026-09-07T17:15:00+00:00,USDCHF,8,1.0104672852610113,0.0
adaptive,60,2026-09-07T17:55:00+00:00,USDCAD,7,1.0104672852610113,0.0
adaptive,61,2026-09-07T22:30:00+00:00,EURUSD,9,1.0104672852610113,0.0
adaptive,62,2026-09-07T23:15:00+00:00,GBPUSD,7,1.0104672852610113,0.0
adaptive,63,2026-09-08T00:35:00+00:00,EURUSD,10,1.0104672852610113,0.0
adaptive,64,2026-09-08T01:15:00+00:00,GBPUSD,8,1.0104672852610113,0.0
adaptive,65,2026-09-08T02:20:00+00:00,EURUSD,11,1.0104672852610113,0.0
adaptive,66,2026-09-08T02:20:00+00:00,NZDUSD,9,1.0104672852610113,0.0
adaptive,67,2026-09-08T02:55:00+00:00,AUDUSD,9,1.0104672852610113,0.0
adaptive,68,2026-09-08T03:00:00+00:00,GBPUSD,9,1.0104672852610113,0.0
adaptive,69,2026-09-08T03:15:00+00:00,USDCAD,8,1.0104672852610113,0.0
adaptive,70,2026-09-08T04:45:00+00:00,USDCHF,9,1.0104672852610113,0.0
adaptive,71,2026-09-08T04:50:00+00:00,USDJPY,9,1.0104672852610113,0.0
adaptive,72,2026-09-08T05:20:00+00:00,NZDUSD,10,1.0104672852610113,0.0
adaptive,73,2026-09-08T05:25:00+00:00,EURUSD,12,1.0104672852610113,0.0
adaptive,74,2026-09-08T06:35:00+00:00,GBPUSD,10,1.0104672852610113,0.0
adaptive,75,2026-09-08T06:40:00+00:00,AUDUSD,10,1.0104672852610113,0.0
adaptive,76,2026-09-08T07:05:00+00:00,USDCAD,9,1.0104672852610113,0.0
adaptive,77,2026-09-08T08:55:00+00:00,USDCHF,10,1.0104672852610113,0.0
adaptive,78,2026-09-08T09:25:00+00:00,EURUSD,13,1.0104672852610113,0.0
adaptive,79,2026-09-08T09:30:00+00:00,USDJPY,10,1.0104672852610113,0.0
adaptive,80,2026-09-08T09:55:00+00:00,NZDUSD,11,1.0104672852610113,0.0
adaptive,81,2026-09-08T11:50:00+00:00,GBPUSD,11,1.0104672852610113,0.0
adaptive,82,2026-09-08T12:25:00+00:00,USDCAD,10,1.0104672852610113,0.0
adaptive,83,2026-09-08T13:00:00+00:00,AUDUSD,11,1.0104672852610113,0.0
adaptive,84,2026-09-08T15:05:00+00:00,EURUSD,14,1.0104672852610113,0.0
adaptive,85,2026-09-08T15:05:00+00:00,USDCHF,11,1.0104672852610113,0.0
adaptive,86,2026-09-08T17:15:00+00:00,NZDUSD,12,1.0104672852610113,0.0
adaptive,87,2026-09-08T17:50:00+00:00,USDJPY,11,1.0104672852610113,0.0
adaptive,88,2026-09-08T19:20:00+00:00,GBPUSD,12,1.0104672852610113,0.0
adaptive,89,2026-09-08T20:30:00+00:00,USDCAD,11,1.0104672852610113,0.0
adaptive,90,2026-09-09T00:05:00+00:00,AUDUSD,12,1.0104672852610113,0.0
adaptive,91,2026-09-09T04:15:00+00:00,USDJPY,12,1.0104672852610113,0.0
adaptive,92,2026-09-09T05:15:00+00:00,AUDUSD,13,1.0104672852610113,0.0
adaptive,93,2026-09-09T06:25:00+00:00,USDCHF,12,1.0104672852610113,0.0
adaptive,94,2026-09-09T07:05:00+00:00,NZDUSD,13,1.0104672852610113,0.0
adaptive,95,2026-09-09T07:35:00+00:00,EURUSD,15,1.0104672852610113,0.0
adaptive,96,2026-09-09T08:05:00+00:00,GBPUSD,13,1.0104672852610113,0.0
adaptive,97,2026-09-09T09:10:00+00:00,USDJPY,13,1.0104672852610113,0.0
adaptive,98,2026-09-09T10:30:00+00:00,AUDUSD,14,1.0104672852610113,0.0
adaptive,99,2026-09-09T10:45:00+00:00,USDCAD,12,1.0104672852610113,0.0
adaptive,100,2026-09-09T11:30:00+00:00,USDCHF,13,1.0104672852610113,0.0
adaptive,101,2026-09-09T11:50:00+00:00,EURUSD,16,1.0104672852610113,0.0
adaptive,102,2026-09-09T12:20:00+00:00,NZDUSD,14,1.0104672852610113,0.0
adaptive,103,2026-09-09T13:25:00+00:00,GBPUSD,14,1.0104672852610113,0.0
adaptive,104,2026-09-09T15:15:00+00:00,AUDUSD,15,1.0104672852610113,0.0
adaptive,105,2026-09-09T15:15:00+00:00,USDCAD,13,1.0104672852610113,0.0
adaptive,106,2026-09-09T15:35:00+00:00,USDCHF,14,1.0104672852610113,0.0
adaptive,107,2026-09-09T16:00:00+00:00,USDJPY,14,1.0104672852610113,0.0
adaptive,108,2026-09-09T16:20:00+00:00,EURUSD,17,1.0104672852610113,0.0
adaptive,109,2026-09-09T16:40:00+00:00,NZDUSD,15,1.0104672852610113,0.0
adaptive,110,2026-09-09T21:35:00+00:00,GBPUSD,15,1.0104672852610113,0.0
adaptive,111,2026-09-10T04:35:00+00:00,USDCAD,14,1.010236043709192,-0.02288461538461073
adaptive,112,2026-09-10T04:45:00+00:00,AUDUSD,16,1.010236043709192,0.0
adaptive,113,2026-09-10T05:30:00+00:00,USDCHF,15,1.010236043709192,0.0
adaptive,114,2026-09-10T07:25:00+00:00,USDJPY,15,1.010236043709192,0.0
adaptive,115,2026-09-10T08:10:00+00:00,GBPUSD,16,1.010236043709192,0.0
adaptive,116,2026-09-10T08:50:00+00:00,NZDUSD,16,1.010236043709192,0.0
adaptive,117,2026-09-10T09:20:00+00:00,USDCAD,15,1.010236043709192,0.0
adaptive,118,2026-09-10T09:25:00+00:00,EURUSD,18,1.010236043709192,0.0
adaptive,119,2026-09-10T09:50:00+00:00,AUDUSD,17,1.010236043709192,0.0
adaptive,120,2026-09-10T10:35:00+00:00,USDCHF,16,1.010236043709192,0.0
adaptive,121,2026-09-10T12:30:00+00:00,USDJPY,16,1.010236043709192,0.0
adaptive,122,2026-09-10T12:50:00+00:00,EURUSD,19,1.010236043709192,0.0
adaptive,123,2026-09-10T12:55:00+00:00,GBPUSD,17,1.010236043709192,0.0
adaptive,124,2026-09-10T13:00:00+00:00,USDCAD,16,1.010236043709192,0.0
adaptive,125,2026-09-10T13:10:00+00:00,AUDUSD,18,1.010236043709192,0.0
adaptive,126,2026-09-10T13:10:00+00:00,NZDUSD,17,1.010236043709192,0.0
adaptive,127,2026-09-10T13:50:00+00:00,USDCHF,17,1.010236043709192,0.0
adaptive,128,2026-09-10T15:50:00+00:00,EURUSD,20,1.010236043709192,0.0
adaptive,129,2026-09-10T17:10:00+00:00,USDCAD,17,1.010236043709192,0.0
adaptive,130,2026-09-10T17:15:00+00:00,AUDUSD,19,1.010236043709192,0.0
adaptive,131,2026-09-10T17:20:00+00:00,NZDUSD,18,1.010236043709192,0.0
adaptive,132,2026-09-10T17:45:00+00:00,GBPUSD,18,1.010236043709192,0.0
adaptive,133,2026-09-10T18:30:00+00:00,USDJPY,17,1.010236043709192,0.0
adaptive,134,2026-09-10T19:40:00+00:00,USDCHF,18,1.010236043709192,0.0
adaptive,135,2026-09-11T05:35:00+00:00,NZDUSD,19,1.010236043709192,0.0
adaptive,136,2026-09-11T06:10:00+00:00,EURUSD,21,1.010236043709192,0.0
adaptive,137,2026-09-11T06:15:00+00:00,AUDUSD,20,1.010236043709192,0.0
adaptive,138,2026-09-11T06:40:00+00:00,USDCAD,18,1.010236043709192,0.0
adaptive,139,2026-09-11T06:45:00+00:00,USDJPY,18,1.010236043709192,0.0
adaptive,140,2026-09-11T07:30:00+00:00,GBPUSD,19,1.010236043709192,0.0
adaptive,141,2026-09-11T08:45:00+00:00,USDCHF,19,1.010236043709192,0.0
adaptive,142,2026-09-11T11:25:00+00:00,EURUSD,22,1.010236043709192,0.0
adaptive,143,2026-09-11T12:05:00+00:00,NZDUSD,20,1.010236043709192,0.0
adaptive,144,2026-09-11T12:20:00+00:00,USDCAD,19,1.010236043709192,0.0
adaptive,145,2026-09-11T12:40:00+00:00,AUDUSD,21,1.010236043709192,0.0
adaptive,146,2026-09-11T12:50:00+00:00,USDJPY,19,1.010236043709192,0.0
adaptive,147,2026-09-11T13:10:00+00:00,GBPUSD,20,1.010236043709192,0.0
adaptive,148,2026-09-11T13:45:00+00:00,USDCHF,20,1.010236043709192,0.0
adaptive,149,2026-09-11T14:30:00+00:00,EURUSD,23,1.010236043709192,0.0
adaptive,150,2026-09-11T15:55:00+00:00,NZDUSD,21,1.010236043709192,0.0
adaptive,151,2026-09-11T16:05:00+00:00,USDCAD,20,1.010236043709192,0.0
adaptive,152,2026-09-11T17:00:00+00:00,AUDUSD,22,1.010236043709192,0.0
adaptive,153,2026-09-11T20:00:00+00:00,GBPUSD,21,1.010236043709192,0.0
adaptive,154,2026-09-13T22:55:00+00:00,USDJPY,20,1.010236043709192,0.0
adaptive,155,2026-09-14T00:00:00+00:00,USDCHF,21,1.010236043709192,0.0
adaptive,156,2026-09-14T00:50:00+00:00,EURUSD,24,1.010236043709192,0.0
adaptive,157,2026-09-14T04:45:00+00:00,USDJPY,21,1.010236043709192,0.0
adaptive,158,2026-09-14T06:15:00+00:00,NZDUSD,22,1.010236043709192,0.0
adaptive,159,2026-09-14T06:40:00+00:00,EURUSD,25,1.010236043709192,0.0
adaptive,160,2026-09-14T06:45:00+00:00,USDCHF,22,1.010236043709192,0.0
adaptive,161,2026-09-14T07:05:00+00:00,AUDUSD,23,1.010236043709192,0.0
adaptive,162,2026-09-14T07:55:00+00:00,USDCAD,21,1.010236043709192,0.0
adaptive,163,2026-09-14T08:25:00+00:00,GBPUSD,22,1.010236043709192,0.0
adaptive,164,2026-09-14T10:50:00+00:00,USDJPY,22,1.010236043709192,0.0
adaptive,165,2026-09-14T11:00:00+00:00,EURUSD,26,1.010236043709192,0.0
adaptive,166,2026-09-14T11:45:00+00:00,NZDUSD,23,1.010236043709192,0.0
adaptive,167,2026-09-14T12:30:00+00:00,USDCHF,23,1.010236043709192,0.0
adaptive,168,2026-09-14T13:30:00+00:00,AUDUSD,24,1.010236043709192,0.0
adaptive,169,2026-09-14T13:40:00+00:00,USDCAD,22,1.010236043709192,0.0
adaptive,170,2026-09-14T14:10:00+00:00,GBPUSD,23,1.010236043709192,0.0
adaptive,171,2026-09-14T16:15:00+00:00,EURUSD,27,1.010236043709192,0.0
adaptive,172,2026-09-14T16:45:00+00:00,NZDUSD,24,1.010236043709192,0.0
adaptive,173,2026-09-14T16:50:00+00:00,USDJPY,23,1.010236043709192,0.0
adaptive,174,2026-09-14T18:55:00+00:00,USDCHF,24,1.010236043709192,0.0
adaptive,175,2026-09-14T20:45:00+00:00,AUDUSD,25,1.010236043709192,0.0
adaptive,176,2026-09-15T00:00:00+00:00,USDCAD,23,1.010236043709192,0.0
adaptive,177,2026-09-15T01:30:00+00:00,GBPUSD,24,1.010236043709192,0.0
adaptive,178,2026-09-15T06:00:00+00:00,USDCAD,24,1.010236043709192,0.0
adaptive,179,2026-09-15T06:50:00+00:00,USDJPY,24,1.010236043709192,0.0
adaptive,180,2026-09-15T07:45:00+00:00,NZDUSD,25,1.010236043709192,0.0
adaptive,181,2026-09-15T08:00:00+00:00,GBPUSD,25,1.010236043709192,0.0
adaptive,182,2026-09-15T08:50:00+00:00,USDCHF,25,1.010236043709192,0.0
adaptive,183,2026-09-15T09:00:00+00:00,AUDUSD,26,1.010236043709192,0.0
adaptive,184,2026-09-15T09:15:00+00:00,EURUSD,28,1.010236043709192,0.0
adaptive,185,2026-09-15T11:15:00+00:00,USDCAD,25,1.010236043709192,0.0
adaptive,186,2026-09-15T11:50:00+00:00,USDJPY,25,1.010236043709192,0.0
adaptive,187,2026-09-15T13:40:00+00:00,GBPUSD,26,1.010236043709192,0.0
adaptive,188,2026-09-15T14:05:00+00:00,NZDUSD,26,1.010236043709192,0.0
adaptive,189,2026-09-15T14:25:00+00:00,EURUSD,29,1.0100170651701086,-0.021675977653634604
adaptive,190,2026-09-15T14:30:00+00:00,USDCHF,26,1.0100170651701086,0.0
adaptive,191,2026-09-15T15:00:00+00:00,AUDUSD,27,1.0100170651701086,0.0
adaptive,192,2026-09-15T17:05:00+00:00,USDCAD,26,1.0100170651701086,0.0
adaptive,193,2026-09-15T20:45:00+00:00,USDJPY,26,1.0100170651701086,0.0
adaptive,194,2026-09-16T00:45:00+00:00,GBPUSD,27,1.0129585183774459,0.29122807017540886
adaptive,195,2026-09-16T01:25:00+00:00,NZDUSD,27,1.0129585183774459,0.0
adaptive,196,2026-09-16T03:00:00+00:00,EURUSD,30,1.0129585183774459,0.0
adaptive,197,2026-09-16T03:45:00+00:00,USDCHF,27,1.0129585183774459,0.0
adaptive,198,2026-09-16T06:00:00+00:00,USDJPY,27,1.0129585183774459,0.0
adaptive,199,2026-09-16T06:05:00+00:00,AUDUSD,28,1.0129585183774459,0.0
adaptive,200,2026-09-16T07:05:00+00:00,NZDUSD,28,1.0129585183774459,0.0
adaptive,201,2026-09-16T07:30:00+00:00,GBPUSD,28,1.0129585183774459,0.0
adaptive,202,2026-09-16T07:35:00+00:00,USDCAD,27,1.0129585183774459,0.0
adaptive,203,2026-09-16T08:15:00+00:00,EURUSD,31,1.0129585183774459,0.0
adaptive,204,2026-09-16T09:30:00+00:00,USDCHF,28,1.0129585183774459,0.0
adaptive,205,2026-09-16T11:20:00+00:00,USDJPY,28,1.0129585183774459,0.0
adaptive,206,2026-09-16T12:40:00+00:00,GBPUSD,29,1.0129585183774459,0.0
adaptive,207,2026-09-16T12:50:00+00:00,AUDUSD,29,1.0129585183774459,0.0
adaptive,208,2026-09-16T12:50:00+00:00,EURUSD,32,1.0129585183774459,0.0
adaptive,209,2026-09-16T13:10:00+00:00,USDCAD,28,1.0129585183774459,0.0
adaptive,210,2026-09-16T13:25:00+00:00,NZDUSD,29,1.0129585183774459,0.0
adaptive,211,2026-09-16T15:45:00+00:00,USDCHF,29,1.0129585183774459,0.0
adaptive,212,2026-09-16T18:00:00+00:00,USDJPY,29,1.0129585183774459,0.0
adaptive,213,2026-09-16T18:05:00+00:00,AUDUSD,30,1.0129585183774459,0.0
adaptive,214,2026-09-16T18:20:00+00:00,GBPUSD,30,1.0129585183774459,0.0
adaptive,215,2026-09-16T18:25:00+00:00,EURUSD,33,1.0129585183774459,0.0
adaptive,216,2026-09-16T18:30:00+00:00,NZDUSD,30,1.0129585183774459,0.0
adaptive,217,2026-09-16T18:35:00+00:00,USDCAD,29,1.0129585183774459,0.0
adaptive,218,2026-09-16T19:25:00+00:00,USDCHF,30,1.0129585183774459,0.0
adaptive,219,2026-09-16T20:20:00+00:00,AUDUSD,31,1.0129585183774459,0.0
adaptive,220,2026-09-17T00:55:00+00:00,USDJPY,30,1.0129585183774459,0.0
adaptive,221,2026-09-17T01:20:00+00:00,NZDUSD,31,1.0129585183774459,0.0
adaptive,222,2026-09-17T01:40:00+00:00,EURUSD,34,1.0129585183774459,0.0
adaptive,223,2026-09-17T01:50:00+00:00,USDCAD,30,1.0129585183774459,0.0
adaptive,224,2026-09-17T04:10:00+00:00,USDCHF,31,1.0129585183774459,0.0
adaptive,225,2026-09-17T04:15:00+00:00,GBPUSD,31,1.0129585183774459,0.0
adaptive,226,2026-09-17T07:00:00+00:00,AUDUSD,32,1.0129585183774459,0.0
adaptive,227,2026-09-17T07:20:00+00:00,USDJPY,31,1.0129585183774459,0.0
adaptive,228,2026-09-17T09:25:00+00:00,NZDUSD,32,1.0129585183774459,0.0
adaptive,229,2026-09-17T09:40:00+00:00,EURUSD,35,1.0129585183774459,0.0
adaptive,230,2026-09-17T09:50:00+00:00,GBPUSD,32,1.0129585183774459,0.0
adaptive,231,2026-09-17T10:25:00+00:00,USDCAD,31,1.0129585183774459,0.0
adaptive,232,2026-09-17T10:35:00+00:00,USDCHF,32,1.0129585183774459,0.0
adaptive,233,2026-09-17T13:05:00+00:00,USDJPY,32,1.0129585183774459,0.0
adaptive,234,2026-09-17T13:20:00+00:00,AUDUSD,33,1.0129585183774459,0.0
adaptive,235,2026-09-17T13:55:00+00:00,EURUSD,36,1.0129585183774459,0.0
adaptive,236,2026-09-17T14:00:00+00:00,GBPUSD,33,1.0129585183774459,0.0
adaptive,237,2026-09-17T14:30:00+00:00,NZDUSD,33,1.0129585183774459,0.0
adaptive,238,2026-09-17T14:55:00+00:00,USDCHF,33,1.0129585183774459,0.0
adaptive,239,2026-09-17T16:00:00+00:00,USDCAD,32,1.0129585183774459,0.0
adaptive,240,2026-09-18T00:45:00+00:00,AUDUSD,34,1.0129585183774459,0.0
adaptive,241,2026-09-18T02:20:00+00:00,GBPUSD,34,1.0129585183774459,0.0
adaptive,242,2026-09-18T03:05:00+00:00,EURUSD,37,1.0129585183774459,0.0
adaptive,243,2026-09-18T03:10:00+00:00,NZDUSD,34,1.0129585183774459,0.0
adaptive,244,2026-09-18T03:10:00+00:00,USDJPY,33,1.0129585183774459,0.0
adaptive,245,2026-09-18T04:00:00+00:00,USDCHF,34,1.0129585183774459,0.0
adaptive,246,2026-09-18T04:05:00+00:00,AUDUSD,35,1.0129585183774459,0.0
adaptive,247,2026-09-18T05:30:00+00:00,USDCAD,33,1.0129585183774459,0.0
adaptive,248,2026-09-18T06:35:00+00:00,USDJPY,34,1.0129585183774459,0.0
adaptive,249,2026-09-18T06:50:00+00:00,GBPUSD,35,1.0129585183774459,0.0
adaptive,250,2026-09-18T07:00:00+00:00,EURUSD,38,1.0129585183774459,0.0
adaptive,251,2026-09-18T07:10:00+00:00,NZDUSD,35,1.0129585183774459,0.0
adaptive,252,2026-09-18T08:55:00+00:00,USDCHF,35,1.0129585183774459,0.0
adaptive,253,2026-09-18T09:30:00+00:00,AUDUSD,36,1.0129585183774459,0.0
adaptive,254,2026-09-18T10:20:00+00:00,USDCAD,34,1.0129585183774459,0.0
adaptive,255,2026-09-18T11:35:00+00:00,EURUSD,39,1.0129585183774459,0.0
adaptive,256,2026-09-18T12:05:00+00:00,GBPUSD,36,1.0129585183774459,0.0
adaptive,257,2026-09-18T12:20:00+00:00,USDJPY,35,1.0129585183774459,0.0
adaptive,258,2026-09-18T12:55:00+00:00,NZDUSD,36,1.0129585183774459,0.0
adaptive,259,2026-09-18T14:50:00+00:00,AUDUSD,37,1.0129585183774459,0.0
adaptive,260,2026-09-18T15:10:00+00:00,USDCHF,36,1.0129585183774459,0.0
adaptive,261,2026-09-18T15:50:00+00:00,USDCAD,35,1.0129585183774459,0.0
adaptive,262,2026-09-18T16:30:00+00:00,EURUSD,40,1.0129585183774459,0.0
adaptive,263,2026-09-18T18:00:00+00:00,USDJPY,36,1.0129585183774459,0.0
adaptive,264,2026-09-18T18:15:00+00:00,GBPUSD,37,1.0129585183774459,0.0
adaptive,265,2026-09-20T22:55:00+00:00,NZDUSD,37,1.0129585183774459,0.0
adaptive,266,2026-09-21T05:20:00+00:00,AUDUSD,38,1.0129585183774459,0.0
adaptive,267,2026-09-21T05:30:00+00:00,USDCHF,37,1.0129585183774459,0.0
adaptive,268,2026-09-21T06:20:00+00:00,USDCAD,36,1.0129585183774459,0.0
adaptive,269,2026-09-21T06:55:00+00:00,USDJPY,37,1.0129585183774459,0.0
adaptive,270,2026-09-21T07:05:00+00:00,NZDUSD,38,1.0129585183774459,0.0
adaptive,271,2026-09-21T09:40:00+00:00,EURUSD,41,1.0129585183774459,0.0
adaptive,272,2026-09-21T10:15:00+00:00,GBPUSD,38,1.0129585183774459,0.0
adaptive,273,2026-09-21T10:55:00+00:00,AUDUSD,39,1.0129585183774459,0.0
adaptive,274,2026-09-21T11:15:00+00:00,USDCHF,38,1.0129585183774459,0.0
adaptive,275,2026-09-21T11:30:00+00:00,USDCAD,37,1.0129585183774459,0.0
adaptive,276,2026-09-21T12:55:00+00:00,NZDUSD,39,1.0121078058319266,-0.08398295982365855
adaptive,277,2026-09-21T14:30:00+00:00,EURUSD,42,1.0121078058319266,0.0
adaptive,278,2026-09-21T14:50:00+00:00,USDJPY,38,1.0121078058319266,0.0
adaptive,279,2026-09-21T15:05:00+00:00,AUDUSD,40,1.0121078058319266,0.0
adaptive,280,2026-09-21T15:10:00+00:00,USDCHF,39,1.0121078058319266,0.0
adaptive,281,2026-09-21T15:25:00+00:00,GBPUSD,39,1.0121078058319266,0.0
adaptive,282,2026-09-21T16:55:00+00:00,USDCAD,38,1.0121078058319266,0.0
adaptive,283,2026-09-21T19:30:00+00:00,NZDUSD,40,1.0121078058319266,0.0
adaptive,284,2026-09-22T02:55:00+00:00,AUDUSD,41,1.0121078058319266,0.0
adaptive,285,2026-09-22T03:25:00+00:00,USDJPY,39,1.0121078058319266,0.0
adaptive,286,2026-09-22T03:40:00+00:00,GBPUSD,40,1.0121078058319266,0.0
adaptive,287,2026-09-22T04:25:00+00:00,USDCHF,40,1.0121078058319266,0.0
adaptive,288,2026-09-22T05:00:00+00:00,EURUSD,43,1.0121078058319266,0.0
adaptive,289,2026-09-22T05:30:00+00:00,NZDUSD,41,1.0121078058319266,0.0
adaptive,290,2026-09-22T05:45:00+00:00,USDCAD,39,1.0121078058319266,0.0
adaptive,291,2026-09-22T06:10:00+00:00,AUDUSD,42,1.0121078058319266,0.0
adaptive,292,2026-09-22T08:15:00+00:00,EURUSD,44,1.0121078058319266,0.0
adaptive,293,2026-09-22T08:25:00+00:00,GBPUSD,41,1.0121078058319266,0.0
adaptive,294,2026-09-22T08:30:00+00:00,USDJPY,40,1.0121078058319266,0.0
adaptive,295,2026-09-22T08:40:00+00:00,USDCHF,41,1.0121078058319266,0.0
adaptive,296,2026-09-22T08:50:00+00:00,USDCAD,40,1.0121078058319266,0.0
adaptive,297,2026-09-22T09:15:00+00:00,NZDUSD,42,1.0121078058319266,0.0
adaptive,298,2026-09-22T10:25:00+00:00,AUDUSD,43,1.0121078058319266,0.0
adaptive,299,2026-09-22T10:55:00+00:00,EURUSD,45,1.0121078058319266,0.0
adaptive,300,2026-09-22T12:25:00+00:00,USDCHF,42,1.0121078058319266,0.0
adaptive,301,2026-09-22T12:50:00+00:00,GBPUSD,42,1.0121078058319266,0.0
adaptive,302,2026-09-22T13:25:00+00:00,USDJPY,41,1.0121078058319266,0.0
adaptive,303,2026-09-22T14:20:00+00:00,USDCAD,41,1.0121078058319266,0.0
adaptive,304,2026-09-22T14:30:00+00:00,NZDUSD,43,1.0121078058319266,0.0
adaptive,305,2026-09-22T16:15:00+00:00,EURUSD,46,1.0132472378428352,0.11258010306243182
adaptive,306,2026-09-22T16:55:00+00:00,AUDUSD,44,1.0132472378428352,0.0
adaptive,307,2026-09-22T19:30:00+00:00,USDCHF,43,1.0132472378428352,0.0
adaptive,308,2026-09-22T23:55:00+00:00,GBPUSD,43,1.0132472378428352,0.0
adaptive,309,2026-09-23T00:45:00+00:00,USDJPY,42,1.0132472378428352,0.0
adaptive,310,2026-09-23T02:15:00+00:00,USDCAD,42,1.0132472378428352,0.0
adaptive,311,2026-09-23T06:30:00+00:00,NZDUSD,44,1.0135956127358463,0.034382022471901585
adaptive,312,2026-09-23T06:35:00+00:00,GBPUSD,44,1.0135956127358463,0.0
adaptive,313,2026-09-23T07:10:00+00:00,USDJPY,43,1.0140698048097356,0.046783161640706616
adaptive,314,2026-09-23T07:45:00+00:00,USDCAD,43,1.0140698048097356,0.0
adaptive,315,2026-09-23T09:00:00+00:00,EURUSD,47,1.0140698048097356,0.0
adaptive,316,2026-09-23T09:20:00+00:00,AUDUSD,45,1.0140698048097356,0.0
adaptive,317,2026-09-23T10:50:00+00:00,USDCHF,44,1.0140698048097356,0.0
adaptive,318,2026-09-23T11:05:00+00:00,GBPUSD,45,1.0140698048097356,0.0
adaptive,319,2026-09-23T12:05:00+00:00,NZDUSD,45,1.0140698048097356,0.0
adaptive,320,2026-09-23T13:20:00+00:00,EURUSD,48,1.0140698048097356,0.0
adaptive,321,2026-09-23T13:25:00+00:00,USDJPY,44,1.0140698048097356,0.0
adaptive,322,2026-09-23T13:45:00+00:00,USDCAD,44,1.0140698048097356,0.0
adaptive,323,2026-09-23T14:15:00+00:00,AUDUSD,46,1.0140698048097356,0.0
adaptive,324,2026-09-23T14:50:00+00:00,USDCHF,45,1.0140698048097356,0.0
adaptive,325,2026-09-23T15:45:00+00:00,GBPUSD,46,1.0140698048097356,0.0
adaptive,326,2026-09-23T16:05:00+00:00,NZDUSD,46,1.0140698048097356,0.0
adaptive,327,2026-09-23T17:55:00+00:00,EURUSD,49,1.0140698048097356,0.0
adaptive,328,2026-09-23T18:05:00+00:00,USDJPY,45,1.0140698048097356,0.0
adaptive,329,2026-09-23T19:20:00+00:00,USDCAD,45,1.0140698048097356,0.0
adaptive,330,2026-09-23T22:20:00+00:00,AUDUSD,47,1.0140698048097356,0.0
adaptive,331,2026-09-24T00:20:00+00:00,USDCHF,46,1.0140698048097356,0.0
adaptive,332,2026-09-24T03:25:00+00:00,NZDUSD,47,1.0140698048097356,0.0
adaptive,333,2026-09-24T04:20:00+00:00,GBPUSD,47,1.0140698048097356,0.0
adaptive,334,2026-09-24T05:10:00+00:00,USDJPY,46,1.0140698048097356,0.0
adaptive,335,2026-09-24T05:35:00+00:00,AUDUSD,48,1.0140698048097356,0.0
adaptive,336,2026-09-24T05:45:00+00:00,USDCHF,47,1.0140698048097356,0.0
adaptive,337,2026-09-24T07:30:00+00:00,NZDUSD,48,1.0140698048097356,0.0
adaptive,338,2026-09-24T07:35:00+00:00,EURUSD,50,1.0140698048097356,0.0
adaptive,339,2026-09-24T08:15:00+00:00,GBPUSD,48,1.0140698048097356,0.0
adaptive,340,2026-09-24T09:00:00+00:00,USDCAD,46,1.0140698048097356,0.0
adaptive,341,2026-09-24T09:00:00+00:00,USDCHF,48,1.0140698048097356,0.0
adaptive,342,2026-09-24T10:05:00+00:00,AUDUSD,49,1.0140698048097356,0.0
adaptive,343,2026-09-24T10:25:00+00:00,USDJPY,47,1.0140698048097356,0.0
adaptive,344,2026-09-24T11:30:00+00:00,EURUSD,51,1.0140698048097356,0.0
adaptive,345,2026-09-24T12:45:00+00:00,NZDUSD,49,1.0140698048097356,0.0
adaptive,346,2026-09-24T13:25:00+00:00,GBPUSD,49,1.0140698048097356,0.0
adaptive,347,2026-09-24T15:00:00+00:00,USDCHF,49,1.0140698048097356,0.0
adaptive,348,2026-09-24T15:10:00+00:00,USDCAD,47,1.0140698048097356,0.0
adaptive,349,2026-09-24T15:45:00+00:00,AUDUSD,50,1.0140698048097356,0.0
adaptive,350,2026-09-24T17:20:00+00:00,USDJPY,48,1.0140698048097356,0.0
adaptive,351,2026-09-24T18:00:00+00:00,EURUSD,52,1.0140698048097356,0.0
adaptive,352,2026-09-24T18:25:00+00:00,NZDUSD,50,1.0140698048097356,0.0
adaptive,353,2026-09-24T21:40:00+00:00,GBPUSD,50,1.0140698048097356,0.0
adaptive,354,2026-09-25T03:00:00+00:00,USDCHF,50,1.0140698048097356,0.0
adaptive,355,2026-09-25T03:05:00+00:00,USDCAD,48,1.0140698048097356,0.0
adaptive,356,2026-09-25T06:00:00+00:00,USDJPY,49,1.0140698048097356,0.0
adaptive,357,2026-09-25T06:05:00+00:00,AUDUSD,51,1.0140698048097356,0.0
adaptive,358,2026-09-25T08:25:00+00:00,USDCAD,49,1.0140698048097356,0.0
adaptive,359,2026-09-25T09:25:00+00:00,USDCHF,51,1.0140698048097356,0.0
adaptive,360,2026-09-25T09:50:00+00:00,EURUSD,53,1.0140698048097356,0.0
adaptive,361,2026-09-25T10:30:00+00:00,USDJPY,50,1.0140698048097356,0.0
adaptive,362,2026-09-25T11:00:00+00:00,AUDUSD,52,1.0140698048097356,0.0
adaptive,363,2026-09-25T11:30:00+00:00,GBPUSD,51,1.0140698048097356,0.0
adaptive,364,2026-09-25T11:40:00+00:00,NZDUSD,51,1.0140698048097356,0.0
adaptive,365,2026-09-25T13:35:00+00:00,USDCAD,50,1.0140698048097356,0.0
adaptive,366,2026-09-25T14:30:00+00:00,EURUSD,54,1.0140698048097356,0.0
adaptive,367,2026-09-25T14:35:00+00:00,USDCHF,52,1.0140698048097356,0.0
adaptive,368,2026-09-25T15:35:00+00:00,AUDUSD,53,1.0140698048097356,0.0
adaptive,369,2026-09-25T16:00:00+00:00,NZDUSD,52,1.0140698048097356,0.0
adaptive,370,2026-09-25T16:15:00+00:00,USDJPY,51,1.0140698048097356,0.0
adaptive,371,2026-09-25T16:20:00+00:00,GBPUSD,52,1.0140698048097356,0.0
equal_weight,1,2026-09-03T04:15:00+00:00,USDCHF,0,1.0,0.0
equal_weight,2,2026-09-03T05:45:00+00:00,USDJPY,0,1.0,0.0
equal_weight,3,2026-09-03T06:50:00+00:00,NZDUSD,0,1.0,0.0
equal_weight,4,2026-09-03T07:45:00+00:00,AUDUSD,0,1.0,0.0
equal_weight,5,2026-09-03T08:00:00+00:00,USDCHF,1,1.0,0.0
equal_weight,6,2026-09-03T08:05:00+00:00,EURUSD,0,1.0,0.0
equal_weight,7,2026-09-03T08:35:00+00:00,GBPUSD,0,1.0,0.0
equal_weight,8,2026-09-03T08:50:00+00:00,USDCAD,0,1.0,0.0
equal_weight,9,2026-09-03T11:05:00+00:00,USDJPY,1,1.0,0.0
equal_weight,10,2026-09-03T12:30:00+00:00,NZDUSD,1,1.0,0.0
equal_weight,11,2026-09-03T12:55:00+00:00,EURUSD,1,1.0,0.0
equal_weight,12,2026-09-03T13:20:00+00:00,AUDUSD,1,1.0,0.0
equal_weight,13,2026-09-03T13:20:00+00:00,USDCHF,2,1.0,0.0
equal_weight,14,2026-09-03T13:45:00+00:00,GBPUSD,1,1.0,0.0
equal_weight,15,2026-09-03T14:20:00+00:00,USDCAD,1,1.0,0.0
equal_weight,16,2026-09-03T15:30:00+00:00,USDJPY,2,1.0,0.0
equal_weight,17,2026-09-03T21:20:00+00:00,NZDUSD,2,1.0,0.0
equal_weight,18,2026-09-03T23:30:00+00:00,EURUSD,2,1.0,0.0
equal_weight,19,2026-09-04T00:10:00+00:00,AUDUSD,2,1.0,0.0
equal_weight,20,2026-09-04T01:25:00+00:00,USDCHF,3,1.0,0.0
equal_weight,21,2026-09-04T01:55:00+00:00,GBPUSD,2,1.0,0.0
equal_weight,22,2026-09-04T05:55:00+00:00,NZDUSD,3,1.0,0.0
equal_weight,23,2026-09-04T05:55:00+00:00,USDJPY,3,1.0,0.0
equal_weight,24,2026-09-04T06:05:00+00:00,AUDUSD,3,1.0,0.0
equal_weight,25,2026-09-04T06:05:00+00:00,USDCAD,2,1.0,0.0
equal_weight,26,2026-09-04T06:25:00+00:00,EURUSD,3,1.0,0.0
equal_weight,27,2026-09-04T07:45:00+00:00,USDCHF,4,1.004687500000002,0.4687500000001954
equal_weight,28,2026-09-04T08:20:00+00:00,GBPUSD,3,1.004687500000002,0.0
equal_weight,29,2026-09-04T10:35:00+00:00,USDJPY,4,1.004687500000002,0.0
equal_weight,30,2026-09-04T11:30:00+00:00,EURUSD,4,1.004687500000002,0.0
equal_weight,31,2026-09-04T12:00:00+00:00,USDCAD,3,1.004687500000002,0.0
equal_weight,32,2026-09-04T12:20:00+00:00,AUDUSD,4,1.004687500000002,0.0
equal_weight,33,2026-09-04T12:25:00+00:00,NZDUSD,4,1.004687500000002,0.0
equal_weight,34,2026-09-04T13:00:00+00:00,GBPUSD,4,1.004687500000002,0.0
equal_weight,35,2026-09-04T13:05:00+00:00,USDCHF,5,1.004687500000002,0.0
equal_weight,36,2026-09-04T14:05:00+00:00,EURUSD,5,1.004687500000002,0.0
equal_weight,37,2026-09-04T14:05:00+00:00,USDCAD,4,1.004687500000002,0.0
equal_weight,38,2026-09-04T14:50:00+00:00,AUDUSD,5,1.004687500000002,0.0
equal_weight,39,2026-09-04T14:50:00+00:00,USDJPY,5,1.004687500000002,0.0
equal_weight,40,2026-09-04T15:05:00+00:00,NZDUSD,5,1.004687500000002,0.0
equal_weight,41,2026-09-04T17:25:00+00:00,USDCHF,6,1.004687500000002,0.0
equal_weight,42,2026-09-04T18:50:00+00:00,GBPUSD,5,1.004687500000002,0.0
equal_weight,43,2026-09-06T21:30:00+00:00,USDCAD,5,1.0038588917525793,-0.08247422680413008
equal_weight,44,2026-09-06T23:35:00+00:00,EURUSD,6,1.0038588917525793,0.0
equal_weight,45,2026-09-07T01:45:00+00:00,NZDUSD,6,1.0038588917525793,0.0
equal_weight,46,2026-09-07T01:55:00+00:00,AUDUSD,6,1.0038588917525793,0.0
equal_weight,47,2026-09-07T04:55:00+00:00,USDJPY,6,1.00451172109583,0.06503198294245394
equal_weight,48,2026-09-07T06:50:00+00:00,EURUSD,7,1.00451172109583,0.0
equal_weight,49,2026-09-07T07:10:00+00:00,NZDUSD,7,1.00451172109583,0.0
equal_weight,50,2026-09-07T07:30:00+00:00,AUDUSD,7,1.00451172109583,0.0
equal_weight,51,2026-09-07T08:30:00+00:00,USDJPY,7,1.0019580470779375,-0.2542204301117401
equal_weight,52,2026-09-07T08:35:00+00:00,USDCAD,6,1.0019580470779375,0.0
equal_weight,53,2026-09-07T08:40:00+00:00,USDCHF,7,1.0019580470779375,0.0
equal_weight,54,2026-09-07T10:05:00+00:00,GBPUSD,6,1.0019580470779375,0.0
equal_weight,55,2026-09-07T10:15:00+00:00,EURUSD,8,1.0019580470779375,0.0
equal_weight,56,2026-09-07T13:15:00+00:00,NZDUSD,8,1.0019580470779375,0.0
equal_weight,57,2026-09-07T14:15:00+00:00,AUDUSD,8,1.0019580470779375,0.0
equal_weight,58,2026-09-07T15:10:00+00:00,USDJPY,8,1.0019580470779375,0.0
equal_weight,59,2026-09-07T17:15:00+00:00,USDCHF,8,1.0019580470779375,0.0
equal_weight,60,2026-09-07T17:55:00+00:00,USDCAD,7,1.0019580470779375,0.0
equal_weight,61,2026-09-07T22:30:00+00:00,EURUSD,9,1.0019580470779375,0.0
equal_weight,62,2026-09-07T23:15:00+00:00,GBPUSD,7,1.0019580470779375,0.0
equal_weight,63,2026-09-08T00:35:00+00:00,EURUSD,10,1.0019580470779375,0.0
equal_weight,64,2026-09-08T01:15:00+00:00,GBPUSD,8,1.0019580470779375,0.0
equal_weight,65,2026-09-08T02:20:00+00:00,EURUSD,11,1.0019580470779375,0.0
equal_weight,66,2026-09-08T02:20:00+00:00,NZDUSD,9,1.0019580470779375,0.0
equal_weight,67,2026-09-08T02:55:00+00:00,AUDUSD,9,1.0019580470779375,0.0
equal_weight,68,2026-09-08T03:00:00+00:00,GBPUSD,9,1.0019580470779375,0.0
equal_weight,69,2026-09-08T03:15:00+00:00,USDCAD,8,1.0019580470779375,0.0
equal_weight,70,2026-09-08T04:45:00+00:00,USDCHF,9,1.0019580470779375,0.0
equal_weight,71,2026-09-08T04:50:00+00:00,USDJPY,9,1.0019580470779375,0.0
equal_weight,72,2026-09-08T05:20:00+00:00,NZDUSD,10,1.0019580470779375,0.0
equal_weight,73,2026-09-08T05:25:00+00:00,EURUSD,12,1.0019580470779375,0.0
equal_weight,74,2026-09-08T06:35:00+00:00,GBPUSD,10,1.0019580470779375,0.0
equal_weight,75,2026-09-08T06:40:00+00:00,AUDUSD,10,1.0019580470779375,0.0
equal_weight,76,2026-09-08T07:05:00+00:00,USDCAD,9,1.0019580470779375,0.0
equal_weight,77,2026-09-08T08:55:00+00:00,USDCHF,10,1.0019580470779375,0.0
equal_weight,78,2026-09-08T09:25:00+00:00,EURUSD,13,1.0019580470779375,0.0
equal_weight,79,2026-09-08T09:30:00+00:00,USDJPY,10,1.0019580470779375,0.0
equal_weight,80,2026-09-08T09:55:00+00:00,NZDUSD,11,1.0019580470779375,0.0
equal_weight,81,2026-09-08T11:50:00+00:00,GBPUSD,11,1.0004311259912912,-0.15239371459705442
equal_weight,82,2026-09-08T12:25:00+00:00,USDCAD,10,1.0004311259912912,0.0
equal_weight,83,2026-09-08T13:00:00+00:00,AUDUSD,11,1.0004311259912912,0.0
equal_weight,84,2026-09-08T15:05:00+00:00,EURUSD,14,1.0004311259912912,0.0
equal_weight,85,2026-09-08T15:05:00+00:00,USDCHF,11,1.0004311259912912,0.0
equal_weight,86,2026-09-08T17:15:00+00:00,NZDUSD,12,0.9997157441750952,-0.07150735294118027
equal_weight,87,2026-09-08T17:50:00+00:00,USDJPY,11,0.9997157441750952,0.0
equal_weight,88,2026-09-08T19:20:00+00:00,GBPUSD,12,1.001640270599403,0.19250736377025568
equal_weight,89,2026-09-08T20:30:00+00:00,USDCAD,11,1.001640270599403,0.0
equal_weight,90,2026-09-09T00:05:00+00:00,AUDUSD,12,1.0024044516857,0.0762929675181434
equal_weight,91,2026-09-09T04:15:00+00:00,USDJPY,12,1.0024044516857,0.0
equal_weight,92,2026-09-09T05:15:00+00:00,AUDUSD,13,1.0024044516857,0.0
equal_weight,93,2026-09-09T06:25:00+00:00,USDCHF,12,1.0024044516857,0.0
equal_weight,94,2026-09-09T07:05:00+00:00,NZDUSD,13,1.0024044516857,0.0
equal_weight,95,2026-09-09T07:35:00+00:00,EURUSD,15,1.0024044516857,0.0
equal_weight,96,2026-09-09T08:05:00+00:00,GBPUSD,13,1.0024044516857,0.0
equal_weight,97,2026-09-09T09:10:00+00:00,USDJPY,13,1.0024044516857,0.0
equal_weight,98,2026-09-09T10:30:00+00:00,AUDUSD,14,1.0024044516857,0.0
equal_weight,99,2026-09-09T10:45:00+00:00,USDCAD,12,1.0024044516857,0.0
equal_weight,100,2026-09-09T11:30:00+00:00,USDCHF,13,1.0024044516857,0.0
equal_weight,101,2026-09-09T11:50:00+00:00,EURUSD,16,1.0024044516857,0.0
equal_weight,102,2026-09-09T12:20:00+00:00,NZDUSD,14,1.0024044516857,0.0
equal_weight,103,2026-09-09T13:25:00+00:00,GBPUSD,14,1.0024044516857,0.0
equal_weight,104,2026-09-09T15:15:00+00:00,AUDUSD,15,1.0015981960042721,-0.08043217286914928
equal_weight,105,2026-09-09T15:15:00+00:00,USDCAD,13,1.0015981960042721,0.0
equal_weight,106,2026-09-09T15:35:00+00:00,USDCHF,14,1.0015981960042721,0.0
equal_weight,107,2026-09-09T16:00:00+00:00,USDJPY,14,1.0015981960042721,0.0
equal_weight,108,2026-09-09T16:20:00+00:00,EURUSD,17,1.0015981960042721,0.0
equal_weight,109,2026-09-09T16:40:00+00:00,NZDUSD,15,1.0015981960042721,0.0
equal_weight,110,2026-09-09T21:35:00+00:00,GBPUSD,15,1.0015981960042721,0.0
equal_weight,111,2026-09-10T04:35:00+00:00,USDCAD,14,1.0007795820940764,-0.08173076923077005
equal_weight,112,2026-09-10T04:45:00+00:00,AUDUSD,16,1.0007795820940764,0.0
equal_weight,113,2026-09-10T05:30:00+00:00,USDCHF,15,1.0007795820940764,0.0
equal_weight,114,2026-09-10T07:25:00+00:00,USDJPY,15,1.0007795820940764,0.0
equal_weight,115,2026-09-10T08:10:00+00:00,GBPUSD,16,1.0007795820940764,0.0
equal_weight,116,2026-09-10T08:50:00+00:00,NZDUSD,16,1.0007795820940764,0.0
equal_weight,117,2026-09-10T09:20:00+00:00,USDCAD,15,1.0007795820940764,0.0
equal_weight,118,2026-09-10T09:25:00+00:00,EURUSD,18,1.0007795820940764,0.0
equal_weight,119,2026-09-10T09:50:00+00:00,AUDUSD,17,1.0007795820940764,0.0
equal_weight,120,2026-09-10T10:35:00+00:00,USDCHF,16,1.0007795820940764,0.0
equal_weight,121,2026-09-10T12:30:00+00:00,USDJPY,16,1.0007795820940764,0.0
equal_weight,122,2026-09-10T12:50:00+00:00,EURUSD,19,1.0007795820940764,0.0
equal_weight,123,2026-09-10T12:55:00+00:00,GBPUSD,17,1.0007795820940764,0.0
equal_weight,124,2026-09-10T13:00:00+00:00,USDCAD,16,1.0007795820940764,0.0
equal_weight,125,2026-09-10T13:10:00+00:00,AUDUSD,18,1.0007795820940764,0.0
equal_weight,126,2026-09-10T13:10:00+00:00,NZDUSD,17,1.0007795820940764,0.0
equal_weight,127,2026-09-10T13:50:00+00:00,USDCHF,17,1.0007795820940764,0.0
equal_weight,128,2026-09-10T15:50:00+00:00,EURUSD,20,1.0007795820940764,0.0
equal_weight,129,2026-09-10T17:10:00+00:00,USDCAD,17,1.0007795820940764,0.0
equal_weight,130,2026-09-10T17:15:00+00:00,AUDUSD,19,1.0007795820940764,0.0
equal_weight,131,2026-09-10T17:20:00+00:00,NZDUSD,18,1.0007795820940764,0.0
equal_weight,132,2026-09-10T17:45:00+00:00,GBPUSD,18,1.0007795820940764,0.0
equal_weight,133,2026-09-10T18:30:00+00:00,USDJPY,17,1.0007795820940764,0.0
equal_weight,134,2026-09-10T19:40:00+00:00,USDCHF,18,1.0007795820940764,0.0
equal_weight,135,2026-09-11T05:35:00+00:00,NZDUSD,19,1.0007795820940764,0.0
equal_weight,136,2026-09-11T06:10:00+00:00,EURUSD,21,1.0007795820940764,0.0
equal_weight,137,2026-09-11T06:15:00+00:00,AUDUSD,20,1.0007795820940764,0.0
equal_weight,138,2026-09-11T06:40:00+00:00,USDCAD,18,1.0007795820940764,0.0
equal_weight,139,2026-09-11T06:45:00+00:00,USDJPY,18,1.0007795820940764,0.0
equal_weight,140,2026-09-11T07:30:00+00:00,GBPUSD,19,1.0007795820940764,0.0
equal_weight,141,2026-09-11T08:45:00+00:00,USDCHF,19,1.0007795820940764,0.0
equal_weight,142,2026-09-11T11:25:00+00:00,EURUSD,22,1.0007795820940764,0.0
equal_weight,143,2026-09-11T12:05:00+00:00,NZDUSD,20,1.0007795820940764,0.0
equal_weight,144,2026-09-11T12:20:00+00:00,USDCAD,19,1.0007795820940764,0.0
equal_weight,145,2026-09-11T12:40:00+00:00,AUDUSD,21,1.0015399560258766,0.07597816196542873
equal_weight,146,2026-09-11T12:50:00+00:00,USDJPY,19,1.0015399560258766,0.0
equal_weight,147,2026-09-11T13:10:00+00:00,GBPUSD,20,1.0015399560258766,0.0
equal_weight,148,2026-09-11T13:45:00+00:00,USDCHF,20,1.0015399560258766,0.0
equal_weight,149,2026-09-11T14:30:00+00:00,EURUSD,23,1.0015399560258766,0.0
equal_weight,150,2026-09-11T15:55:00+00:00,NZDUSD,21,1.0015399560258766,0.0
equal_weight,151,2026-09-11T16:05:00+00:00,USDCAD,20,1.0015399560258766,0.0
equal_weight,152,2026-09-11T17:00:00+00:00,AUDUSD,22,1.0015399560258766,0.0
equal_weight,153,2026-09-11T20:00:00+00:00,GBPUSD,21,1.0015399560258766,0.0
equal_weight,154,2026-09-13T22:55:00+00:00,USDJPY,20,1.0015399560258766,0.0
equal_weight,155,2026-09-14T00:00:00+00:00,USDCHF,21,1.0015399560258766,0.0
equal_weight,156,2026-09-14T00:50:00+00:00,EURUSD,24,1.0015399560258766,0.0
equal_weight,157,2026-09-14T04:45:00+00:00,USDJPY,21,1.0015399560258766,0.0
equal_weight,158,2026-09-14T06:15:00+00:00,NZDUSD,22,1.0015399560258766,0.0
equal_weight,159,2026-09-14T06:40:00+00:00,EURUSD,25,1.0015399560258766,0.0
equal_weight,160,2026-09-14T06:45:00+00:00,USDCHF,22,1.0015399560258766,0.0
equal_weight,161,2026-09-14T07:05:00+00:00,AUDUSD,23,1.0015399560258766,0.0
equal_weight,162,2026-09-14T07:55:00+00:00,USDCAD,21,1.0015399560258766,0.0
equal_weight,163,2026-09-14T08:25:00+00:00,GBPUSD,22,1.0015399560258766,0.0
equal_weight,164,2026-09-14T10:50:00+00:00,USDJPY,22,1.0015399560258766,0.0
equal_weight,165,2026-09-14T11:00:00+00:00,EURUSD,26,1.0015399560258766,0.0
equal_weight,166,2026-09-14T11:45:00+00:00,NZDUSD,23,1.0015399560258766,0.0
equal_weight,167,2026-09-14T12:30:00+00:00,USDCHF,23,1.0015399560258766,0.0
equal_weight,168,2026-09-14T13:30:00+00:00,AUDUSD,24,1.0015399560258766,0.0
equal_weight,169,2026-09-14T13:40:00+00:00,USDCAD,22,1.0015399560258766,0.0
equal_weight,170,2026-09-14T14:10:00+00:00,GBPUSD,23,1.0015399560258766,0.0
equal_weight,171,2026-09-14T16:15:00+00:00,EURUSD,27,1.0015399560258766,0.0
equal_weight,172,2026-09-14T16:45:00+00:00,NZDUSD,24,1.0015399560258766,0.0
equal_weight,173,2026-09-14T16:50:00+00:00,USDJPY,23,1.0015399560258766,0.0
equal_weight,174,2026-09-14T18:55:00+00:00,USDCHF,24,1.0015399560258766,0.0
equal_weight,175,2026-09-14T20:45:00+00:00,AUDUSD,25,1.0015399560258766,0.0
equal_weight,176,2026-09-15T00:00:00+00:00,USDCAD,23,1.0015399560258766,0.0
equal_weight,177,2026-09-15T01:30:00+00:00,GBPUSD,24,1.0015399560258766,0.0
equal_weight,178,2026-09-15T06:00:00+00:00,USDCAD,24,1.0015399560258766,0.0
equal_weight,179,2026-09-15T06:50:00+00:00,USDJPY,24,1.0015399560258766,0.0
equal_weight,180,2026-09-15T07:45:00+00:00,NZDUSD,25,1.0015399560258766,0.0
equal_weight,181,2026-09-15T08:00:00+00:00,GBPUSD,25,1.0015399560258766,0.0
equal_weight,182,2026-09-15T08:50:00+00:00,USDCHF,25,1.0015399560258766,0.0
equal_weight,183,2026-09-15T09:00:00+00:00,AUDUSD,26,1.0015399560258766,0.0
equal_weight,184,2026-09-15T09:15:00+00:00,EURUSD,28,1.0015399560258766,0.0
equal_weight,185,2026-09-15T11:15:00+00:00,USDCAD,25,1.0015399560258766,0.0
equal_weight,186,2026-09-15T11:50:00+00:00,USDJPY,25,1.0015399560258766,0.0
equal_weight,187,2026-09-15T13:40:00+00:00,GBPUSD,26,1.0015399560258766,0.0
equal_weight,188,2026-09-15T14:05:00+00:00,NZDUSD,26,1.0015399560258766,0.0
equal_weight,189,2026-09-15T14:25:00+00:00,EURUSD,29,1.0007646218220896,-0.0774142059058347
equal_weight,190,2026-09-15T14:30:00+00:00,USDCHF,26,1.0007646218220896,0.0
equal_weight,191,2026-09-15T15:00:00+00:00,AUDUSD,27,1.0007646218220896,0.0
equal_weight,192,2026-09-15T17:05:00+00:00,USDCAD,26,1.0007646218220896,0.0
equal_weight,193,2026-09-15T20:45:00+00:00,USDJPY,26,1.0007646218220896,0.0
equal_weight,194,2026-09-16T00:45:00+00:00,GBPUSD,27,1.0018055173560647,0.10401002506263968
equal_weight,195,2026-09-16T01:25:00+00:00,NZDUSD,27,1.0018055173560647,0.0
equal_weight,196,2026-09-16T03:00:00+00:00,EURUSD,30,1.0018055173560647,0.0
equal_weight,197,2026-09-16T03:45:00+00:00,USDCHF,27,1.0018055173560647,0.0
equal_weight,198,2026-09-16T06:00:00+00:00,USDJPY,27,1.0018055173560647,0.0
equal_weight,199,2026-09-16T06:05:00+00:00,AUDUSD,28,1.0018055173560647,0.0
equal_weight,200,2026-09-16T07:05:00+00:00,NZDUSD,28,1.0018055173560647,0.0
equal_weight,201,2026-09-16T07:30:00+00:00,GBPUSD,28,1.0018055173560647,0.0
equal_weight,202,2026-09-16T07:35:00+00:00,USDCAD,27,1.0018055173560647,0.0
equal_weight,203,2026-09-16T08:15:00+00:00,EURUSD,31,1.0018055173560647,0.0
equal_weight,204,2026-09-16T09:30:00+00:00,USDCHF,28,1.0018055173560647,0.0
equal_weight,205,2026-09-16T11:20:00+00:00,USDJPY,28,1.0018055173560647,0.0
equal_weight,206,2026-09-16T12:40:00+00:00,GBPUSD,29,1.0018055173560647,0.0
equal_weight,207,2026-09-16T12:50:00+00:00,AUDUSD,29,1.0018055173560647,0.0
equal_weight,208,2026-09-16T12:50:00+00:00,EURUSD,32,1.0018055173560647,0.0
equal_weight,209,2026-09-16T13:10:00+00:00,USDCAD,28,1.0018055173560647,0.0
equal_weight,210,2026-09-16T13:25:00+00:00,NZDUSD,29,1.0018055173560647,0.0
equal_weight,211,2026-09-16T15:45:00+00:00,USDCHF,29,1.0018055173560647,0.0
equal_weight,212,2026-09-16T18:00:00+00:00,USDJPY,29,1.0018055173560647,0.0
equal_weight,213,2026-09-16T18:05:00+00:00,AUDUSD,30,1.0018055173560647,0.0
equal_weight,214,2026-09-16T18:20:00+00:00,GBPUSD,30,1.0018055173560647,0.0
equal_weight,215,2026-09-16T18:25:00+00:00,EURUSD,33,1.0018055173560647,0.0
equal_weight,216,2026-09-16T18:30:00+00:00,NZDUSD,30,1.0018055173560647,0.0
equal_weight,217,2026-09-16T18:35:00+00:00,USDCAD,29,1.0018055173560647,0.0
equal_weight,218,2026-09-16T19:25:00+00:00,USDCHF,30,1.0018055173560647,0.0
equal_weight,219,2026-09-16T20:20:00+00:00,AUDUSD,31,1.0018055173560647,0.0
equal_weight,220,2026-09-17T00:55:00+00:00,USDJPY,30,1.0018055173560647,0.0
equal_weight,221,2026-09-17T01:20:00+00:00,NZDUSD,31,1.0018055173560647,0.0
equal_weight,222,2026-09-17T01:40:00+00:00,EURUSD,34,1.0018055173560647,0.0
equal_weight,223,2026-09-17T01:50:00+00:00,USDCAD,30,1.0018055173560647,0.0
equal_weight,224,2026-09-17T04:10:00+00:00,USDCHF,31,1.0018055173560647,0.0
equal_weight,225,2026-09-17T04:15:00+00:00,GBPUSD,31,1.0018055173560647,0.0
equal_weight,226,2026-09-17T07:00:00+00:00,AUDUSD,32,1.0018055173560647,0.0
equal_weight,227,2026-09-17T07:20:00+00:00,USDJPY,31,1.0018055173560647,0.0
equal_weight,228,2026-09-17T09:25:00+00:00,NZDUSD,32,1.0018055173560647,0.0
equal_weight,229,2026-09-17T09:40:00+00:00,EURUSD,35,1.0018055173560647,0.0
equal_weight,230,2026-09-17T09:50:00+00:00,GBPUSD,32,1.0018055173560647,0.0
equal_weight,231,2026-09-17T10:25:00+00:00,USDCAD,31,1.0018055173560647,0.0
equal_weight,232,2026-09-17T10:35:00+00:00,USDCHF,32,1.0018055173560647,0.0
equal_weight,233,2026-09-17T13:05:00+00:00,USDJPY,32,1.0018055173560647,0.0
equal_weight,234,2026-09-17T13:20:00+00:00,AUDUSD,33,1.0018055173560647,0.0
equal_weight,235,2026-09-17T13:55:00+00:00,EURUSD,36,1.0018055173560647,0.0
equal_weight,236,2026-09-17T14:00:00+00:00,GBPUSD,33,1.0018055173560647,0.0
equal_weight,237,2026-09-17T14:30:00+00:00,NZDUSD,33,1.0018055173560647,0.0
equal_weight,238,2026-09-17T14:55:00+00:00,USDCHF,33,1.0018055173560647,0.0
equal_weight,239,2026-09-17T16:00:00+00:00,USDCAD,32,1.0018055173560647,0.0
equal_weight,240,2026-09-18T00:45:00+00:00,AUDUSD,34,1.0018055173560647,0.0
equal_weight,241,2026-09-18T02:20:00+00:00,GBPUSD,34,1.0018055173560647,0.0
equal_weight,242,2026-09-18T03:05:00+00:00,EURUSD,37,1.0018055173560647,0.0
equal_weight,243,2026-09-18T03:10:00+00:00,NZDUSD,34,1.0018055173560647,0.0
equal_weight,244,2026-09-18T03:10:00+00:00,USDJPY,33,1.0018055173560647,0.0
equal_weight,245,2026-09-18T04:00:00+00:00,USDCHF,34,1.0018055173560647,0.0
equal_weight,246,2026-09-18T04:05:00+00:00,AUDUSD,35,1.0018055173560647,0.0
equal_weight,247,2026-09-18T05:30:00+00:00,USDCAD,33,1.0018055173560647,0.0
equal_weight,248,2026-09-18T06:35:00+00:00,USDJPY,34,1.0018055173560647,0.0
equal_weight,249,2026-09-18T06:50:00+00:00,GBPUSD,35,1.0018055173560647,0.0
equal_weight,250,2026-09-18T07:00:00+00:00,EURUSD,38,1.0018055173560647,0.0
equal_weight,251,2026-09-18T07:10:00+00:00,NZDUSD,35,1.0018055173560647,0.0
equal_weight,252,2026-09-18T08:55:00+00:00,USDCHF,35,1.0018055173560647,0.0
equal_weight,253,2026-09-18T09:30:00+00:00,AUDUSD,36,1.0018055173560647,0.0
equal_weight,254,2026-09-18T10:20:00+00:00,USDCAD,34,1.0018055173560647,0.0
equal_weight,255,2026-09-18T11:35:00+00:00,EURUSD,39,1.0018055173560647,0.0
equal_weight,256,2026-09-18T12:05:00+00:00,GBPUSD,36,1.0018055173560647,0.0
equal_weight,257,2026-09-18T12:20:00+00:00,USDJPY,35,1.0018055173560647,0.0
equal_weight,258,2026-09-18T12:55:00+00:00,NZDUSD,36,1.0018055173560647,0.0
equal_weight,259,2026-09-18T14:50:00+00:00,AUDUSD,37,1.0018055173560647,0.0
equal_weight,260,2026-09-18T15:10:00+00:00,USDCHF,36,1.0018055173560647,0.0
equal_weight,261,2026-09-18T15:50:00+00:00,USDCAD,35,1.0018055173560647,0.0
equal_weight,262,2026-09-18T16:30:00+00:00,EURUSD,40,1.0018055173560647,0.0
equal_weight,263,2026-09-18T18:00:00+00:00,USDJPY,36,1.0018055173560647,0.0
equal_weight,264,2026-09-18T18:15:00+00:00,GBPUSD,37,1.0018055173560647,0.0
equal_weight,265,2026-09-20T22:55:00+00:00,NZDUSD,37,1.0018055173560647,0.0
equal_weight,266,2026-09-21T05:20:00+00:00,AUDUSD,38,1.0018055173560647,0.0
equal_weight,267,2026-09-21T05:30:00+00:00,USDCHF,37,1.0018055173560647,0.0
equal_weight,268,2026-09-21T06:20:00+00:00,USDCAD,36,1.0018055173560647,0.0
equal_weight,269,2026-09-21T06:55:00+00:00,USDJPY,37,1.0018055173560647,0.0
equal_weight,270,2026-09-21T07:05:00+00:00,NZDUSD,38,1.0018055173560647,0.0
equal_weight,271,2026-09-21T09:40:00+00:00,EURUSD,41,1.0018055173560647,0.0
equal_weight,272,2026-09-21T10:15:00+00:00,GBPUSD,38,1.0018055173560647,0.0
equal_weight,273,2026-09-21T10:55:00+00:00,AUDUSD,39,1.0018055173560647,0.0
equal_weight,274,2026-09-21T11:15:00+00:00,USDCHF,38,1.0018055173560647,0.0
equal_weight,275,2026-09-21T11:30:00+00:00,USDCAD,37,1.0018055173560647,0.0
equal_weight,276,2026-09-21T12:55:00+00:00,NZDUSD,39,1.0009387640915515,-0.08651911468812168
equal_weight,277,2026-09-21T14:30:00+00:00,EURUSD,42,1.0009387640915515,0.0
equal_weight,278,2026-09-21T14:50:00+00:00,USDJPY,38,1.0009387640915515,0.0
equal_weight,279,2026-09-21T15:05:00+00:00,AUDUSD,40,1.0009387640915515,0.0
equal_weight,280,2026-09-21T15:10:00+00:00,USDCHF,39,1.0009387640915515,0.0
equal_weight,281,2026-09-21T15:25:00+00:00,GBPUSD,39,1.0009387640915515,0.0
equal_weight,282,2026-09-21T16:55:00+00:00,USDCAD,38,1.0009387640915515,0.0
equal_weight,283,2026-09-21T19:30:00+00:00,NZDUSD,40,1.0009387640915515,0.0
equal_weight,284,2026-09-22T02:55:00+00:00,AUDUSD,41,1.0009387640915515,0.0
equal_weight,285,2026-09-22T03:25:00+00:00,USDJPY,39,1.0009387640915515,0.0
equal_weight,286,2026-09-22T03:40:00+00:00,GBPUSD,40,1.0009387640915515,0.0
equal_weight,287,2026-09-22T04:25:00+00:00,USDCHF,40,1.0009387640915515,0.0
equal_weight,288,2026-09-22T05:00:00+00:00,EURUSD,43,1.0009387640915515,0.0
equal_weight,289,2026-09-22T05:30:00+00:00,NZDUSD,41,1.0009387640915515,0.0
equal_weight,290,2026-09-22T05:45:00+00:00,USDCAD,39,1.0009387640915515,0.0
equal_weight,291,2026-09-22T06:10:00+00:00,AUDUSD,42,1.0009387640915515,0.0
equal_weight,292,2026-09-22T08:15:00+00:00,EURUSD,44,1.0009387640915515,0.0
equal_weight,293,2026-09-22T08:25:00+00:00,GBPUSD,41,1.0009387640915515,0.0
equal_weight,294,2026-09-22T08:30:00+00:00,USDJPY,40,1.0009387640915515,0.0
equal_weight,295,2026-09-22T08:40:00+00:00,USDCHF,41,1.0009387640915515,0.0
equal_weight,296,2026-09-22T08:50:00+00:00,USDCAD,40,1.0009387640915515,0.0
equal_weight,297,2026-09-22T09:15:00+00:00,NZDUSD,42,1.0009387640915515,0.0
equal_weight,298,2026-09-22T10:25:00+00:00,AUDUSD,43,1.0009387640915515,0.0
equal_weight,299,2026-09-22T10:55:00+00:00,EURUSD,45,1.0009387640915515,0.0
equal_weight,300,2026-09-22T12:25:00+00:00,USDCHF,42,1.0009387640915515,0.0
equal_weight,301,2026-09-22T12:50:00+00:00,GBPUSD,42,1.0009387640915515,0.0
equal_weight,302,2026-09-22T13:25:00+00:00,USDJPY,41,1.0009387640915515,0.0
equal_weight,303,2026-09-22T14:20:00+00:00,USDCAD,41,1.0009387640915515,0.0
equal_weight,304,2026-09-22T14:30:00+00:00,NZDUSD,43,1.0009387640915515,0.0
equal_weight,305,2026-09-22T16:15:00+00:00,EURUSD,46,1.0019865448175094,0.10467980295565393
equal_weight,306,2026-09-22T16:55:00+00:00,AUDUSD,44,1.0019865448175094,0.0
equal_weight,307,2026-09-22T19:30:00+00:00,USDCHF,43,1.0019865448175094,0.0
equal_weight,308,2026-09-22T23:55:00+00:00,GBPUSD,43,1.0019865448175094,0.0
equal_weight,309,2026-09-23T00:45:00+00:00,USDJPY,42,1.0019865448175094,0.0
equal_weight,310,2026-09-23T02:15:00+00:00,USDCAD,42,1.0019865448175094,0.0
equal_weight,311,2026-09-23T06:30:00+00:00,NZDUSD,44,1.0032169135282403,0.1227929373996739
equal_weight,312,2026-09-23T06:35:00+00:00,GBPUSD,44,1.0032169135282403,0.0
equal_weight,313,2026-09-23T07:10:00+00:00,USDJPY,43,1.0033913793669722,0.0173906396891077
equal_weight,314,2026-09-23T07:45:00+00:00,USDCAD,43,1.0033913793669722,0.0
equal_weight,315,2026-09-23T09:00:00+00:00,EURUSD,47,1.0033913793669722,0.0
equal_weight,316,2026-09-23T09:20:00+00:00,AUDUSD,45,1.0033913793669722,0.0
equal_weight,317,2026-09-23T10:50:00+00:00,USDCHF,44,1.0033913793669722,0.0
equal_weight,318,2026-09-23T11:05:00+00:00,GBPUSD,45,1.0033913793669722,0.0
equal_weight,319,2026-09-23T12:05:00+00:00,NZDUSD,45,1.0033913793669722,0.0
equal_weight,320,2026-09-23T13:20:00+00:00,EURUSD,48,1.0033913793669722,0.0
equal_weight,321,2026-09-23T13:25:00+00:00,USDJPY,44,1.0033913793669722,0.0
equal_weight,322,2026-09-23T13:45:00+00:00,USDCAD,44,1.0033913793669722,0.0
equal_weight,323,2026-09-23T14:15:00+00:00,AUDUSD,46,1.0033913793669722,0.0
equal_weight,324,2026-09-23T14:50:00+00:00,USDCHF,45,1.0033913793669722,0.0
equal_weight,325,2026-09-23T15:45:00+00:00,GBPUSD,46,1.0033913793669722,0.0
equal_weight,326,2026-09-23T16:05:00+00:00,NZDUSD,46,1.0033913793669722,0.0
equal_weight,327,2026-09-23T17:55:00+00:00,EURUSD,49,1.0033913793669722,0.0
equal_weight,328,2026-09-23T18:05:00+00:00,USDJPY,45,1.0033913793669722,0.0
equal_weight,329,2026-09-23T19:20:00+00:00,USDCAD,45,1.0033913793669722,0.0
equal_weight,330,2026-09-23T22:20:00+00:00,AUDUSD,47,1.0033913793669722,0.0
equal_weight,331,2026-09-24T00:20:00+00:00,USDCHF,46,1.0033913793669722,0.0
equal_weight,332,2026-09-24T03:25:00+00:00,NZDUSD,47,1.0033913793669722,0.0
equal_weight,333,2026-09-24T04:20:00+00:00,GBPUSD,47,1.0033913793669722,0.0
equal_weight,334,2026-09-24T05:10:00+00:00,USDJPY,46,1.0033913793669722,0.0
equal_weight,335,2026-09-24T05:35:00+00:00,AUDUSD,48,1.0033913793669722,0.0
equal_weight,336,2026-09-24T05:45:00+00:00,USDCHF,47,1.0033913793669722,0.0
equal_weight,337,2026-09-24T07:30:00+00:00,NZDUSD,48,1.0033913793669722,0.0
equal_weight,338,2026-09-24T07:35:00+00:00,EURUSD,50,1.0033913793669722,0.0
equal_weight,339,2026-09-24T08:15:00+00:00,GBPUSD,48,1.0033913793669722,0.0
equal_weight,340,2026-09-24T09:00:00+00:00,USDCAD,46,1.0033913793669722,0.0
equal_weight,341,2026-09-24T09:00:00+00:00,USDCHF,48,1.0033913793669722,0.0
equal_weight,342,2026-09-24T10:05:00+00:00,AUDUSD,49,1.0033913793669722,0.0
equal_weight,343,2026-09-24T10:25:00+00:00,USDJPY,47,1.0033913793669722,0.0
equal_weight,344,2026-09-24T11:30:00+00:00,EURUSD,51,1.0033913793669722,0.0
equal_weight,345,2026-09-24T12:45:00+00:00,NZDUSD,49,1.0033913793669722,0.0
equal_weight,346,2026-09-24T13:25:00+00:00,GBPUSD,49,1.0033913793669722,0.0
equal_weight,347,2026-09-24T15:00:00+00:00,USDCHF,49,1.0033913793669722,0.0
equal_weight,348,2026-09-24T15:10:00+00:00,USDCAD,47,1.0033913793669722,0.0
equal_weight,349,2026-09-24T15:45:00+00:00,AUDUSD,50,1.0033913793669722,0.0
equal_weight,350,2026-09-24T17:20:00+00:00,USDJPY,48,1.0033913793669722,0.0
equal_weight,351,2026-09-24T18:00:00+00:00,EURUSD,52,1.0033913793669722,0.0
equal_weight,352,2026-09-24T18:25:00+00:00,NZDUSD,50,1.0033913793669722,0.0
equal_weight,353,2026-09-24T21:40:00+00:00,GBPUSD,50,1.0033913793669722,0.0
equal_weight,354,2026-09-25T03:00:00+00:00,USDCHF,50,1.0033913793669722,0.0
equal_weight,355,2026-09-25T03:05:00+00:00,USDCAD,48,1.0033913793669722,0.0
equal_weight,356,2026-09-25T06:00:00+00:00,USDJPY,49,1.0033913793669722,0.0
equal_weight,357,2026-09-25T06:05:00+00:00,AUDUSD,51,1.0033913793669722,0.0
equal_weight,358,2026-09-25T08:25:00+00:00,USDCAD,49,1.0033913793669722,0.0
equal_weight,359,2026-09-25T09:25:00+00:00,USDCHF,51,1.0033913793669722,0.0
equal_weight,360,2026-09-25T09:50:00+00:00,EURUSD,53,1.0033913793669722,0.0
equal_weight,361,2026-09-25T10:30:00+00:00,USDJPY,50,1.0033913793669722,0.0
equal_weight,362,2026-09-25T11:00:00+00:00,AUDUSD,52,1.0033913793669722,0.0
equal_weight,363,2026-09-25T11:30:00+00:00,GBPUSD,51,1.0033913793669722,0.0
equal_weight,364,2026-09-25T11:40:00+00:00,NZDUSD,51,1.0033913793669722,0.0
equal_weight,365,2026-09-25T13:35:00+00:00,USDCAD,50,1.0033913793669722,0.0
equal_weight,366,2026-09-25T14:30:00+00:00,EURUSD,54,1.0033913793669722,0.0
equal_weight,367,2026-09-25T14:35:00+00:00,USDCHF,52,1.0033913793669722,0.0
equal_weight,368,2026-09-25T15:35:00+00:00,AUDUSD,53,1.0033913793669722,0.0
equal_weight,369,2026-09-25T16:00:00+00:00,NZDUSD,52,1.0033913793669722,0.0
equal_weight,370,2026-09-25T16:15:00+00:00,USDJPY,51,1.0033913793669722,0.0
equal_weight,371,2026-09-25T16:20:00+00:00,GBPUSD,52,1.0033913793669722,0.0
