matrix,body_threshold,stop_threshold,direction,trades,wins,losses,win_rate_pct,total_r,avg_r,profit_factor,max_drawdown_r
body_robustness,0.3,,ALL,68,34,34,50.0,20.378207,0.29968,1.599359,6.835265
body_robustness,0.3,,LONG,29,11,18,37.93,-4.539323,-0.156528,0.747815,9.53801
body_robustness,0.3,,SHORT,39,23,16,58.97,24.91753,0.638911,2.557346,4.861398
body_robustness,0.4,,ALL,62,32,30,51.61,18.892784,0.304722,1.629759,5.254601
body_robustness,0.4,,LONG,27,11,16,40.74,-2.539323,-0.094049,0.841292,7.53801
body_robustness,0.4,,SHORT,35,21,14,60.0,21.432107,0.612346,2.530865,3.0
body_robustness,0.5,,ALL,53,26,27,49.06,12.756136,0.240682,1.472449,5.658615
body_robustness,0.5,,LONG,26,10,16,38.46,-3.232488,-0.124326,0.79797,8.231175
body_robustness,0.5,,SHORT,27,16,11,59.26,15.988624,0.592171,2.453511,3.0
body_robustness,0.6,,ALL,42,21,21,50.0,3.968763,0.094494,1.188989,7.379698
body_robustness,0.6,,LONG,22,8,14,36.36,-8.425791,-0.382991,0.398158,8.629783
body_robustness,0.6,,SHORT,20,13,7,65.0,12.394554,0.619728,2.770651,2.0
body_robustness,0.7,,ALL,27,16,11,59.26,10.314482,0.382018,1.93768,3.0
body_robustness,0.7,,LONG,13,6,7,46.15,-3.666823,-0.282063,0.476168,4.564597
body_robustness,0.7,,SHORT,14,10,4,71.43,13.981305,0.998665,4.495326,2.0
minimum_stop_robustness,,0.5,ALL,61,32,29,52.46,21.700451,0.355745,1.748291,7.368618
minimum_stop_robustness,,0.5,LONG,26,10,16,38.46,-3.081092,-0.118504,0.807432,8.079779
minimum_stop_robustness,,0.5,SHORT,35,22,13,62.86,24.781543,0.708044,2.906273,4.825511
minimum_stop_robustness,,0.6,ALL,56,29,27,51.79,12.054336,0.215256,1.446457,5.927274
minimum_stop_robustness,,0.6,LONG,25,10,15,40.0,-2.081092,-0.083244,0.861261,7.079779
minimum_stop_robustness,,0.6,SHORT,31,19,12,61.29,14.135428,0.455982,2.177952,3.825511
minimum_stop_robustness,,0.75,ALL,41,24,17,58.54,11.263333,0.274715,1.662549,4.254601
minimum_stop_robustness,,0.75,LONG,19,8,11,42.11,-0.47352,-0.024922,0.956953,4.0
minimum_stop_robustness,,0.75,SHORT,22,16,6,72.73,11.736853,0.533493,2.956142,2.0
minimum_stop_robustness,,0.9,ALL,30,18,12,60.0,5.508246,0.183608,1.45902,4.0
minimum_stop_robustness,,0.9,LONG,12,4,8,33.33,-5.686386,-0.473866,0.289202,4.686386
minimum_stop_robustness,,0.9,SHORT,18,14,4,77.78,11.194632,0.621924,3.798658,2.0
minimum_stop_robustness,,1.0,ALL,23,15,8,65.22,8.871487,0.385717,2.108936,3.0
minimum_stop_robustness,,1.0,LONG,9,3,6,33.33,-4.079431,-0.45327,0.320095,3.079431
minimum_stop_robustness,,1.0,SHORT,14,12,2,85.71,12.950918,0.925066,7.475459,1.0
interaction,0.3,0.5,ALL,56,32,24,57.14,26.700451,0.476794,2.112519,5.377034
interaction,0.3,0.5,LONG,24,10,14,41.67,-1.081092,-0.045046,0.922779,7.079779
interaction,0.3,0.5,SHORT,32,22,10,68.75,27.781543,0.868173,3.778154,3.0
interaction,0.3,0.6,ALL,51,29,22,56.86,17.054336,0.334399,1.775197,5.254601
interaction,0.3,0.6,LONG,23,10,13,43.48,-0.081092,-0.003526,0.993762,6.079779
interaction,0.3,0.6,SHORT,28,19,9,67.86,17.135428,0.61198,2.903936,3.0
interaction,0.3,0.75,ALL,38,24,14,63.16,14.263333,0.375351,2.01881,4.254601
interaction,0.3,0.75,LONG,18,8,10,44.44,0.52648,0.029249,1.052648,4.0
interaction,0.3,0.75,SHORT,20,16,4,80.0,13.736853,0.686843,4.434213,2.0
interaction,0.3,0.9,ALL,29,18,11,62.07,6.508246,0.224422,1.591659,4.0
interaction,0.3,0.9,LONG,12,4,8,33.33,-5.686386,-0.473866,0.289202,4.686386
interaction,0.3,0.9,SHORT,17,14,3,82.35,12.194632,0.717331,5.064877,2.0
interaction,0.3,1.0,ALL,23,15,8,65.22,8.871487,0.385717,2.108936,3.0
interaction,0.3,1.0,LONG,9,3,6,33.33,-4.079431,-0.45327,0.320095,3.079431
interaction,0.3,1.0,SHORT,14,12,2,85.71,12.950918,0.925066,7.475459,1.0
interaction,0.4,0.5,ALL,53,30,23,56.6,22.215028,0.419151,1.965871,5.377034
interaction,0.4,0.5,LONG,23,10,13,43.48,-0.081092,-0.003526,0.993762,6.079779
interaction,0.4,0.5,SHORT,30,20,10,66.67,22.29612,0.743204,3.229612,3.0
interaction,0.4,0.6,ALL,49,28,21,57.14,16.847001,0.343816,1.802238,5.254601
interaction,0.4,0.6,LONG,22,10,12,45.45,0.918908,0.041769,1.076576,5.079779
interaction,0.4,0.6,SHORT,27,18,9,66.67,15.928094,0.589929,2.769788,3.0
interaction,0.4,0.75,ALL,37,23,14,62.16,13.055999,0.352865,1.932571,4.254601
interaction,0.4,0.75,LONG,18,8,10,44.44,0.52648,0.029249,1.052648,4.0
interaction,0.4,0.75,SHORT,19,15,4,78.95,12.529519,0.659448,4.13238,2.0
interaction,0.4,0.9,ALL,29,18,11,62.07,6.508246,0.224422,1.591659,4.0
interaction,0.4,0.9,LONG,12,4,8,33.33,-5.686386,-0.473866,0.289202,4.686386
interaction,0.4,0.9,SHORT,17,14,3,82.35,12.194632,0.717331,5.064877,2.0
interaction,0.4,1.0,ALL,23,15,8,65.22,8.871487,0.385717,2.108936,3.0
interaction,0.4,1.0,LONG,9,3,6,33.33,-4.079431,-0.45327,0.320095,3.079431
interaction,0.4,1.0,SHORT,14,12,2,85.71,12.950918,0.925066,7.475459,1.0
interaction,0.5,0.5,ALL,46,25,21,54.35,18.214367,0.395965,1.867351,5.254601
interaction,0.5,0.5,LONG,22,9,13,40.91,-0.774257,-0.035193,0.940442,6.772944
interaction,0.5,0.5,SHORT,24,16,8,66.67,18.988624,0.791193,3.373578,3.0
interaction,0.5,0.6,ALL,44,24,20,54.55,12.991071,0.295252,1.649554,5.254601
interaction,0.5,0.6,LONG,21,9,12,42.86,0.225743,0.01075,1.018812,5.772944
interaction,0.5,0.6,SHORT,23,15,8,65.22,12.765328,0.555014,2.595666,3.0
interaction,0.5,0.75,ALL,35,21,14,60.0,9.824008,0.280686,1.701715,4.254601
interaction,0.5,0.75,LONG,18,8,10,44.44,0.52648,0.029249,1.052648,4.0
interaction,0.5,0.75,SHORT,17,13,4,76.47,9.297527,0.546913,3.324382,2.0
interaction,0.5,0.9,ALL,27,16,11,59.26,3.276255,0.121343,1.297841,4.0
interaction,0.5,0.9,LONG,12,4,8,33.33,-5.686386,-0.473866,0.289202,4.686386
interaction,0.5,0.9,SHORT,15,12,3,80.0,8.962641,0.597509,3.987547,2.0
interaction,0.5,1.0,ALL,22,14,8,63.64,5.847323,0.265787,1.730915,3.0
interaction,0.5,1.0,LONG,9,3,6,33.33,-4.079431,-0.45327,0.320095,3.079431
interaction,0.5,1.0,SHORT,13,11,2,84.62,9.926754,0.763596,5.963377,1.0
interaction,0.6,0.5,ALL,36,20,16,55.56,8.426994,0.234083,1.526687,6.027924
interaction,0.6,0.5,LONG,18,7,11,38.89,-5.96756,-0.331531,0.457495,7.171552
interaction,0.6,0.5,SHORT,18,13,5,72.22,14.394554,0.799697,3.878911,2.0
interaction,0.6,0.6,ALL,35,20,15,57.14,9.426994,0.269343,1.628466,5.027924
interaction,0.6,0.6,LONG,17,7,10,41.18,-4.96756,-0.292209,0.503244,6.171552
interaction,0.6,0.6,SHORT,18,13,5,72.22,14.394554,0.799697,3.878911,2.0
interaction,0.6,0.75,ALL,28,17,11,60.71,4.259931,0.15214,1.387266,3.254601
interaction,0.6,0.75,LONG,14,6,8,42.86,-4.666823,-0.333345,0.416647,4.171552
interaction,0.6,0.75,SHORT,14,11,3,78.57,8.926754,0.637625,3.975585,2.0
interaction,0.6,0.9,ALL,24,15,9,62.5,5.240368,0.218349,1.582263,3.0
interaction,0.6,0.9,LONG,10,4,6,40.0,-3.686386,-0.368639,0.385602,3.079431
interaction,0.6,0.9,SHORT,14,11,3,78.57,8.926754,0.637625,3.975585,2.0
interaction,0.6,1.0,ALL,21,14,7,66.67,6.847323,0.326063,1.978189,2.0
interaction,0.6,1.0,LONG,8,3,5,37.5,-3.079431,-0.384929,0.384114,2.079431
interaction,0.6,1.0,SHORT,13,11,2,84.62,9.926754,0.763596,5.963377,1.0
interaction,0.7,0.5,ALL,23,16,7,69.57,14.314482,0.622369,3.044926,2.0
interaction,0.7,0.5,LONG,11,6,5,54.55,-1.666823,-0.151529,0.666635,2.564597
interaction,0.7,0.5,SHORT,12,10,2,83.33,15.981305,1.331775,8.990652,2.0
interaction,0.7,0.6,ALL,22,16,6,72.73,15.314482,0.696113,3.552414,2.0
interaction,0.7,0.6,LONG,10,6,4,60.0,-0.666823,-0.066682,0.833294,2.0
interaction,0.7,0.6,SHORT,12,10,2,83.33,15.981305,1.331775,8.990652,2.0
interaction,0.7,0.75,ALL,20,14,6,70.0,7.846681,0.392334,2.30778,2.0
interaction,0.7,0.75,LONG,10,6,4,60.0,-0.666823,-0.066682,0.833294,2.0
interaction,0.7,0.75,SHORT,10,8,2,80.0,8.513504,0.85135,5.256752,2.0
interaction,0.7,0.9,ALL,17,12,5,70.59,7.827118,0.460419,2.565424,2.0
interaction,0.7,0.9,LONG,7,4,3,57.14,-0.686386,-0.098055,0.771205,1.260308
interaction,0.7,0.9,SHORT,10,8,2,80.0,8.513504,0.85135,5.256752,2.0
interaction,0.7,1.0,ALL,14,11,3,78.57,9.434073,0.673862,4.144691,1.0
interaction,0.7,1.0,LONG,5,3,2,60.0,-0.079431,-0.015886,0.960284,1.0
interaction,0.7,1.0,SHORT,9,8,1,88.89,9.513504,1.057056,10.513504,1.0
