instrument,symbol,side,signal_time,entry_time,entry,stop,equilibrium,target,exit_time,exit_price,exit_reason,r_multiple,htf_purge_time,liquidity_level,candles_between,sweep_size_atr,stop_distance_atr,target_distance_atr,equilibrium_distance_atr,entry_body_ratio,entry_wick_ratio,reentry_penetration_atr,session,range_ratio,volume_ratio,volatility_regime,execution_mode,duration_min,outcome
AUDUSD,AUDUSD,SHORT,2026-09-03T09:30:00+00:00,2026-09-03 09:30:00+00:00,0.71848,0.7187276428571429,0.7165900000000001,0.71612,2026-09-03 10:45:00+00:00,0.7187276428571429,STOP,-1.0,2026-09-03T04:00:00+00:00,0.71851,2,0.3436692506460337,0.4479328165374485,4.268733850129207,3.41860465116266,0.5102040816326068,0.4897959183673931,0.0542635658914261,london,1.3466666666667042,1.5074701195219125,RANGE_EXPANSION,m15_4h,75.0,LOSS
AUDUSD,AUDUSD,LONG,2026-09-08T20:30:00+00:00,2026-09-08 20:30:00+00:00,0.7217,0.7214551785714285,0.72241,0.72308,2026-09-08 21:30:00+00:00,0.7214551785714285,STOP,-1.0,2026-09-08T16:00:00+00:00,0.72163,2,0.539759036144702,0.8259036144580686,4.655421686746416,2.3951807228913427,0.6153846153849767,0.3846153846150233,0.2361445783132837,new_york,0.6385542168673748,0.5979680696661829,RANGE_CONTRACTION,m15_4h,60.0,LOSS
AUDUSD,AUDUSD,SHORT,2026-09-17T02:15:00+00:00,2026-09-17 02:15:00+00:00,0.70951,0.709804,0.708735,0.7083,2026-09-17 02:30:00+00:00,0.709804,STOP,-1.0,2026-09-16T22:00:00+00:00,0.70952,3,0.5416666666665098,0.6125000000000289,2.5208333333331723,1.6145833333332569,0.5238095238096748,0.4761904761903251,0.0208333333334696,other,1.30120481927721,1.53656914893617,TREND_EXPANSION,m15_4h,15.0,LOSS
AUDUSD,AUDUSD,LONG,2026-09-23T08:15:00+00:00,2026-09-23 08:15:00+00:00,0.70853,0.7080366071428572,0.710325,0.71083,2026-09-23 09:45:00+00:00,0.7080366071428572,STOP,-1.0,2026-09-23T04:00:00+00:00,0.70829,2,0.4916030534350253,1.0545801526716232,4.916030534351203,3.836641221374124,0.6166666666665895,0.3833333333334104,0.5129770992366927,london,1.719298245614124,1.7612752721617415,RANGE_EXPANSION,m15_4h,90.0,LOSS
AUDUSD,AUDUSD,LONG,2026-09-23T21:15:00+00:00,2026-09-23 21:15:00+00:00,0.70407,0.7036929999999999,0.70411,0.70499,2026-09-23 21:45:00+00:00,0.7036929999999999,STOP,-1.0,2026-09-23T16:00:00+00:00,0.70389,3,0.5294117647060744,1.1088235294119528,2.705882352941215,0.1176470588236446,0.5116279069768223,0.4883720930231777,0.5294117647057479,other,0.5871559633026495,0.3810986011600136,RANGE_CONTRACTION,m15_4h,30.0,LOSS
AUDUSD,AUDUSD,LONG,2026-09-24T23:30:00+00:00,2026-09-24 23:30:00+00:00,0.70091,0.7007859818,0.70219,0.70331,2026-09-24 23:45:00+00:00,0.7007859818,STOP,-1.0,2026-09-24T18:00:00+00:00,0.70089,2,0.3589743589744611,0.4946594871797399,9.57264957264846,5.105413105412394,0.1612903225806682,0.8387096774193318,0.0797720797721516,other,0.4375000000001084,0.1840248377081569,RANGE_CONTRACTION,m15_4h,15.0,LOSS
EURUSD,EURUSD,SHORT,2026-09-03T04:45:00+00:00,2026-09-03 04:45:00+00:00,1.15954,1.1600531907999998,1.15868,1.15844,2026-09-03 06:30:00+00:00,1.1600531907999998,STOP,-1.0,2026-09-03T00:00:00+00:00,1.15979,2,0.6339622641503679,1.3555983396219966,2.9056603773585903,2.2716981132076355,0.7777777777779605,0.2222222222220394,0.6603773584907486,other,1.2222222222215369,1.6132167152575316,RANGE_EXPANSION,m15_4h,105.0,LOSS
EURUSD,EURUSD,SHORT,2026-09-07T12:45:00+00:00,2026-09-07 12:45:00+00:00,1.1625,1.16284325,1.161715,1.16103,2026-09-07 13:45:00+00:00,1.16284325,STOP,-1.0,2026-09-07T08:00:00+00:00,1.1627,6,0.347107438016221,0.9928719008258172,4.252066115702561,2.270661157024813,0.736842105262635,0.2631578947373649,0.5785123966941299,overlap,0.94202898550782,1.1767881241565452,RANGE_CONTRACTION,m15_4h,60.0,LOSS
EURUSD,EURUSD,LONG,2026-09-15T23:45:00+00:00,2026-09-15 23:45:00+00:00,1.15366,1.1534069268,1.15402,1.15437,2026-09-16 00:45:00+00:00,1.1534069268,STOP,-1.0,2026-09-15T18:00:00+00:00,1.15363,6,0.6451612903225411,0.8163651612900337,2.290322580645236,1.1612903225811468,0.25,0.75,0.0967741935483095,other,0.7042253521127024,0.2712275594371664,RANGE_CONTRACTION,m15_4h,60.0,LOSS
GBPUSD,GBPUSD,SHORT,2026-09-03T04:45:00+00:00,2026-09-03 04:45:00+00:00,1.34935,1.349856987,1.348245,1.34802,2026-09-03 06:45:00+00:00,1.349856987,STOP,-1.0,2026-09-03T00:00:00+00:00,1.3496,2,0.5070866141736247,1.1177666141734075,2.9322834645671136,2.436220472441295,0.6981132075472409,0.301886792452759,0.5511811023619118,other,1.1343283582091828,1.2251103482099068,RANGE_EXPANSION,m15_4h,120.0,LOSS
GBPUSD,GBPUSD,SHORT,2026-09-08T22:30:00+00:00,2026-09-08 22:30:00+00:00,1.35401,1.3541970802,1.353625,1.35303,2026-09-08 23:15:00+00:00,1.3541970802,STOP,-1.0,2026-09-08T18:00:00+00:00,1.35413,5,0.1031307550645632,0.4823430570905997,2.5267034990792223,0.9926335174950612,0.9500000000007772,0.0499999999992228,0.3093922651936896,other,0.6525423728814485,0.2386942198262953,RANGE_CONTRACTION,m15_4h,45.0,LOSS
GBPUSD,GBPUSD,LONG,2026-09-14T09:15:00+00:00,2026-09-14 09:15:00+00:00,1.34836,1.3476320714285714,1.351125,1.35196,2026-09-14 12:30:00+00:00,1.3476320714285714,STOP,-1.0,2026-09-14T04:00:00+00:00,1.34796,2,0.3822975517892373,0.9596045197739894,4.745762711864437,3.6450094161960007,0.5909090909090725,0.4090909090909274,0.5273069679848723,london,2.175675675675635,1.617911615174032,RANGE_EXPANSION,m15_4h,195.0,LOSS
GBPUSD,GBPUSD,LONG,2026-09-15T21:30:00+00:00,2026-09-15 21:30:00+00:00,1.34714,1.3470030572,1.3484850000000002,1.34959,2026-09-15 21:45:00+00:00,1.3470030572,STOP,-1.0,2026-09-15T16:00:00+00:00,1.34709,3,0.1532846715327245,0.3498538686131163,6.259124087591737,3.436131386861885,0.0400000000002486,0.9599999999997512,0.1277372262776486,other,0.5370370370370751,0.3193637197919853,RANGE_CONTRACTION,m15_4h,15.0,LOSS
GBPUSD,GBPUSD,LONG,2026-09-16T20:30:00+00:00,2026-09-16 20:30:00+00:00,1.33806,1.3373810357142857,1.3453849999999998,1.34631,2026-09-17 00:45:00+00:00,1.3373810357142857,STOP,-1.0,2026-09-16T16:00:00+00:00,1.33793,4,0.3480062143966968,0.4922578974624767,5.981356809942684,5.310719834282385,0.6190476190476694,0.3809523809523306,0.0942516830657385,new_york,2.306306306305866,2.544323979591837,RANGE_EXPANSION,m15_4h,255.0,LOSS
GBPUSD,GBPUSD,SHORT,2026-09-18T00:15:00+00:00,2026-09-18 00:15:00+00:00,1.33589,1.3361367178,1.33539,1.33487,2026-09-18 00:45:00+00:00,1.3361367178,STOP,-1.0,2026-09-17T20:00:00+00:00,1.33591,6,0.5374280230325081,0.6629652975043228,2.7408829174661498,1.343570057581867,0.5483870967741473,0.4516129032258527,0.0537428023030121,other,0.5338983050848749,0.3009259259259259,RANGE_CONTRACTION,m15_4h,30.0,LOSS
GBPUSD,GBPUSD,LONG,2026-09-22T13:00:00+00:00,2026-09-22 13:00:00+00:00,1.33612,1.3352623928571428,1.33676,1.33809,2026-09-22 14:15:00+00:00,1.3352623928571428,STOP,-1.0,2026-09-22T08:00:00+00:00,1.33571,3,0.5451092117759222,1.140218423551876,2.619183285850062,0.8509021842355067,0.6813186813186116,0.3186813186813884,0.5451092117759222,overlap,1.2912621359222736,1.256326287585591,RANGE_EXPANSION,m15_4h,75.0,LOSS
NZDUSD,NZDUSD,LONG,2026-09-08T21:00:00+00:00,2026-09-08 21:00:00+00:00,0.58542,0.5852358571428572,0.585825,0.58633,2026-09-08 21:30:00+00:00,0.5852358571428572,STOP,-1.0,2026-09-08T16:00:00+00:00,0.58532,2,0.2474747474744223,0.6510101010101358,3.2171717171718086,1.4318181818182354,0.2773109243697863,0.7226890756302137,0.3535353535357302,other,0.6666666666666192,0.5753370340999207,RANGE_CONTRACTION,m15_4h,30.0,LOSS
NZDUSD,NZDUSD,SHORT,2026-09-08T22:30:00+00:00,2026-09-08 22:30:00+00:00,0.58551,0.5857125000000001,0.585385,0.58492,2026-09-08 23:15:00+00:00,0.5857125000000001,STOP,-1.0,2026-09-08T18:00:00+00:00,0.58557,3,0.2666666666666784,0.4500000000002203,1.311111111111025,0.2777777777776152,0.850000000000111,0.1499999999998889,0.1333333333334625,other,0.666666666666864,0.33083645443196,RANGE_CONTRACTION,m15_4h,45.0,LOSS
NZDUSD,NZDUSD,LONG,2026-09-11T15:15:00+00:00,2026-09-11 15:15:00+00:00,0.58167,0.5809804285714285,0.5825400000000001,0.58313,2026-09-13 21:00:00+00:00,0.5809804285714285,STOP,-1.0,2026-09-11T10:00:00+00:00,0.58166,5,0.8086642599277584,0.8712996389892675,1.8447653429602957,1.099277978339389,0.7058823529412149,0.2941176470587851,0.0126353790614545,overlap,2.230769230769176,2.0769864141622065,RANGE_EXPANSION,m15_4h,3225.0,LOSS
NZDUSD,NZDUSD,LONG,2026-09-11T17:15:00+00:00,2026-09-11 17:15:00+00:00,0.58187,0.58137475,0.582165,0.58253,2026-09-11 18:15:00+00:00,0.58137475,STOP,-1.0,2026-09-11T12:00:00+00:00,0.58157,2,0.3366336633663426,0.9806930693068232,1.3069306930692912,0.584158415841672,0.7045454545455349,0.2954545454544651,0.594059405940527,new_york,0.9425287356321854,1.2111416781292983,RANGE_CONTRACTION,m15_4h,60.0,LOSS
NZDUSD,NZDUSD,LONG,2026-09-16T21:15:00+00:00,2026-09-16 21:15:00+00:00,0.57159,0.5708802500000001,0.575985,0.57639,2026-09-16 21:45:00+00:00,0.5708802500000001,STOP,-1.0,2026-09-16T16:00:00+00:00,0.57113,3,0.2010050251256108,0.7133165829145433,4.824120603015106,4.417085427135711,0.3928571428571358,0.6071428571428642,0.4623115577889718,other,1.6376811594203131,1.3695316520844056,RANGE_EXPANSION,m15_4h,30.0,LOSS
USDCAD,USDCAD,LONG,2026-09-07T14:15:00+00:00,2026-09-07 14:15:00+00:00,1.38094,1.3804623812,1.38252,1.38314,2026-09-07 23:45:00+00:00,1.3804623812,STOP,-1.0,2026-09-07T10:00:00+00:00,1.38092,4,0.9162861491626252,1.017756955859804,4.687975646879263,3.366818873667684,0.9230769230770106,0.0769230769229893,0.0426179604264547,overlap,1.1911764705877887,0.8638297872340426,RANGE_EXPANSION,m15_4h,570.0,LOSS
USDCAD,USDCAD,SHORT,2026-09-08T20:30:00+00:00,2026-09-08 20:30:00+00:00,1.3783,1.378767566,1.37729,1.37596,2026-09-08 21:30:00+00:00,1.378767566,STOP,-1.0,2026-09-08T16:00:00+00:00,1.37837,4,0.7719821162442201,0.9755475409833612,4.882265275706952,2.1073025335319957,0.2315789473683005,0.7684210526316995,0.1460506706408359,new_york,0.7954545454547175,0.6237446197991392,RANGE_CONTRACTION,m15_4h,60.0,LOSS
USDCAD,USDCAD,LONG,2026-09-09T04:30:00+00:00,2026-09-09 04:30:00+00:00,1.37746,1.3772424508,1.378075,1.37854,2026-09-09 05:00:00+00:00,1.3772424508,STOP,-1.0,2026-09-09T00:00:00+00:00,1.37739,2,0.3766816143494444,0.6828898654703096,3.390134529148485,1.9304932735426452,0.695652173912246,0.304347826087754,0.2197309417040749,other,0.7083333333333848,0.8480565371024735,RANGE_CONTRACTION,m15_4h,30.0,LOSS
USDCAD,USDCAD,LONG,2026-09-14T22:30:00+00:00,2026-09-14 22:30:00+00:00,1.38998,1.3898622004,1.39054,1.39129,2026-09-14 22:45:00+00:00,1.3898622004,STOP,-1.0,2026-09-14T18:00:00+00:00,1.38994,2,0.1966292134826751,0.4632568539322108,5.1516853932577895,2.20224719101155,1.0,0.0,0.157303370786664,other,0.4051724137930605,0.1992391821207798,RANGE_CONTRACTION,m15_4h,15.0,LOSS
USDCAD,USDCAD,SHORT,2026-09-23T12:30:00+00:00,2026-09-23 12:30:00+00:00,1.40914,1.4093481827999998,1.408535,1.40808,2026-09-23 12:45:00+00:00,1.4093481827999998,STOP,-1.0,2026-09-23T08:00:00+00:00,1.4092,2,0.2568807339447361,0.4456512538221807,2.2691131498472283,1.2951070336390742,0.3777777777777339,0.6222222222222661,0.128440366972368,overlap,1.3055555555553755,1.131396083385976,RANGE_EXPANSION,m15_4h,15.0,LOSS
USDCHF,USDCHF,LONG,2026-09-03T04:45:00+00:00,2026-09-03 04:45:00+00:00,0.81181,0.811453,0.8128949999999999,0.81314,2026-09-03 05:15:00+00:00,0.811453,STOP,-1.0,2026-09-03T00:00:00+00:00,0.81176,5,0.852941176470687,1.0500000000002283,3.911764705882468,3.191176470588149,0.6250000000002776,0.3749999999997224,0.1470588235294062,other,1.033333333332988,1.5469208211143697,TRANSITION,m15_4h,30.0,LOSS
USDCHF,USDCHF,LONG,2026-09-03T15:30:00+00:00,2026-09-03 15:30:00+00:00,0.80771,0.8073687142857143,0.8091999999999999,0.81002,2026-09-03 15:45:00+00:00,0.8073687142857143,STOP,-1.0,2026-09-03T10:00:00+00:00,0.80768,3,0.2534818941503498,0.3327298050139283,2.2520891364902047,1.4526462395542197,0.3555555555555363,0.6444444444444636,0.0292479108635934,overlap,1.729729729729846,1.656862745098039,RANGE_EXPANSION,m15_4h,15.0,LOSS
USDCHF,USDCHF,SHORT,2026-09-11T17:15:00+00:00,2026-09-11 17:15:00+00:00,0.81595,0.8163800714285715,0.8150999999999999,0.81428,2026-09-11 18:15:00+00:00,0.8163800714285715,STOP,-1.0,2026-09-11T12:00:00+00:00,0.81616,4,0.3159144893111911,0.7150831353920882,2.776722090261094,1.4133016627078143,0.479166666666763,0.520833333333237,0.3491686460808193,new_york,1.0210526315789683,0.9707070707070709,TRANSITION,m15_4h,60.0,LOSS
USDCHF,USDCHF,SHORT,2026-09-14T02:15:00+00:00,2026-09-14 02:15:00+00:00,0.81733,0.8173878214285715,0.8165549999999999,0.81607,2026-09-14 02:30:00+00:00,0.8173878214285715,STOP,-1.0,2026-09-13T22:00:00+00:00,0.81734,5,0.0841683366735857,0.1622244488979089,3.535070140280635,2.174348697394996,0.181818181818457,0.8181818181815429,0.0280561122243209,other,0.8961038961039429,1.182875264270613,RANGE_CONTRACTION,m15_4h,15.0,LOSS
USDCHF,USDCHF,SHORT,2026-09-16T15:45:00+00:00,2026-09-16 15:45:00+00:00,0.81911,0.8192348571428572,0.8188150000000001,0.81837,2026-09-16 16:00:00+00:00,0.8192348571428572,STOP,-1.0,2026-09-16T10:00:00+00:00,0.81912,2,0.181034482758688,0.2511494252873654,1.4885057471263456,0.5933908045975622,0.1568627450979751,0.8431372549020248,0.0201149425286438,overlap,1.4507042253518747,1.411592505854801,RANGE_EXPANSION,m15_4h,15.0,LOSS
USDCHF,USDCHF,SHORT,2026-09-17T01:45:00+00:00,2026-09-17 01:45:00+00:00,0.82581,0.8259979642857144,0.821655,0.81758,2026-09-17 02:45:00+00:00,0.8259979642857144,STOP,-1.0,2026-09-16T20:00:00+00:00,0.82586,2,0.3339960238568705,0.5231610337973079,22.906560636182185,11.564612326043331,0.4482758620688203,0.5517241379311797,0.1391650099403369,other,0.7857142857143504,1.219756999471738,RANGE_CONTRACTION,m15_4h,60.0,LOSS
USDCHF,USDCHF,SHORT,2026-09-24T17:45:00+00:00,2026-09-24 17:45:00+00:00,0.8283,0.8286181428571429,0.8272999999999999,0.82656,2026-09-24 18:00:00+00:00,0.8286181428571429,STOP,-1.0,2026-09-24T12:00:00+00:00,0.82847,4,0.1441947565542342,0.4170411985018306,2.280898876404611,1.3108614232211313,0.3283582089551917,0.6716417910448083,0.2228464419475719,new_york,1.0381679389313805,0.9577340769004988,TRANSITION,m15_4h,15.0,LOSS
USDJPY,USDJPY,SHORT,2026-09-04T08:15:00+00:00,2026-09-04 08:15:00+00:00,156.32,156.4079357142857,156.11,155.777,2026-09-04 08:45:00+00:00,156.4079357142857,STOP,-1.0,2026-09-04T04:00:00+00:00,156.348,6,0.3820803295571309,0.6339340885685173,3.9145211122553807,1.5139031925847886,0.646341463414651,0.3536585365853489,0.201853759011469,london,1.0266159695817676,2.0321495327102803,TRANSITION,m15_4h,30.0,LOSS
USDJPY,USDJPY,LONG,2026-09-04T11:45:00+00:00,2026-09-04 11:45:00+00:00,156.266,156.24400357142858,156.34,156.445,2026-09-04 12:00:00+00:00,156.24400357142858,STOP,-1.0,2026-09-04T06:00:00+00:00,156.261,2,0.1200857755539667,0.2201215153679522,1.7912794853466227,0.7405289492495561,0.1595744680849712,0.8404255319150287,0.0500357398141053,london,0.7142857142856994,0.9823870220162224,RANGE_CONTRACTION,m15_4h,15.0,LOSS
USDJPY,USDJPY,LONG,2026-09-07T19:00:00+00:00,2026-09-07 19:00:00+00:00,154.362,154.33391275999998,154.527,154.806,2026-09-07 19:15:00+00:00,154.33391275999998,STOP,-1.0,2026-09-07T14:00:00+00:00,154.344,2,0.1351724137931905,0.5423742896555043,8.573793103447995,3.186206896551345,0.9199999999996362,0.0800000000003638,0.3475862068965403,new_york,0.1821086261981422,0.2022299956274595,RANGE_CONTRACTION,m15_4h,15.0,LOSS
USDJPY,USDJPY,SHORT,2026-09-08T08:15:00+00:00,2026-09-08 08:15:00+00:00,153.893,154.0815107142857,153.125,152.888,2026-09-08 08:30:00+00:00,154.0815107142857,STOP,-1.0,2026-09-08T04:00:00+00:00,153.926,5,0.6897723411485471,0.8967550118926307,4.780835881753364,3.65341488277274,0.2066115702479892,0.7933884297520107,0.1569826707440793,london,1.140957446808426,1.958005249343832,RANGE_EXPANSION,m15_4h,15.0,LOSS
USDJPY,USDJPY,LONG,2026-09-09T05:30:00+00:00,2026-09-09 05:30:00+00:00,153.367,153.2887964285714,153.69850000000002,153.972,2026-09-09 05:45:00+00:00,153.2887964285714,STOP,-1.0,2026-09-09T00:00:00+00:00,153.326,4,0.2498560736903189,0.630310880829153,4.876223373632861,2.6718480138172067,0.6082474226803338,0.3917525773196662,0.3304548071387203,other,0.9803921568627626,1.1798727588201272,TRANSITION,m15_4h,15.0,LOSS
USDJPY,USDJPY,SHORT,2026-09-10T17:45:00+00:00,2026-09-10 17:45:00+00:00,154.256,154.3493214285714,153.9285,153.658,2026-09-10 18:00:00+00:00,154.3493214285714,STOP,-1.0,2026-09-10T12:00:00+00:00,154.31,4,0.2610169491524425,0.7381355932202339,4.729943502825011,2.590395480226132,0.6785714285712594,0.3214285714287406,0.4271186440678171,new_york,0.7619047619047669,0.7787175452399685,RANGE_CONTRACTION,m15_4h,15.0,LOSS
USDJPY,USDJPY,LONG,2026-09-11T11:45:00+00:00,2026-09-11 11:45:00+00:00,154.029,153.88857857142858,154.2135,154.414,2026-09-11 12:30:00+00:00,153.88857857142858,STOP,-1.0,2026-09-11T06:00:00+00:00,153.952,2,0.44382647385975,1.0933815350388232,2.9977753058953653,1.4365962180201306,0.8653846153845243,0.1346153846154757,0.5995550611790731,london,1.0762711864405543,1.0467603271126025,RANGE_EXPANSION,m15_4h,45.0,LOSS
USDJPY,USDJPY,SHORT,2026-09-15T07:00:00+00:00,2026-09-15 07:00:00+00:00,154.886,154.95815714285715,154.5845,154.402,2026-09-15 08:00:00+00:00,154.95815714285715,STOP,-1.0,2026-09-15T02:00:00+00:00,154.911,4,0.4072022160665007,0.6995844875347087,4.692520775623392,2.9231301939058825,0.2000000000000473,0.7999999999999526,0.2423822714682011,london,1.602836879432517,1.6188541243396992,RANGE_EXPANSION,m15_4h,60.0,LOSS
USDJPY,USDJPY,LONG,2026-09-18T17:15:00+00:00,2026-09-18 17:15:00+00:00,156.712,156.59156071428572,157.845,158.01,2026-09-21 01:15:00+00:00,156.59156071428572,STOP,-1.0,2026-09-18T12:00:00+00:00,156.68,2,0.3054837783519685,0.4841085271317165,5.217341372380133,4.554120011484386,0.741071428571261,0.2589285714287391,0.1286247487797161,new_york,1.3426791277258128,1.3782736997417926,RANGE_EXPANSION,m15_4h,3360.0,LOSS
USDJPY,USDJPY,SHORT,2026-09-22T03:15:00+00:00,2026-09-22 03:15:00+00:00,157.466,157.527575,157.34,157.24,2026-09-22 04:00:00+00:00,157.527575,STOP,-1.0,2026-09-21T22:00:00+00:00,157.502,2,0.3076923076921941,0.8611888111888989,3.1608391608392226,1.7622377622378709,0.5781249999997154,0.4218750000002845,0.5034965034965344,other,1.258620689655523,1.5464015151515151,RANGE_EXPANSION,m15_4h,45.0,LOSS
USDJPY,USDJPY,SHORT,2026-09-23T12:15:00+00:00,2026-09-23 12:15:00+00:00,157.937,157.96415874000002,157.73950000000002,157.622,2026-09-23 12:30:00+00:00,157.96415874000002,STOP,-1.0,2026-09-23T08:00:00+00:00,157.946,2,0.2573529411767323,0.4659587745098942,5.404411764706015,3.388480392156814,0.4090909090910852,0.5909090909089147,0.1544117647056493,overlap,1.0442477876105791,1.0113065326633166,TRANSITION,m15_4h,15.0,LOSS
