condition,side,n,wins,losses,win_rate_pct,total_r,avg_r,pf,max_dd_r
body>=0.5 & stop>=0.75,ALL,35,21,14,60.0,9.824008,0.280686,1.701715,4.254601
body>=0.5 & stop>=0.75,LONG,18,8,10,44.44,0.52648,0.029249,1.052648,4.0
body>=0.5 & stop>=0.75,SHORT,17,13,4,76.47,9.297527,0.546913,3.324382,2.0
body>=0.5 & stop>=0.75 & reentry>=0.2,ALL,26,15,11,57.69,7.297837,0.280686,1.66344,4.254601
body>=0.5 & stop>=0.75 & reentry>=0.2,LONG,11,4,7,36.36,0.646071,0.058734,1.092296,3.260308
body>=0.5 & stop>=0.75 & reentry>=0.2,SHORT,15,11,4,73.33,6.651766,0.443451,2.662941,2.673504
body>=0.5 & stop>=0.75 & sweep>=0.4,ALL,26,16,10,61.54,1.621075,0.062349,1.162108,3.75933
body>=0.5 & stop>=0.75 & sweep>=0.4,LONG,14,6,8,42.86,-4.379899,-0.31285,0.452513,3.606955
body>=0.5 & stop>=0.75 & sweep>=0.4,SHORT,12,10,2,83.33,6.000974,0.500081,4.000487,1.0
body>=0.5 & stop>=0.75 & eq<=2,ALL,22,16,6,72.73,3.32795,0.15127,1.554658,3.0
body>=0.5 & stop>=0.75 & eq<=2,LONG,12,7,5,58.33,-0.87517,-0.072931,0.824966,3.606955
body>=0.5 & stop>=0.75 & eq<=2,SHORT,10,9,1,90.0,4.20312,0.420312,5.20312,1.0
