instrument,symbol,side,signal_time,entry_time,entry,stop,equilibrium,target,exit_time,exit_price,exit_reason,r_multiple,htf_purge_time,liquidity_level,candles_between,source_file
AUDUSD,AUDUSD,LONG,2026-09-14T23:55:00+00:00,2026-09-14T23:55:00+00:00,0.71375,0.7136057250000001,0.7142299999999999,0.71465,2026-09-15T00:00:00+00:00,0.7136057250000001,STOP,-1.0,2026-09-14T20:00:00+00:00,0.7137,3,AUDUSD_m5_14d.json
AUDUSD,AUDUSD,SHORT,2026-09-16T16:40:00+00:00,2026-09-16T16:40:00+00:00,0.71321,0.7133142642,0.7129099999999999,0.71253,2026-09-16T17:55:00+00:00,0.71321,BREAKEVEN,1.43865296046069,2026-09-16T14:00:00+00:00,0.71327,5,AUDUSD_m5_14d.json
AUDUSD,AUDUSD,SHORT,2026-09-17T00:45:00+00:00,2026-09-17T00:45:00+00:00,0.70913,0.7095141826,0.708735,0.7083,2026-09-17T01:05:00+00:00,0.70913,BREAKEVEN,0.5140784616482974,2026-09-16T22:00:00+00:00,0.70928,6,AUDUSD_m5_14d.json
AUDUSD,AUDUSD,SHORT,2026-09-21T07:55:00+00:00,2026-09-21T07:55:00+00:00,0.71264,0.7128642528,0.712375,0.71208,2026-09-21T08:00:00+00:00,0.7128642528,STOP,-1.0,2026-09-21T04:00:00+00:00,0.71274,2,AUDUSD_m5_14d.json
AUDUSD,AUDUSD,SHORT,2026-09-22T05:10:00+00:00,2026-09-22T05:10:00+00:00,0.71214,0.7122742428,0.71116,0.70983,2026-09-22T05:20:00+00:00,0.7122742428,STOP,-1.0,2026-09-22T02:00:00+00:00,0.71218,5,AUDUSD_m5_14d.json
AUDUSD,AUDUSD,LONG,2026-09-22T11:35:00+00:00,2026-09-22T11:35:00+00:00,0.7112,0.710985776,0.7112050000000001,0.71223,2026-09-22T11:45:00+00:00,0.7112,BREAKEVEN,0.01167002763469968,2026-09-22T08:00:00+00:00,0.7111,2,AUDUSD_m5_14d.json
AUDUSD,AUDUSD,SHORT,2026-09-23T21:05:00+00:00,2026-09-23T21:05:00+00:00,0.70384,0.7042640768,0.70339,0.70257,2026-09-24T01:30:00+00:00,0.70384,BREAKEVEN,0.5305642751502263,2026-09-23T18:00:00+00:00,0.704,3,AUDUSD_m5_14d.json
EURUSD,EURUSD,SHORT,2026-09-14T15:45:00+00:00,2026-09-14T15:45:00+00:00,1.15459,1.1550230918,1.15434,1.1537,2026-09-14T16:05:00+00:00,1.1550230918,STOP,-1.0,2026-09-14T12:00:00+00:00,1.1548,6,EURUSD_m5_14d.json
EURUSD,EURUSD,LONG,2026-09-14T23:55:00+00:00,2026-09-14T23:55:00+00:00,1.15478,1.1546869043999999,1.1553049999999998,1.15593,2026-09-15T00:00:00+00:00,1.1546869043999999,STOP,-1.0,2026-09-14T20:00:00+00:00,1.15477,3,EURUSD_m5_14d.json
EURUSD,EURUSD,LONG,2026-09-15T05:10:00+00:00,2026-09-15T05:10:00+00:00,1.15366,1.1534969268000002,1.15427,1.15483,2026-09-15T05:15:00+00:00,1.1534969268000002,STOP,-1.0,2026-09-15T02:00:00+00:00,1.15359,5,EURUSD_m5_14d.json
EURUSD,EURUSD,SHORT,2026-09-16T16:45:00+00:00,2026-09-16T16:45:00+00:00,1.15365,1.153713073,1.153335,1.15279,2026-09-16T17:55:00+00:00,1.15365,BREAKEVEN,2.497106527358931,2026-09-16T14:00:00+00:00,1.15366,6,EURUSD_m5_14d.json
EURUSD,EURUSD,LONG,2026-09-17T05:35:00+00:00,2026-09-17T05:35:00+00:00,1.14644,1.1463270712,1.146525,1.14731,2026-09-17T05:45:00+00:00,1.14644,BREAKEVEN,0.37634332429007994,2026-09-17T02:00:00+00:00,1.14639,2,EURUSD_m5_14d.json
EURUSD,EURUSD,SHORT,2026-09-17T21:45:00+00:00,2026-09-17T21:45:00+00:00,1.14767,1.1477429534,1.147665,1.14738,2026-09-17T21:55:00+00:00,1.14767,BREAKEVEN,0.034268450819453164,2026-09-17T18:00:00+00:00,1.14771,5,EURUSD_m5_14d.json
EURUSD,EURUSD,SHORT,2026-09-18T07:05:00+00:00,2026-09-18T07:05:00+00:00,1.14841,1.1485929682,1.14827,1.14766,2026-09-18T07:40:00+00:00,1.14841,BREAKEVEN,0.3825801423415916,2026-09-18T04:00:00+00:00,1.14843,2,EURUSD_m5_14d.json
EURUSD,EURUSD,LONG,2026-09-18T15:05:00+00:00,2026-09-18T15:05:00+00:00,1.14616,1.1458270768,1.147135,1.14854,2026-09-18T19:10:00+00:00,1.14854,TARGET,5.038699616007174,2026-09-18T12:00:00+00:00,1.14608,2,EURUSD_m5_14d.json
EURUSD,EURUSD,SHORT,2026-09-21T09:40:00+00:00,2026-09-21T09:40:00+00:00,1.14782,1.1480029564,1.147475,1.14719,2026-09-21T09:55:00+00:00,1.1480029564,STOP,-1.0,2026-09-21T06:00:00+00:00,1.1479,2,EURUSD_m5_14d.json
EURUSD,EURUSD,SHORT,2026-09-24T07:10:00+00:00,2026-09-24T07:10:00+00:00,1.13868,1.1391127736,1.13774,1.13688,2026-09-24T07:25:00+00:00,1.1391127736,STOP,-1.0,2026-09-24T04:00:00+00:00,1.13883,4,EURUSD_m5_14d.json
EURUSD,EURUSD,SHORT,2026-09-24T23:40:00+00:00,2026-09-24T23:40:00+00:00,1.13769,1.1378527537999998,1.13689,1.13594,2026-09-25T01:00:00+00:00,1.1378527537999998,STOP,-1.0,2026-09-24T20:00:00+00:00,1.13773,2,EURUSD_m5_14d.json
GBPUSD,GBPUSD,LONG,2026-09-14T07:45:00+00:00,2026-09-14T07:45:00+00:00,1.34926,1.3489530148,1.3511250000000001,1.35196,2026-09-14T07:50:00+00:00,1.3489530148,STOP,-1.0,2026-09-14T04:00:00+00:00,1.34922,2,GBPUSD_m5_14d.json
GBPUSD,GBPUSD,LONG,2026-09-16T19:00:00+00:00,2026-09-16T19:00:00+00:00,1.33887,1.3379816785714285,1.3453849999999998,1.34631,2026-09-16T19:10:00+00:00,1.3379816785714285,STOP,-1.0,2026-09-16T16:00:00+00:00,1.33839,3,GBPUSD_m5_14d.json
GBPUSD,GBPUSD,SHORT,2026-09-17T23:25:00+00:00,2026-09-17T23:25:00+00:00,1.33588,1.3359967176,1.3353899999999999,1.33487,2026-09-18T00:05:00+00:00,1.3359967176,STOP,-1.0,2026-09-17T20:00:00+00:00,1.33596,3,GBPUSD_m5_14d.json
GBPUSD,GBPUSD,SHORT,2026-09-22T02:45:00+00:00,2026-09-22T02:45:00+00:00,1.33739,1.3375767478,1.3367900000000001,1.3365,2026-09-22T03:00:00+00:00,1.3375767478,STOP,-1.0,2026-09-22T00:00:00+00:00,1.33743,2,GBPUSD_m5_14d.json
GBPUSD,GBPUSD,LONG,2026-09-23T19:20:00+00:00,2026-09-23T19:20:00+00:00,1.32416,1.3237935168,1.32581,1.32686,2026-09-23T20:55:00+00:00,1.3237935168,STOP,-1.0,2026-09-23T16:00:00+00:00,1.32413,3,GBPUSD_m5_14d.json
GBPUSD,GBPUSD,SHORT,2026-09-23T21:50:00+00:00,2026-09-23T21:50:00+00:00,1.32425,1.324476485,1.32385,1.32233,2026-09-23T22:05:00+00:00,1.32425,BREAKEVEN,0.8830606883457152,2026-09-23T18:00:00+00:00,1.32439,2,GBPUSD_m5_14d.json
GBPUSD,GBPUSD,SHORT,2026-09-25T06:50:00+00:00,2026-09-25T06:50:00+00:00,1.32255,1.322816451,1.321455,1.32102,2026-09-25T06:55:00+00:00,1.322816451,STOP,-1.0,2026-09-25T04:00:00+00:00,1.32258,6,GBPUSD_m5_14d.json
NZDUSD,NZDUSD,LONG,2026-09-15T15:50:00+00:00,2026-09-15T15:50:00+00:00,0.57553,0.5754265,0.576515,0.57696,2026-09-15T21:15:00+00:00,0.57553,BREAKEVEN,4.75845410627869,2026-09-15T12:00:00+00:00,0.5755,2,NZDUSD_m5_14d.json
NZDUSD,NZDUSD,SHORT,2026-09-16T10:45:00+00:00,2026-09-16T10:45:00+00:00,0.57584,0.5759515168,0.5754649999999999,0.57505,2026-09-16T10:55:00+00:00,0.5759515168,STOP,-1.0,2026-09-16T08:00:00+00:00,0.57585,5,NZDUSD_m5_14d.json
NZDUSD,NZDUSD,LONG,2026-09-16T15:35:00+00:00,2026-09-16T15:35:00+00:00,0.576,0.5758684799999999,0.5760350000000001,0.57655,2026-09-16T15:45:00+00:00,0.576,BREAKEVEN,0.13305961070599354,2026-09-16T12:00:00+00:00,0.57595,4,NZDUSD_m5_14d.json
NZDUSD,NZDUSD,LONG,2026-09-16T19:00:00+00:00,2026-09-16T19:00:00+00:00,0.57219,0.5711381071428572,0.575985,0.57639,2026-09-16T19:10:00+00:00,0.5711381071428572,STOP,-1.0,2026-09-16T16:00:00+00:00,0.57161,3,NZDUSD_m5_14d.json
NZDUSD,NZDUSD,SHORT,2026-09-17T13:20:00+00:00,2026-09-17T13:20:00+00:00,0.57403,0.5743456428571428,0.573205,0.57255,2026-09-17T14:00:00+00:00,0.5743456428571428,STOP,-1.0,2026-09-17T10:00:00+00:00,0.57413,5,NZDUSD_m5_14d.json
NZDUSD,NZDUSD,LONG,2026-09-23T19:55:00+00:00,2026-09-23T19:55:00+00:00,0.56746,0.5673786507999999,0.56762,0.56841,2026-09-23T20:20:00+00:00,0.5673786507999999,STOP,-1.0,2026-09-23T16:00:00+00:00,0.56743,2,NZDUSD_m5_14d.json
NZDUSD,NZDUSD,SHORT,2026-09-24T01:35:00+00:00,2026-09-24T01:35:00+00:00,0.56776,0.5686247142857143,0.567275,0.56686,2026-09-24T03:00:00+00:00,0.56776,BREAKEVEN,0.28043945151170857,2026-09-23T22:00:00+00:00,0.56797,4,NZDUSD_m5_14d.json
NZDUSD,NZDUSD,SHORT,2026-09-24T03:35:00+00:00,2026-09-24T03:35:00+00:00,0.56754,0.5677434285714286,0.56748,0.56711,2026-09-24T03:45:00+00:00,0.56754,BREAKEVEN,0.14747191011254351,2026-09-24T00:00:00+00:00,0.56766,4,NZDUSD_m5_14d.json
NZDUSD,NZDUSD,LONG,2026-09-24T21:10:00+00:00,2026-09-24T21:10:00+00:00,0.56617,0.5658486766,0.56656,0.56751,2026-09-24T21:35:00+00:00,0.5658486766,STOP,-1.0,2026-09-24T18:00:00+00:00,0.56606,2,NZDUSD_m5_14d.json
NZDUSD,NZDUSD,SHORT,2026-09-24T23:05:00+00:00,2026-09-24T23:05:00+00:00,0.56604,0.5662613208,0.565595,0.56502,2026-09-25T00:05:00+00:00,0.56604,BREAKEVEN,1.0053280125500117,2026-09-24T20:00:00+00:00,0.56613,3,NZDUSD_m5_14d.json
NZDUSD,NZDUSD,LONG,2026-09-25T00:40:00+00:00,2026-09-25T00:40:00+00:00,0.56595,0.565788681,0.5660149999999999,0.56651,2026-09-25T01:05:00+00:00,0.56651,TARGET,1.9371555737396973,2026-09-24T22:00:00+00:00,0.56588,2,NZDUSD_m5_14d.json
NZDUSD,NZDUSD,LONG,2026-09-25T15:50:00+00:00,2026-09-25T15:50:00+00:00,0.56585,0.5655355357142857,0.567,0.56756,2026-09-25T16:05:00+00:00,0.56756,TARGET,4.5474162407728445,2026-09-25T12:00:00+00:00,0.56565,4,NZDUSD_m5_14d.json
USDCAD,USDCAD,SHORT,2026-09-16T19:00:00+00:00,2026-09-16T19:00:00+00:00,1.39856,1.39943175,1.39349,1.39293,2026-09-16T19:20:00+00:00,1.39943175,STOP,-1.0,2026-09-16T16:00:00+00:00,1.39894,3,USDCAD_m5_14d.json
USDCAD,USDCAD,SHORT,2026-09-17T19:20:00+00:00,2026-09-17T19:20:00+00:00,1.39909,1.3992079818,1.39852,1.39738,2026-09-17T20:55:00+00:00,1.3992079818,STOP,-1.0,2026-09-17T16:00:00+00:00,1.3991,4,USDCAD_m5_14d.json
USDCAD,USDCAD,LONG,2026-09-21T00:40:00+00:00,2026-09-21T00:40:00+00:00,1.39919,1.3990320162,1.3991950000000002,1.39965,2026-09-21T01:00:00+00:00,1.39965,TARGET,1.4716698800787091,2026-09-20T22:00:00+00:00,1.39918,2,USDCAD_m5_14d.json
USDCAD,USDCAD,SHORT,2026-09-24T11:05:00+00:00,2026-09-24T11:05:00+00:00,1.41169,1.4119282337999999,1.410435,1.40988,2026-09-24T12:15:00+00:00,1.4119282337999999,STOP,-1.0,2026-09-24T08:00:00+00:00,1.41177,2,USDCAD_m5_14d.json
USDCAD,USDCAD,LONG,2026-09-25T13:10:00+00:00,2026-09-25T13:10:00+00:00,1.41424,1.4134517152000001,1.41452,1.41503,2026-09-25T13:30:00+00:00,1.41424,BREAKEVEN,0.17760078590892728,2026-09-25T10:00:00+00:00,1.41387,2,USDCAD_m5_14d.json
USDCAD,USDCAD,SHORT,2026-09-25T15:20:00+00:00,2026-09-25T15:20:00+00:00,1.41407,1.4142582814000002,1.413975,1.41333,2026-09-25T15:35:00+00:00,1.41407,BREAKEVEN,0.25228195668775905,2026-09-25T12:00:00+00:00,1.41417,4,USDCAD_m5_14d.json
USDCAD,USDCAD,SHORT,2026-09-25T17:30:00+00:00,2026-09-25T17:30:00+00:00,1.41519,1.4153483037999999,1.4142000000000001,1.41348,2026-09-25T17:35:00+00:00,1.4153483037999999,STOP,-1.0,2026-09-25T14:00:00+00:00,1.41521,2,USDCAD_m5_14d.json
USDCHF,USDCHF,SHORT,2026-09-14T06:55:00+00:00,2026-09-14T06:55:00+00:00,0.81889,0.8190163777999999,0.81773,0.81712,2026-09-14T07:00:00+00:00,0.8190163777999999,STOP,-1.0,2026-09-14T04:00:00+00:00,0.81891,2,USDCHF_m5_14d.json
USDCHF,USDCHF,SHORT,2026-09-14T23:55:00+00:00,2026-09-14T23:55:00+00:00,0.81729,0.8173963458,0.8167249999999999,0.81602,2026-09-15T00:00:00+00:00,0.8173963458,STOP,-1.0,2026-09-14T20:00:00+00:00,0.81732,2,USDCHF_m5_14d.json
USDCHF,USDCHF,LONG,2026-09-16T15:10:00+00:00,2026-09-16T15:10:00+00:00,0.81859,0.8182336282,0.818865,0.81948,2026-09-16T17:55:00+00:00,0.81859,BREAKEVEN,0.3858329980092266,2026-09-16T12:00:00+00:00,0.81856,5,USDCHF_m5_14d.json
USDCHF,USDCHF,SHORT,2026-09-21T03:45:00+00:00,2026-09-21T03:45:00+00:00,0.82291,0.8230064582,0.8221750000000001,0.82164,2026-09-21T03:50:00+00:00,0.8230064582,STOP,-1.0,2026-09-21T00:00:00+00:00,0.82292,2,USDCHF_m5_14d.json
USDCHF,USDCHF,LONG,2026-09-21T15:00:00+00:00,2026-09-21T15:00:00+00:00,0.821,0.8207783571428571,0.821795,0.82279,2026-09-21T15:05:00+00:00,0.8207783571428571,STOP,-1.0,2026-09-21T12:00:00+00:00,0.82095,3,USDCHF_m5_14d.json
USDCHF,USDCHF,LONG,2026-09-21T23:50:00+00:00,2026-09-21T23:50:00+00:00,0.82097,0.8208535806,0.821175,0.82163,2026-09-22T00:00:00+00:00,0.8208535806,STOP,-1.0,2026-09-21T20:00:00+00:00,0.82095,2,USDCHF_m5_14d.json
USDCHF,USDCHF,SHORT,2026-09-22T18:55:00+00:00,2026-09-22T18:55:00+00:00,0.82119,0.8212864237999999,0.82101,0.82001,2026-09-22T19:00:00+00:00,0.8212864237999999,STOP,-1.0,2026-09-22T16:00:00+00:00,0.82125,2,USDCHF_m5_14d.json
USDCHF,USDCHF,SHORT,2026-09-23T19:40:00+00:00,2026-09-23T19:40:00+00:00,0.82469,0.8247664938,0.824525,0.82371,2026-09-23T20:10:00+00:00,0.82469,BREAKEVEN,1.0785187819153654,2026-09-23T16:00:00+00:00,0.82472,3,USDCHF_m5_14d.json
USDCHF,USDCHF,SHORT,2026-09-24T11:20:00+00:00,2026-09-24T11:20:00+00:00,0.8271,0.8273696428571429,0.8254049999999999,0.82289,2026-09-24T11:30:00+00:00,0.8273696428571429,STOP,-1.0,2026-09-24T08:00:00+00:00,0.82724,6,USDCHF_m5_14d.json
USDCHF,USDCHF,LONG,2026-09-24T19:25:00+00:00,2026-09-24T19:25:00+00:00,0.8283,0.828193434,0.828465,0.82965,2026-09-24T19:30:00+00:00,0.828193434,STOP,-1.0,2026-09-24T16:00:00+00:00,0.82826,2,USDCHF_m5_14d.json
USDCHF,USDCHF,LONG,2026-09-25T13:10:00+00:00,2026-09-25T13:10:00+00:00,0.82833,0.8279415,0.82904,0.8298,2026-09-25T13:30:00+00:00,0.82833,BREAKEVEN,0.9137709137708663,2026-09-25T10:00:00+00:00,0.82821,2,USDCHF_m5_14d.json
USDJPY,USDJPY,SHORT,2026-09-15T07:25:00+00:00,2026-09-15T07:25:00+00:00,154.876,154.9461,154.7595,154.628,2026-09-15T08:00:00+00:00,154.9461,STOP,-1.0,2026-09-15T04:00:00+00:00,154.893,2,USDJPY_m5_14d.json
USDJPY,USDJPY,SHORT,2026-09-15T09:25:00+00:00,2026-09-15T09:25:00+00:00,155.001,155.06165,154.769,154.626,2026-09-15T12:05:00+00:00,155.001,BREAKEVEN,1.9126133553179816,2026-09-15T06:00:00+00:00,155.022,3,USDJPY_m5_14d.json
USDJPY,USDJPY,SHORT,2026-09-15T17:10:00+00:00,2026-09-15T17:10:00+00:00,155.089,155.12810178,154.9995,154.834,2026-09-15T17:15:00+00:00,155.12810178,STOP,-1.0,2026-09-15T14:00:00+00:00,155.113,4,USDJPY_m5_14d.json
USDJPY,USDJPY,SHORT,2026-09-15T18:40:00+00:00,2026-09-15T18:40:00+00:00,155.133,155.16310266,155.03,154.893,2026-09-15T21:20:00+00:00,155.133,BREAKEVEN,1.710812267089801,2026-09-15T16:00:00+00:00,155.158,3,USDJPY_m5_14d.json
USDJPY,USDJPY,LONG,2026-09-17T03:40:00+00:00,2026-09-17T03:40:00+00:00,156.097,156.04887806,156.16649999999998,156.315,2026-09-17T04:30:00+00:00,156.04887806,STOP,-1.0,2026-09-17T00:00:00+00:00,156.083,5,USDJPY_m5_14d.json
USDJPY,USDJPY,LONG,2026-09-17T08:55:00+00:00,2026-09-17T08:55:00+00:00,155.764,155.733625,155.89499999999998,156.134,2026-09-17T09:05:00+00:00,155.733625,STOP,-1.0,2026-09-17T06:00:00+00:00,155.762,3,USDJPY_m5_14d.json
USDJPY,USDJPY,LONG,2026-09-18T15:35:00+00:00,2026-09-18T15:35:00+00:00,156.931,156.8347892857143,157.845,158.01,2026-09-18T15:40:00+00:00,156.8347892857143,STOP,-1.0,2026-09-18T12:00:00+00:00,156.872,2,USDJPY_m5_14d.json
USDJPY,USDJPY,LONG,2026-09-22T20:40:00+00:00,2026-09-22T20:40:00+00:00,157.38,157.3488524,157.481,157.602,2026-09-22T21:00:00+00:00,157.3488524,STOP,-1.0,2026-09-22T18:00:00+00:00,157.373,2,USDJPY_m5_14d.json
USDJPY,USDJPY,LONG,2026-09-25T01:15:00+00:00,2026-09-25T01:15:00+00:00,158.657,158.60882686,158.8595,158.947,2026-09-25T01:55:00+00:00,158.60882686,STOP,-1.0,2026-09-24T22:00:00+00:00,158.645,3,USDJPY_m5_14d.json
